--
-- PostgreSQL database dump
--

SET statement_timeout = 0;
SET lock_timeout = 0;
SET client_encoding = 'UTF8';
SET standard_conforming_strings = on;
SET check_function_bodies = false;
SET client_min_messages = warning;

--
-- Name: plpgsql; Type: EXTENSION; Schema: -; Owner: 
--

CREATE EXTENSION IF NOT EXISTS plpgsql WITH SCHEMA pg_catalog;


--
-- Name: EXTENSION plpgsql; Type: COMMENT; Schema: -; Owner: 
--

COMMENT ON EXTENSION plpgsql IS 'PL/pgSQL procedural language';


--
-- Name: postgis; Type: EXTENSION; Schema: -; Owner: 
--

CREATE EXTENSION IF NOT EXISTS postgis WITH SCHEMA public;


--
-- Name: EXTENSION postgis; Type: COMMENT; Schema: -; Owner: 
--

COMMENT ON EXTENSION postgis IS 'PostGIS geometry, geography, and raster spatial types and functions';


SET search_path = public, pg_catalog;

SET default_tablespace = '';

SET default_with_oids = false;

--
-- Name: auth_group; Type: TABLE; Schema: public; Owner: whitechapel_geodjango; Tablespace: 
--

CREATE TABLE auth_group (
    id integer NOT NULL,
    name character varying(80) NOT NULL
);


ALTER TABLE public.auth_group OWNER TO whitechapel_geodjango;

--
-- Name: auth_group_id_seq; Type: SEQUENCE; Schema: public; Owner: whitechapel_geodjango
--

CREATE SEQUENCE auth_group_id_seq
    START WITH 1
    INCREMENT BY 1
    NO MINVALUE
    NO MAXVALUE
    CACHE 1;


ALTER TABLE public.auth_group_id_seq OWNER TO whitechapel_geodjango;

--
-- Name: auth_group_id_seq; Type: SEQUENCE OWNED BY; Schema: public; Owner: whitechapel_geodjango
--

ALTER SEQUENCE auth_group_id_seq OWNED BY auth_group.id;


--
-- Name: auth_group_permissions; Type: TABLE; Schema: public; Owner: whitechapel_geodjango; Tablespace: 
--

CREATE TABLE auth_group_permissions (
    id integer NOT NULL,
    group_id integer NOT NULL,
    permission_id integer NOT NULL
);


ALTER TABLE public.auth_group_permissions OWNER TO whitechapel_geodjango;

--
-- Name: auth_group_permissions_id_seq; Type: SEQUENCE; Schema: public; Owner: whitechapel_geodjango
--

CREATE SEQUENCE auth_group_permissions_id_seq
    START WITH 1
    INCREMENT BY 1
    NO MINVALUE
    NO MAXVALUE
    CACHE 1;


ALTER TABLE public.auth_group_permissions_id_seq OWNER TO whitechapel_geodjango;

--
-- Name: auth_group_permissions_id_seq; Type: SEQUENCE OWNED BY; Schema: public; Owner: whitechapel_geodjango
--

ALTER SEQUENCE auth_group_permissions_id_seq OWNED BY auth_group_permissions.id;


--
-- Name: auth_permission; Type: TABLE; Schema: public; Owner: whitechapel_geodjango; Tablespace: 
--

CREATE TABLE auth_permission (
    id integer NOT NULL,
    name character varying(255) NOT NULL,
    content_type_id integer NOT NULL,
    codename character varying(100) NOT NULL
);


ALTER TABLE public.auth_permission OWNER TO whitechapel_geodjango;

--
-- Name: auth_permission_id_seq; Type: SEQUENCE; Schema: public; Owner: whitechapel_geodjango
--

CREATE SEQUENCE auth_permission_id_seq
    START WITH 1
    INCREMENT BY 1
    NO MINVALUE
    NO MAXVALUE
    CACHE 1;


ALTER TABLE public.auth_permission_id_seq OWNER TO whitechapel_geodjango;

--
-- Name: auth_permission_id_seq; Type: SEQUENCE OWNED BY; Schema: public; Owner: whitechapel_geodjango
--

ALTER SEQUENCE auth_permission_id_seq OWNED BY auth_permission.id;


--
-- Name: auth_user; Type: TABLE; Schema: public; Owner: whitechapel_geodjango; Tablespace: 
--

CREATE TABLE auth_user (
    id integer NOT NULL,
    password character varying(128) NOT NULL,
    last_login timestamp with time zone,
    is_superuser boolean NOT NULL,
    username character varying(30) NOT NULL,
    first_name character varying(30) NOT NULL,
    last_name character varying(30) NOT NULL,
    email character varying(254) NOT NULL,
    is_staff boolean NOT NULL,
    is_active boolean NOT NULL,
    date_joined timestamp with time zone NOT NULL
);


ALTER TABLE public.auth_user OWNER TO whitechapel_geodjango;

--
-- Name: auth_user_groups; Type: TABLE; Schema: public; Owner: whitechapel_geodjango; Tablespace: 
--

CREATE TABLE auth_user_groups (
    id integer NOT NULL,
    user_id integer NOT NULL,
    group_id integer NOT NULL
);


ALTER TABLE public.auth_user_groups OWNER TO whitechapel_geodjango;

--
-- Name: auth_user_groups_id_seq; Type: SEQUENCE; Schema: public; Owner: whitechapel_geodjango
--

CREATE SEQUENCE auth_user_groups_id_seq
    START WITH 1
    INCREMENT BY 1
    NO MINVALUE
    NO MAXVALUE
    CACHE 1;


ALTER TABLE public.auth_user_groups_id_seq OWNER TO whitechapel_geodjango;

--
-- Name: auth_user_groups_id_seq; Type: SEQUENCE OWNED BY; Schema: public; Owner: whitechapel_geodjango
--

ALTER SEQUENCE auth_user_groups_id_seq OWNED BY auth_user_groups.id;


--
-- Name: auth_user_id_seq; Type: SEQUENCE; Schema: public; Owner: whitechapel_geodjango
--

CREATE SEQUENCE auth_user_id_seq
    START WITH 1
    INCREMENT BY 1
    NO MINVALUE
    NO MAXVALUE
    CACHE 1;


ALTER TABLE public.auth_user_id_seq OWNER TO whitechapel_geodjango;

--
-- Name: auth_user_id_seq; Type: SEQUENCE OWNED BY; Schema: public; Owner: whitechapel_geodjango
--

ALTER SEQUENCE auth_user_id_seq OWNED BY auth_user.id;


--
-- Name: auth_user_user_permissions; Type: TABLE; Schema: public; Owner: whitechapel_geodjango; Tablespace: 
--

CREATE TABLE auth_user_user_permissions (
    id integer NOT NULL,
    user_id integer NOT NULL,
    permission_id integer NOT NULL
);


ALTER TABLE public.auth_user_user_permissions OWNER TO whitechapel_geodjango;

--
-- Name: auth_user_user_permissions_id_seq; Type: SEQUENCE; Schema: public; Owner: whitechapel_geodjango
--

CREATE SEQUENCE auth_user_user_permissions_id_seq
    START WITH 1
    INCREMENT BY 1
    NO MINVALUE
    NO MAXVALUE
    CACHE 1;


ALTER TABLE public.auth_user_user_permissions_id_seq OWNER TO whitechapel_geodjango;

--
-- Name: auth_user_user_permissions_id_seq; Type: SEQUENCE OWNED BY; Schema: public; Owner: whitechapel_geodjango
--

ALTER SEQUENCE auth_user_user_permissions_id_seq OWNED BY auth_user_user_permissions.id;


--
-- Name: django_admin_log; Type: TABLE; Schema: public; Owner: whitechapel_geodjango; Tablespace: 
--

CREATE TABLE django_admin_log (
    id integer NOT NULL,
    action_time timestamp with time zone NOT NULL,
    object_id text,
    object_repr character varying(200) NOT NULL,
    action_flag smallint NOT NULL,
    change_message text NOT NULL,
    content_type_id integer,
    user_id integer NOT NULL,
    CONSTRAINT django_admin_log_action_flag_check CHECK ((action_flag >= 0))
);


ALTER TABLE public.django_admin_log OWNER TO whitechapel_geodjango;

--
-- Name: django_admin_log_id_seq; Type: SEQUENCE; Schema: public; Owner: whitechapel_geodjango
--

CREATE SEQUENCE django_admin_log_id_seq
    START WITH 1
    INCREMENT BY 1
    NO MINVALUE
    NO MAXVALUE
    CACHE 1;


ALTER TABLE public.django_admin_log_id_seq OWNER TO whitechapel_geodjango;

--
-- Name: django_admin_log_id_seq; Type: SEQUENCE OWNED BY; Schema: public; Owner: whitechapel_geodjango
--

ALTER SEQUENCE django_admin_log_id_seq OWNED BY django_admin_log.id;


--
-- Name: django_content_type; Type: TABLE; Schema: public; Owner: whitechapel_geodjango; Tablespace: 
--

CREATE TABLE django_content_type (
    id integer NOT NULL,
    app_label character varying(100) NOT NULL,
    model character varying(100) NOT NULL
);


ALTER TABLE public.django_content_type OWNER TO whitechapel_geodjango;

--
-- Name: django_content_type_id_seq; Type: SEQUENCE; Schema: public; Owner: whitechapel_geodjango
--

CREATE SEQUENCE django_content_type_id_seq
    START WITH 1
    INCREMENT BY 1
    NO MINVALUE
    NO MAXVALUE
    CACHE 1;


ALTER TABLE public.django_content_type_id_seq OWNER TO whitechapel_geodjango;

--
-- Name: django_content_type_id_seq; Type: SEQUENCE OWNED BY; Schema: public; Owner: whitechapel_geodjango
--

ALTER SEQUENCE django_content_type_id_seq OWNED BY django_content_type.id;


--
-- Name: django_migrations; Type: TABLE; Schema: public; Owner: whitechapel_geodjango; Tablespace: 
--

CREATE TABLE django_migrations (
    id integer NOT NULL,
    app character varying(255) NOT NULL,
    name character varying(255) NOT NULL,
    applied timestamp with time zone NOT NULL
);


ALTER TABLE public.django_migrations OWNER TO whitechapel_geodjango;

--
-- Name: django_migrations_id_seq; Type: SEQUENCE; Schema: public; Owner: whitechapel_geodjango
--

CREATE SEQUENCE django_migrations_id_seq
    START WITH 1
    INCREMENT BY 1
    NO MINVALUE
    NO MAXVALUE
    CACHE 1;


ALTER TABLE public.django_migrations_id_seq OWNER TO whitechapel_geodjango;

--
-- Name: django_migrations_id_seq; Type: SEQUENCE OWNED BY; Schema: public; Owner: whitechapel_geodjango
--

ALTER SEQUENCE django_migrations_id_seq OWNED BY django_migrations.id;


--
-- Name: django_session; Type: TABLE; Schema: public; Owner: whitechapel_geodjango; Tablespace: 
--

CREATE TABLE django_session (
    session_key character varying(40) NOT NULL,
    session_data text NOT NULL,
    expire_date timestamp with time zone NOT NULL
);


ALTER TABLE public.django_session OWNER TO whitechapel_geodjango;

--
-- Name: easy_thumbnails_source; Type: TABLE; Schema: public; Owner: whitechapel_geodjango; Tablespace: 
--

CREATE TABLE easy_thumbnails_source (
    id integer NOT NULL,
    storage_hash character varying(40) NOT NULL,
    name character varying(255) NOT NULL,
    modified timestamp with time zone NOT NULL
);


ALTER TABLE public.easy_thumbnails_source OWNER TO whitechapel_geodjango;

--
-- Name: easy_thumbnails_source_id_seq; Type: SEQUENCE; Schema: public; Owner: whitechapel_geodjango
--

CREATE SEQUENCE easy_thumbnails_source_id_seq
    START WITH 1
    INCREMENT BY 1
    NO MINVALUE
    NO MAXVALUE
    CACHE 1;


ALTER TABLE public.easy_thumbnails_source_id_seq OWNER TO whitechapel_geodjango;

--
-- Name: easy_thumbnails_source_id_seq; Type: SEQUENCE OWNED BY; Schema: public; Owner: whitechapel_geodjango
--

ALTER SEQUENCE easy_thumbnails_source_id_seq OWNED BY easy_thumbnails_source.id;


--
-- Name: easy_thumbnails_thumbnail; Type: TABLE; Schema: public; Owner: whitechapel_geodjango; Tablespace: 
--

CREATE TABLE easy_thumbnails_thumbnail (
    id integer NOT NULL,
    storage_hash character varying(40) NOT NULL,
    name character varying(255) NOT NULL,
    modified timestamp with time zone NOT NULL,
    source_id integer NOT NULL
);


ALTER TABLE public.easy_thumbnails_thumbnail OWNER TO whitechapel_geodjango;

--
-- Name: easy_thumbnails_thumbnail_id_seq; Type: SEQUENCE; Schema: public; Owner: whitechapel_geodjango
--

CREATE SEQUENCE easy_thumbnails_thumbnail_id_seq
    START WITH 1
    INCREMENT BY 1
    NO MINVALUE
    NO MAXVALUE
    CACHE 1;


ALTER TABLE public.easy_thumbnails_thumbnail_id_seq OWNER TO whitechapel_geodjango;

--
-- Name: easy_thumbnails_thumbnail_id_seq; Type: SEQUENCE OWNED BY; Schema: public; Owner: whitechapel_geodjango
--

ALTER SEQUENCE easy_thumbnails_thumbnail_id_seq OWNED BY easy_thumbnails_thumbnail.id;


--
-- Name: easy_thumbnails_thumbnaildimensions; Type: TABLE; Schema: public; Owner: whitechapel_geodjango; Tablespace: 
--

CREATE TABLE easy_thumbnails_thumbnaildimensions (
    id integer NOT NULL,
    thumbnail_id integer NOT NULL,
    width integer,
    height integer,
    CONSTRAINT easy_thumbnails_thumbnaildimensions_height_check CHECK ((height >= 0)),
    CONSTRAINT easy_thumbnails_thumbnaildimensions_width_check CHECK ((width >= 0))
);


ALTER TABLE public.easy_thumbnails_thumbnaildimensions OWNER TO whitechapel_geodjango;

--
-- Name: easy_thumbnails_thumbnaildimensions_id_seq; Type: SEQUENCE; Schema: public; Owner: whitechapel_geodjango
--

CREATE SEQUENCE easy_thumbnails_thumbnaildimensions_id_seq
    START WITH 1
    INCREMENT BY 1
    NO MINVALUE
    NO MAXVALUE
    CACHE 1;


ALTER TABLE public.easy_thumbnails_thumbnaildimensions_id_seq OWNER TO whitechapel_geodjango;

--
-- Name: easy_thumbnails_thumbnaildimensions_id_seq; Type: SEQUENCE OWNED BY; Schema: public; Owner: whitechapel_geodjango
--

ALTER SEQUENCE easy_thumbnails_thumbnaildimensions_id_seq OWNED BY easy_thumbnails_thumbnaildimensions.id;


--
-- Name: map_category; Type: TABLE; Schema: public; Owner: whitechapel_geodjango; Tablespace: 
--

CREATE TABLE map_category (
    id integer NOT NULL,
    name character varying(128) NOT NULL,
    description character varying(140),
    thumbnail character varying(100)
);


ALTER TABLE public.map_category OWNER TO whitechapel_geodjango;

--
-- Name: map_category_id_seq; Type: SEQUENCE; Schema: public; Owner: whitechapel_geodjango
--

CREATE SEQUENCE map_category_id_seq
    START WITH 1
    INCREMENT BY 1
    NO MINVALUE
    NO MAXVALUE
    CACHE 1;


ALTER TABLE public.map_category_id_seq OWNER TO whitechapel_geodjango;

--
-- Name: map_category_id_seq; Type: SEQUENCE OWNED BY; Schema: public; Owner: whitechapel_geodjango
--

ALTER SEQUENCE map_category_id_seq OWNED BY map_category.id;


--
-- Name: map_document; Type: TABLE; Schema: public; Owner: whitechapel_geodjango; Tablespace: 
--

CREATE TABLE map_document (
    id integer NOT NULL,
    title character varying(128) NOT NULL,
    feature_id integer NOT NULL,
    body text NOT NULL,
    end_year smallint,
    start_year smallint,
    "order" smallint NOT NULL,
    document_type_id integer,
    author_id integer NOT NULL,
    published boolean NOT NULL,
    pending boolean NOT NULL,
    last_edited date,
    body_processed text,
    anonymise boolean NOT NULL,
    CONSTRAINT map_document_end_year_check CHECK ((end_year >= 0)),
    CONSTRAINT map_document_order_check CHECK (("order" >= 0)),
    CONSTRAINT map_document_start_year_check CHECK ((start_year >= 0))
);


ALTER TABLE public.map_document OWNER TO whitechapel_geodjango;

--
-- Name: map_document_id_seq; Type: SEQUENCE; Schema: public; Owner: whitechapel_geodjango
--

CREATE SEQUENCE map_document_id_seq
    START WITH 1
    INCREMENT BY 1
    NO MINVALUE
    NO MAXVALUE
    CACHE 1;


ALTER TABLE public.map_document_id_seq OWNER TO whitechapel_geodjango;

--
-- Name: map_document_id_seq; Type: SEQUENCE OWNED BY; Schema: public; Owner: whitechapel_geodjango
--

ALTER SEQUENCE map_document_id_seq OWNED BY map_document.id;


--
-- Name: map_documenttype; Type: TABLE; Schema: public; Owner: whitechapel_geodjango; Tablespace: 
--

CREATE TABLE map_documenttype (
    id integer NOT NULL,
    name character varying(64) NOT NULL
);


ALTER TABLE public.map_documenttype OWNER TO whitechapel_geodjango;

--
-- Name: map_documenttype_id_seq; Type: SEQUENCE; Schema: public; Owner: whitechapel_geodjango
--

CREATE SEQUENCE map_documenttype_id_seq
    START WITH 1
    INCREMENT BY 1
    NO MINVALUE
    NO MAXVALUE
    CACHE 1;


ALTER TABLE public.map_documenttype_id_seq OWNER TO whitechapel_geodjango;

--
-- Name: map_documenttype_id_seq; Type: SEQUENCE OWNED BY; Schema: public; Owner: whitechapel_geodjango
--

ALTER SEQUENCE map_documenttype_id_seq OWNED BY map_documenttype.id;


--
-- Name: map_feature; Type: TABLE; Schema: public; Owner: whitechapel_geodjango; Tablespace: 
--

CREATE TABLE map_feature (
    id smallint NOT NULL,
    geom geometry(MultiPolygon,4326) NOT NULL,
    address character varying(100) NOT NULL,
    postcode character varying(8) NOT NULL,
    count smallint NOT NULL,
    thumbnail character varying(100),
    street character varying(100),
    b_number smallint,
    banner character varying(100),
    architect character varying(100),
    b_name character varying(100),
    b_type character varying(100),
    builders character varying(100),
    f_date smallint,
    materials character varying(100),
    original smallint,
    rebuild_1 smallint,
    rebuild_2 smallint,
    storeys smallint,
    c_area character varying(8),
    listed character varying(8),
    basement character varying(8),
    type character varying(100),
    CONSTRAINT map_feature_b_number_207a8681ae9c216f_check CHECK ((b_number >= 0)),
    CONSTRAINT map_feature_count_check CHECK ((count >= 0)),
    CONSTRAINT map_feature_f_date_check CHECK ((f_date >= 0)),
    CONSTRAINT map_feature_id_2e7c3175395d8bae_check CHECK ((id >= 0)),
    CONSTRAINT map_feature_original_check CHECK ((original >= 0)),
    CONSTRAINT map_feature_rebuild_1_check CHECK ((rebuild_1 >= 0)),
    CONSTRAINT map_feature_rebuild_2_check CHECK ((rebuild_2 >= 0)),
    CONSTRAINT map_feature_storeys_check CHECK ((storeys >= 0))
);


ALTER TABLE public.map_feature OWNER TO whitechapel_geodjango;

--
-- Name: map_feature_categories; Type: TABLE; Schema: public; Owner: whitechapel_geodjango; Tablespace: 
--

CREATE TABLE map_feature_categories (
    id integer NOT NULL,
    feature_id integer NOT NULL,
    category_id integer NOT NULL
);


ALTER TABLE public.map_feature_categories OWNER TO whitechapel_geodjango;

--
-- Name: map_feature_categories_id_seq; Type: SEQUENCE; Schema: public; Owner: whitechapel_geodjango
--

CREATE SEQUENCE map_feature_categories_id_seq
    START WITH 1
    INCREMENT BY 1
    NO MINVALUE
    NO MAXVALUE
    CACHE 1;


ALTER TABLE public.map_feature_categories_id_seq OWNER TO whitechapel_geodjango;

--
-- Name: map_feature_categories_id_seq; Type: SEQUENCE OWNED BY; Schema: public; Owner: whitechapel_geodjango
--

ALTER SEQUENCE map_feature_categories_id_seq OWNED BY map_feature_categories.id;


--
-- Name: map_feature_id_seq; Type: SEQUENCE; Schema: public; Owner: whitechapel_geodjango
--

CREATE SEQUENCE map_feature_id_seq
    START WITH 1
    INCREMENT BY 1
    NO MINVALUE
    NO MAXVALUE
    CACHE 1;


ALTER TABLE public.map_feature_id_seq OWNER TO whitechapel_geodjango;

--
-- Name: map_feature_id_seq; Type: SEQUENCE OWNED BY; Schema: public; Owner: whitechapel_geodjango
--

ALTER SEQUENCE map_feature_id_seq OWNED BY map_feature.id;


--
-- Name: map_image; Type: TABLE; Schema: public; Owner: whitechapel_geodjango; Tablespace: 
--

CREATE TABLE map_image (
    id integer NOT NULL,
    title character varying(128) NOT NULL,
    file character varying(100),
    author_id integer NOT NULL,
    feature_id integer NOT NULL,
    pending boolean NOT NULL,
    published boolean NOT NULL,
    description text,
    last_edited date
);


ALTER TABLE public.map_image OWNER TO whitechapel_geodjango;

--
-- Name: map_image_id_seq; Type: SEQUENCE; Schema: public; Owner: whitechapel_geodjango
--

CREATE SEQUENCE map_image_id_seq
    START WITH 1
    INCREMENT BY 1
    NO MINVALUE
    NO MAXVALUE
    CACHE 1;


ALTER TABLE public.map_image_id_seq OWNER TO whitechapel_geodjango;

--
-- Name: map_image_id_seq; Type: SEQUENCE OWNED BY; Schema: public; Owner: whitechapel_geodjango
--

ALTER SEQUENCE map_image_id_seq OWNED BY map_image.id;


--
-- Name: map_media; Type: TABLE; Schema: public; Owner: whitechapel_geodjango; Tablespace: 
--

CREATE TABLE map_media (
    id integer NOT NULL,
    title character varying(128) NOT NULL,
    description text,
    url character varying(200) NOT NULL,
    published boolean NOT NULL,
    pending boolean NOT NULL,
    author_id integer NOT NULL,
    feature_id integer NOT NULL,
    last_edited date
);


ALTER TABLE public.map_media OWNER TO whitechapel_geodjango;

--
-- Name: map_media_id_seq; Type: SEQUENCE; Schema: public; Owner: whitechapel_geodjango
--

CREATE SEQUENCE map_media_id_seq
    START WITH 1
    INCREMENT BY 1
    NO MINVALUE
    NO MAXVALUE
    CACHE 1;


ALTER TABLE public.map_media_id_seq OWNER TO whitechapel_geodjango;

--
-- Name: map_media_id_seq; Type: SEQUENCE OWNED BY; Schema: public; Owner: whitechapel_geodjango
--

ALTER SEQUENCE map_media_id_seq OWNED BY map_media.id;


--
-- Name: map_userprofile; Type: TABLE; Schema: public; Owner: whitechapel_geodjango; Tablespace: 
--

CREATE TABLE map_userprofile (
    id integer NOT NULL,
    display_name character varying(100),
    user_id integer NOT NULL
);


ALTER TABLE public.map_userprofile OWNER TO whitechapel_geodjango;

--
-- Name: map_userprofile_id_seq; Type: SEQUENCE; Schema: public; Owner: whitechapel_geodjango
--

CREATE SEQUENCE map_userprofile_id_seq
    START WITH 1
    INCREMENT BY 1
    NO MINVALUE
    NO MAXVALUE
    CACHE 1;


ALTER TABLE public.map_userprofile_id_seq OWNER TO whitechapel_geodjango;

--
-- Name: map_userprofile_id_seq; Type: SEQUENCE OWNED BY; Schema: public; Owner: whitechapel_geodjango
--

ALTER SEQUENCE map_userprofile_id_seq OWNED BY map_userprofile.id;


--
-- Name: taggit_tag; Type: TABLE; Schema: public; Owner: whitechapel_geodjango; Tablespace: 
--

CREATE TABLE taggit_tag (
    id integer NOT NULL,
    name character varying(100) NOT NULL,
    slug character varying(100) NOT NULL
);


ALTER TABLE public.taggit_tag OWNER TO whitechapel_geodjango;

--
-- Name: taggit_tag_id_seq; Type: SEQUENCE; Schema: public; Owner: whitechapel_geodjango
--

CREATE SEQUENCE taggit_tag_id_seq
    START WITH 1
    INCREMENT BY 1
    NO MINVALUE
    NO MAXVALUE
    CACHE 1;


ALTER TABLE public.taggit_tag_id_seq OWNER TO whitechapel_geodjango;

--
-- Name: taggit_tag_id_seq; Type: SEQUENCE OWNED BY; Schema: public; Owner: whitechapel_geodjango
--

ALTER SEQUENCE taggit_tag_id_seq OWNED BY taggit_tag.id;


--
-- Name: taggit_taggeditem; Type: TABLE; Schema: public; Owner: whitechapel_geodjango; Tablespace: 
--

CREATE TABLE taggit_taggeditem (
    id integer NOT NULL,
    object_id integer NOT NULL,
    content_type_id integer NOT NULL,
    tag_id integer NOT NULL
);


ALTER TABLE public.taggit_taggeditem OWNER TO whitechapel_geodjango;

--
-- Name: taggit_taggeditem_id_seq; Type: SEQUENCE; Schema: public; Owner: whitechapel_geodjango
--

CREATE SEQUENCE taggit_taggeditem_id_seq
    START WITH 1
    INCREMENT BY 1
    NO MINVALUE
    NO MAXVALUE
    CACHE 1;


ALTER TABLE public.taggit_taggeditem_id_seq OWNER TO whitechapel_geodjango;

--
-- Name: taggit_taggeditem_id_seq; Type: SEQUENCE OWNED BY; Schema: public; Owner: whitechapel_geodjango
--

ALTER SEQUENCE taggit_taggeditem_id_seq OWNED BY taggit_taggeditem.id;


--
-- Name: whitechapel_pages_page; Type: TABLE; Schema: public; Owner: whitechapel_geodjango; Tablespace: 
--

CREATE TABLE whitechapel_pages_page (
    id integer NOT NULL,
    title character varying(140) NOT NULL,
    body text,
    is_front_page boolean NOT NULL,
    banner_image character varying(100)
);


ALTER TABLE public.whitechapel_pages_page OWNER TO whitechapel_geodjango;

--
-- Name: whitechapel_pages_page_documents; Type: TABLE; Schema: public; Owner: whitechapel_geodjango; Tablespace: 
--

CREATE TABLE whitechapel_pages_page_documents (
    id integer NOT NULL,
    page_id integer NOT NULL,
    document_id integer NOT NULL
);


ALTER TABLE public.whitechapel_pages_page_documents OWNER TO whitechapel_geodjango;

--
-- Name: whitechapel_pages_page_documents_id_seq; Type: SEQUENCE; Schema: public; Owner: whitechapel_geodjango
--

CREATE SEQUENCE whitechapel_pages_page_documents_id_seq
    START WITH 1
    INCREMENT BY 1
    NO MINVALUE
    NO MAXVALUE
    CACHE 1;


ALTER TABLE public.whitechapel_pages_page_documents_id_seq OWNER TO whitechapel_geodjango;

--
-- Name: whitechapel_pages_page_documents_id_seq; Type: SEQUENCE OWNED BY; Schema: public; Owner: whitechapel_geodjango
--

ALTER SEQUENCE whitechapel_pages_page_documents_id_seq OWNED BY whitechapel_pages_page_documents.id;


--
-- Name: whitechapel_pages_page_features; Type: TABLE; Schema: public; Owner: whitechapel_geodjango; Tablespace: 
--

CREATE TABLE whitechapel_pages_page_features (
    id integer NOT NULL,
    page_id integer NOT NULL,
    feature_id integer NOT NULL
);


ALTER TABLE public.whitechapel_pages_page_features OWNER TO whitechapel_geodjango;

--
-- Name: whitechapel_pages_page_features_id_seq; Type: SEQUENCE; Schema: public; Owner: whitechapel_geodjango
--

CREATE SEQUENCE whitechapel_pages_page_features_id_seq
    START WITH 1
    INCREMENT BY 1
    NO MINVALUE
    NO MAXVALUE
    CACHE 1;


ALTER TABLE public.whitechapel_pages_page_features_id_seq OWNER TO whitechapel_geodjango;

--
-- Name: whitechapel_pages_page_features_id_seq; Type: SEQUENCE OWNED BY; Schema: public; Owner: whitechapel_geodjango
--

ALTER SEQUENCE whitechapel_pages_page_features_id_seq OWNED BY whitechapel_pages_page_features.id;


--
-- Name: whitechapel_pages_page_id_seq; Type: SEQUENCE; Schema: public; Owner: whitechapel_geodjango
--

CREATE SEQUENCE whitechapel_pages_page_id_seq
    START WITH 1
    INCREMENT BY 1
    NO MINVALUE
    NO MAXVALUE
    CACHE 1;


ALTER TABLE public.whitechapel_pages_page_id_seq OWNER TO whitechapel_geodjango;

--
-- Name: whitechapel_pages_page_id_seq; Type: SEQUENCE OWNED BY; Schema: public; Owner: whitechapel_geodjango
--

ALTER SEQUENCE whitechapel_pages_page_id_seq OWNED BY whitechapel_pages_page.id;


--
-- Name: whitechapel_pages_page_images; Type: TABLE; Schema: public; Owner: whitechapel_geodjango; Tablespace: 
--

CREATE TABLE whitechapel_pages_page_images (
    id integer NOT NULL,
    page_id integer NOT NULL,
    image_id integer NOT NULL
);


ALTER TABLE public.whitechapel_pages_page_images OWNER TO whitechapel_geodjango;

--
-- Name: whitechapel_pages_page_images_id_seq; Type: SEQUENCE; Schema: public; Owner: whitechapel_geodjango
--

CREATE SEQUENCE whitechapel_pages_page_images_id_seq
    START WITH 1
    INCREMENT BY 1
    NO MINVALUE
    NO MAXVALUE
    CACHE 1;


ALTER TABLE public.whitechapel_pages_page_images_id_seq OWNER TO whitechapel_geodjango;

--
-- Name: whitechapel_pages_page_images_id_seq; Type: SEQUENCE OWNED BY; Schema: public; Owner: whitechapel_geodjango
--

ALTER SEQUENCE whitechapel_pages_page_images_id_seq OWNED BY whitechapel_pages_page_images.id;


--
-- Name: whitechapel_pages_page_media; Type: TABLE; Schema: public; Owner: whitechapel_geodjango; Tablespace: 
--

CREATE TABLE whitechapel_pages_page_media (
    id integer NOT NULL,
    page_id integer NOT NULL,
    media_id integer NOT NULL
);


ALTER TABLE public.whitechapel_pages_page_media OWNER TO whitechapel_geodjango;

--
-- Name: whitechapel_pages_page_media_id_seq; Type: SEQUENCE; Schema: public; Owner: whitechapel_geodjango
--

CREATE SEQUENCE whitechapel_pages_page_media_id_seq
    START WITH 1
    INCREMENT BY 1
    NO MINVALUE
    NO MAXVALUE
    CACHE 1;


ALTER TABLE public.whitechapel_pages_page_media_id_seq OWNER TO whitechapel_geodjango;

--
-- Name: whitechapel_pages_page_media_id_seq; Type: SEQUENCE OWNED BY; Schema: public; Owner: whitechapel_geodjango
--

ALTER SEQUENCE whitechapel_pages_page_media_id_seq OWNED BY whitechapel_pages_page_media.id;


--
-- Name: id; Type: DEFAULT; Schema: public; Owner: whitechapel_geodjango
--

ALTER TABLE ONLY auth_group ALTER COLUMN id SET DEFAULT nextval('auth_group_id_seq'::regclass);


--
-- Name: id; Type: DEFAULT; Schema: public; Owner: whitechapel_geodjango
--

ALTER TABLE ONLY auth_group_permissions ALTER COLUMN id SET DEFAULT nextval('auth_group_permissions_id_seq'::regclass);


--
-- Name: id; Type: DEFAULT; Schema: public; Owner: whitechapel_geodjango
--

ALTER TABLE ONLY auth_permission ALTER COLUMN id SET DEFAULT nextval('auth_permission_id_seq'::regclass);


--
-- Name: id; Type: DEFAULT; Schema: public; Owner: whitechapel_geodjango
--

ALTER TABLE ONLY auth_user ALTER COLUMN id SET DEFAULT nextval('auth_user_id_seq'::regclass);


--
-- Name: id; Type: DEFAULT; Schema: public; Owner: whitechapel_geodjango
--

ALTER TABLE ONLY auth_user_groups ALTER COLUMN id SET DEFAULT nextval('auth_user_groups_id_seq'::regclass);


--
-- Name: id; Type: DEFAULT; Schema: public; Owner: whitechapel_geodjango
--

ALTER TABLE ONLY auth_user_user_permissions ALTER COLUMN id SET DEFAULT nextval('auth_user_user_permissions_id_seq'::regclass);


--
-- Name: id; Type: DEFAULT; Schema: public; Owner: whitechapel_geodjango
--

ALTER TABLE ONLY django_admin_log ALTER COLUMN id SET DEFAULT nextval('django_admin_log_id_seq'::regclass);


--
-- Name: id; Type: DEFAULT; Schema: public; Owner: whitechapel_geodjango
--

ALTER TABLE ONLY django_content_type ALTER COLUMN id SET DEFAULT nextval('django_content_type_id_seq'::regclass);


--
-- Name: id; Type: DEFAULT; Schema: public; Owner: whitechapel_geodjango
--

ALTER TABLE ONLY django_migrations ALTER COLUMN id SET DEFAULT nextval('django_migrations_id_seq'::regclass);


--
-- Name: id; Type: DEFAULT; Schema: public; Owner: whitechapel_geodjango
--

ALTER TABLE ONLY easy_thumbnails_source ALTER COLUMN id SET DEFAULT nextval('easy_thumbnails_source_id_seq'::regclass);


--
-- Name: id; Type: DEFAULT; Schema: public; Owner: whitechapel_geodjango
--

ALTER TABLE ONLY easy_thumbnails_thumbnail ALTER COLUMN id SET DEFAULT nextval('easy_thumbnails_thumbnail_id_seq'::regclass);


--
-- Name: id; Type: DEFAULT; Schema: public; Owner: whitechapel_geodjango
--

ALTER TABLE ONLY easy_thumbnails_thumbnaildimensions ALTER COLUMN id SET DEFAULT nextval('easy_thumbnails_thumbnaildimensions_id_seq'::regclass);


--
-- Name: id; Type: DEFAULT; Schema: public; Owner: whitechapel_geodjango
--

ALTER TABLE ONLY map_category ALTER COLUMN id SET DEFAULT nextval('map_category_id_seq'::regclass);


--
-- Name: id; Type: DEFAULT; Schema: public; Owner: whitechapel_geodjango
--

ALTER TABLE ONLY map_document ALTER COLUMN id SET DEFAULT nextval('map_document_id_seq'::regclass);


--
-- Name: id; Type: DEFAULT; Schema: public; Owner: whitechapel_geodjango
--

ALTER TABLE ONLY map_documenttype ALTER COLUMN id SET DEFAULT nextval('map_documenttype_id_seq'::regclass);


--
-- Name: id; Type: DEFAULT; Schema: public; Owner: whitechapel_geodjango
--

ALTER TABLE ONLY map_feature ALTER COLUMN id SET DEFAULT nextval('map_feature_id_seq'::regclass);


--
-- Name: id; Type: DEFAULT; Schema: public; Owner: whitechapel_geodjango
--

ALTER TABLE ONLY map_feature_categories ALTER COLUMN id SET DEFAULT nextval('map_feature_categories_id_seq'::regclass);


--
-- Name: id; Type: DEFAULT; Schema: public; Owner: whitechapel_geodjango
--

ALTER TABLE ONLY map_image ALTER COLUMN id SET DEFAULT nextval('map_image_id_seq'::regclass);


--
-- Name: id; Type: DEFAULT; Schema: public; Owner: whitechapel_geodjango
--

ALTER TABLE ONLY map_media ALTER COLUMN id SET DEFAULT nextval('map_media_id_seq'::regclass);


--
-- Name: id; Type: DEFAULT; Schema: public; Owner: whitechapel_geodjango
--

ALTER TABLE ONLY map_userprofile ALTER COLUMN id SET DEFAULT nextval('map_userprofile_id_seq'::regclass);


--
-- Name: id; Type: DEFAULT; Schema: public; Owner: whitechapel_geodjango
--

ALTER TABLE ONLY taggit_tag ALTER COLUMN id SET DEFAULT nextval('taggit_tag_id_seq'::regclass);


--
-- Name: id; Type: DEFAULT; Schema: public; Owner: whitechapel_geodjango
--

ALTER TABLE ONLY taggit_taggeditem ALTER COLUMN id SET DEFAULT nextval('taggit_taggeditem_id_seq'::regclass);


--
-- Name: id; Type: DEFAULT; Schema: public; Owner: whitechapel_geodjango
--

ALTER TABLE ONLY whitechapel_pages_page ALTER COLUMN id SET DEFAULT nextval('whitechapel_pages_page_id_seq'::regclass);


--
-- Name: id; Type: DEFAULT; Schema: public; Owner: whitechapel_geodjango
--

ALTER TABLE ONLY whitechapel_pages_page_documents ALTER COLUMN id SET DEFAULT nextval('whitechapel_pages_page_documents_id_seq'::regclass);


--
-- Name: id; Type: DEFAULT; Schema: public; Owner: whitechapel_geodjango
--

ALTER TABLE ONLY whitechapel_pages_page_features ALTER COLUMN id SET DEFAULT nextval('whitechapel_pages_page_features_id_seq'::regclass);


--
-- Name: id; Type: DEFAULT; Schema: public; Owner: whitechapel_geodjango
--

ALTER TABLE ONLY whitechapel_pages_page_images ALTER COLUMN id SET DEFAULT nextval('whitechapel_pages_page_images_id_seq'::regclass);


--
-- Name: id; Type: DEFAULT; Schema: public; Owner: whitechapel_geodjango
--

ALTER TABLE ONLY whitechapel_pages_page_media ALTER COLUMN id SET DEFAULT nextval('whitechapel_pages_page_media_id_seq'::regclass);


--
-- Data for Name: auth_group; Type: TABLE DATA; Schema: public; Owner: whitechapel_geodjango
--

COPY auth_group (id, name) FROM stdin;
\.


--
-- Name: auth_group_id_seq; Type: SEQUENCE SET; Schema: public; Owner: whitechapel_geodjango
--

SELECT pg_catalog.setval('auth_group_id_seq', 1, false);


--
-- Data for Name: auth_group_permissions; Type: TABLE DATA; Schema: public; Owner: whitechapel_geodjango
--

COPY auth_group_permissions (id, group_id, permission_id) FROM stdin;
\.


--
-- Name: auth_group_permissions_id_seq; Type: SEQUENCE SET; Schema: public; Owner: whitechapel_geodjango
--

SELECT pg_catalog.setval('auth_group_permissions_id_seq', 1, false);


--
-- Data for Name: auth_permission; Type: TABLE DATA; Schema: public; Owner: whitechapel_geodjango
--

COPY auth_permission (id, name, content_type_id, codename) FROM stdin;
1	Can add log entry	1	add_logentry
2	Can change log entry	1	change_logentry
3	Can delete log entry	1	delete_logentry
4	Can add permission	2	add_permission
5	Can change permission	2	change_permission
6	Can delete permission	2	delete_permission
7	Can add group	3	add_group
8	Can change group	3	change_group
9	Can delete group	3	delete_group
10	Can add user	4	add_user
11	Can change user	4	change_user
12	Can delete user	4	delete_user
13	Can add content type	5	add_contenttype
14	Can change content type	5	change_contenttype
15	Can delete content type	5	delete_contenttype
16	Can add session	6	add_session
17	Can change session	6	change_session
18	Can delete session	6	delete_session
19	Can add category	7	add_category
20	Can change category	7	change_category
21	Can delete category	7	delete_category
22	Can add feature	8	add_feature
23	Can change feature	8	change_feature
24	Can delete feature	8	delete_feature
25	Can add document type	9	add_documenttype
26	Can change document type	9	change_documenttype
27	Can delete document type	9	delete_documenttype
28	Can add document	10	add_document
29	Can change document	10	change_document
30	Can delete document	10	delete_document
34	Can add page	12	add_page
35	Can change page	12	change_page
36	Can delete page	12	delete_page
37	Can add Tag	13	add_tag
38	Can change Tag	13	change_tag
39	Can delete Tag	13	delete_tag
40	Can add Tagged Item	14	add_taggeditem
41	Can change Tagged Item	14	change_taggeditem
42	Can delete Tagged Item	14	delete_taggeditem
43	Can add user profile	15	add_userprofile
44	Can change user profile	15	change_userprofile
45	Can delete user profile	15	delete_userprofile
46	Can add image	16	add_image
47	Can change image	16	change_image
48	Can delete image	16	delete_image
49	Can add source	17	add_source
50	Can change source	17	change_source
51	Can delete source	17	delete_source
52	Can add thumbnail	18	add_thumbnail
53	Can change thumbnail	18	change_thumbnail
54	Can delete thumbnail	18	delete_thumbnail
55	Can add thumbnail dimensions	19	add_thumbnaildimensions
56	Can change thumbnail dimensions	19	change_thumbnaildimensions
57	Can delete thumbnail dimensions	19	delete_thumbnaildimensions
58	Can add media	20	add_media
59	Can change media	20	change_media
60	Can delete media	20	delete_media
\.


--
-- Name: auth_permission_id_seq; Type: SEQUENCE SET; Schema: public; Owner: whitechapel_geodjango
--

SELECT pg_catalog.setval('auth_permission_id_seq', 60, true);


--
-- Data for Name: auth_user; Type: TABLE DATA; Schema: public; Owner: whitechapel_geodjango
--

COPY auth_user (id, password, last_login, is_superuser, username, first_name, last_name, email, is_staff, is_active, date_joined) FROM stdin;
2	pbkdf2_sha256$20000$U5HwCqrftOB8$dc0EDtn2yBv/aefkR4hsEHOgTmrX7e+TPTDEI8pllOs=	\N	f	sholomit				f	t	2016-04-07 13:10:16+01
1	pbkdf2_sha256$20000$v9sPBBl5nqkF$oVjgUfQHaeHzhlUmWornNhbNqo3lzOstkCdowbQufM4=	2016-04-19 09:39:53.134513+01	t	duncan			hay.duncan@gmail.com	t	t	2016-04-04 11:27:04+01
3	pbkdf2_sha256$20000$1jFSTCU6waMH$ZaokcnXLDToLhzG/rvFADbE1eq7IhhqG5tpkQQZat70=	\N	f	surveyoflondon				f	t	2016-04-20 11:24:30.265809+01
\.


--
-- Data for Name: auth_user_groups; Type: TABLE DATA; Schema: public; Owner: whitechapel_geodjango
--

COPY auth_user_groups (id, user_id, group_id) FROM stdin;
\.


--
-- Name: auth_user_groups_id_seq; Type: SEQUENCE SET; Schema: public; Owner: whitechapel_geodjango
--

SELECT pg_catalog.setval('auth_user_groups_id_seq', 1, false);


--
-- Name: auth_user_id_seq; Type: SEQUENCE SET; Schema: public; Owner: whitechapel_geodjango
--

SELECT pg_catalog.setval('auth_user_id_seq', 3, true);


--
-- Data for Name: auth_user_user_permissions; Type: TABLE DATA; Schema: public; Owner: whitechapel_geodjango
--

COPY auth_user_user_permissions (id, user_id, permission_id) FROM stdin;
\.


--
-- Name: auth_user_user_permissions_id_seq; Type: SEQUENCE SET; Schema: public; Owner: whitechapel_geodjango
--

SELECT pg_catalog.setval('auth_user_user_permissions_id_seq', 1, false);


--
-- Data for Name: django_admin_log; Type: TABLE DATA; Schema: public; Owner: whitechapel_geodjango
--

COPY django_admin_log (id, action_time, object_id, object_repr, action_flag, change_message, content_type_id, user_id) FROM stdin;
1	2016-04-04 11:31:35.913056+01	1	Write the History of Whitechapel	1		12	1
2	2016-04-04 15:29:37.278209+01	425	East London Mosque	2	Changed count and tags.	8	1
3	2016-04-04 15:43:27.725323+01	148	Whitechapel Bell Foundry	2	Changed thumbnail and tags.	8	1
4	2016-04-04 15:46:27.936555+01	148	Whitechapel Bell Foundry	2	Changed tags. Added document "Whitechapel Bell Foundry | Historical Background". Added document "Whitechapel Bell Foundry | Site Description".	8	1
5	2016-04-04 16:09:52.782119+01	148	Whitechapel Bell Foundry	2	Changed thumbnail and tags.	8	1
6	2016-04-04 16:10:29.443792+01	425	East London Mosque	2	Changed thumbnail and tags.	8	1
7	2016-04-05 10:31:22.326331+01	148	Whitechapel Bell Foundry	2	Changed tags. Deleted document "Whitechapel Bell Foundry | Historical Background". Deleted document "Whitechapel Bell Foundry | Site Description".	8	1
8	2016-04-05 11:41:42.825929+01	552		2	Changed basement and tags.	8	1
9	2016-04-05 12:36:43.917387+01	26		2	Changed geom, basement, c_area, listed and tags.	8	1
10	2016-04-05 12:41:29.131487+01	1	Write the History of Whitechapel	2	Changed features.	12	1
11	2016-04-05 15:55:05.987376+01	396	Fieldgate Street Synagogue	2	Changed b_number, b_name, address, basement, c_area, listed and tags.	8	1
12	2016-04-05 16:02:03.909408+01	167		2	Changed geom, basement, c_area, listed and tags.	8	1
13	2016-04-05 16:02:44.959231+01	552		2	Changed b_number, c_area, listed and tags.	8	1
14	2016-04-05 16:03:28.924004+01	552	Madani Girls School	2	Changed b_name and tags.	8	1
15	2016-04-05 16:08:41.548617+01	433		2	Changed basement, c_area, listed, thumbnail and tags.	8	1
16	2016-04-05 16:09:09.713804+01	396	Fieldgate Street Synagogue	2	Changed thumbnail and tags.	8	1
17	2016-04-05 16:23:14.791962+01	156		2	Changed basement, c_area, listed, thumbnail and tags.	8	1
18	2016-04-05 16:27:29.415088+01	553	Altab Ali Park	1		8	1
19	2016-04-05 16:28:11.996603+01	553	Altab Ali Park	2	Changed original and tags.	8	1
20	2016-04-05 16:28:34.713197+01	553	Altab Ali Park	2	Changed thumbnail and tags.	8	1
21	2016-04-05 16:29:21.956702+01	553	Altab Ali Park	2	Changed geom and tags.	8	1
22	2016-04-05 16:32:27.272172+01	13	The Cass	2	Changed b_name, street, address, original, basement, c_area, listed, tags and banner.	8	1
23	2016-04-05 16:33:36.965336+01	13	The Cass	2	Changed tags.	8	1
24	2016-04-05 16:53:56.017268+01	13	The Cass	2	Changed thumbnail, tags and banner.	8	1
25	2016-04-07 10:39:38.429324+01	553	Altab Ali Park	2	Changed tags. Added document "Altab Ali Park | St Mary's Whitechapel".	8	1
26	2016-04-07 10:40:48.633665+01	1	History	1		9	1
27	2016-04-07 10:40:51.013384+01	553	Altab Ali Park	2	Changed tags. Changed document_type for document "Altab Ali Park | St Mary's Whitechapel".	8	1
28	2016-04-07 12:37:49.385318+01	553	Altab Ali Park	2	Changed tags. Changed body for document "Altab Ali Park | A title". Deleted document "Altab Ali Park | A title". Deleted document "Altab Ali Park | A title".	8	1
29	2016-04-07 12:38:01.841778+01	553	Altab Ali Park	2	Changed tags. Changed document_type for document "Altab Ali Park | A title".	8	1
30	2016-04-07 12:38:46.005693+01	553	Altab Ali Park	2	Changed tags. Changed title and body for document "Altab Ali Park | Altab Ali Park".	8	1
31	2016-04-07 12:48:38.269969+01	553	Altab Ali Park	2	Changed tags. Changed body for document "Altab Ali Park | St Mary's Whitechapel".	8	1
32	2016-04-07 13:06:03.769131+01	1	duncan	2	Added user profile "duncan".	4	1
33	2016-04-07 13:10:16.456956+01	2	sholomit	1		4	1
34	2016-04-07 13:11:06.755893+01	2	sholomit	2	No fields changed.	4	1
35	2016-04-07 13:13:41.811623+01	553	Altab Ali Park	2	Changed tags. Changed body for document "Altab Ali Park | St Mary's Whitechapel".	8	1
36	2016-04-07 14:27:53.242428+01	553	Altab Ali Park	2	Changed tags. Changed body for document "Altab Ali Park | Altab Ali Park".	8	1
37	2016-04-07 14:28:42.624718+01	553	Altab Ali Park	2	Changed tags. Changed body for document "Altab Ali Park | Altab Ali Park".	8	1
38	2016-04-07 15:07:29.170974+01	553	Altab Ali Park	2	Changed tags. Deleted document "Altab Ali Park | Test".	8	1
39	2016-04-07 15:20:42.123681+01	1	Write the History of Whitechapel	2	Changed features.	12	1
40	2016-04-07 15:21:43.21324+01	433	East London Mosque	2	Changed b_name and tags.	8	1
41	2016-04-07 15:22:31.896104+01	1	Write the History of Whitechapel	2	Changed features.	12	1
42	2016-04-07 15:23:07.065715+01	1	Write the History of Whitechapel	2	Changed features.	12	1
43	2016-04-07 15:23:25.469528+01	1	Write the History of Whitechapel	2	Changed features.	12	1
44	2016-04-07 15:23:46.465672+01	1	Write the History of Whitechapel	2	Changed features.	12	1
45	2016-04-07 15:24:11.0179+01	1	Write the History of Whitechapel	2	Changed features.	12	1
46	2016-04-07 15:24:54.014263+01	1	Write the History of Whitechapel	2	Changed features.	12	1
47	2016-04-07 15:25:17.189611+01	1	Write the History of Whitechapel	2	Changed features.	12	1
48	2016-04-07 15:50:55.544574+01	553	Altab Ali Park	2	Changed tags. Changed body and document_type for document "Altab Ali Park | More Stuff About Ali Altab Park".	8	1
49	2016-04-07 16:57:01.963223+01	553	Altab Ali Park	2	Changed tags. Deleted document "Altab Ali Park | More Stuff About Altab Ali Park". Deleted document "Altab Ali Park | More Stuff About Altab Ali Park". Deleted document "Altab Ali Park | More Stuff About Altab Ali Park Again".	8	1
50	2016-04-07 17:11:43.765519+01	553	Altab Ali Park	2	Changed tags. Deleted document "Altab Ali Park | More Stuff About Ali Altab Park". Deleted document "Altab Ali Park | Changed Title". Deleted document "Altab Ali Park | Another Document".	8	1
51	2016-04-11 15:59:23.929524+01	553	Altab Ali Park	2	Changed tags. Deleted document "Altab Ali Park | More Stuff About Altab Ali Park". Deleted document "Altab Ali Park | More Stuff About the Park". Deleted document "Altab Ali Park | More Stuff About the Park Again". Deleted document "Altab Ali Park | More Stuff About the Park Once More". Deleted document "Altab Ali Park | More Stuff About the Park Once More Again". Deleted document "Altab Ali Park | More Stuff About Park Park Parkety Park". Deleted document "Altab Ali Park | Another thing about the Park".	8	1
52	2016-04-11 16:00:18.521998+01	156	Whitechapel Bell Foundry	2	Changed b_name, original and tags.	8	1
53	2016-04-11 16:17:57.203705+01	156	Whitechapel Bell Foundry	2	Changed tags. Changed body for document "Whitechapel Bell Foundry | A History of Whitechapel Bell Foundry". Deleted document "Whitechapel Bell Foundry | More Information about the Foundry". Deleted document "Whitechapel Bell Foundry | More Information about the Foundry". Deleted document "Whitechapel Bell Foundry | More Information about the Foudy Fod".	8	1
54	2016-04-11 16:26:07.531967+01	156	Whitechapel Bell Foundry	2	Changed tags. Changed published for document "Whitechapel Bell Foundry | A History of Whitechapel Bell Foundry".	8	1
55	2016-04-11 16:41:58.405259+01	553	Altab Ali Park	2	Changed tags. Changed published for document "Altab Ali Park | St Mary's Whitechapel".	8	1
56	2016-04-12 11:45:38.720014+01	156	Whitechapel Bell Foundry	2	Changed tags. Changed document_type for document "Whitechapel Bell Foundry | A History of Whitechapel Bell Foundry".	8	1
57	2016-04-12 12:08:21.519405+01	553	Altab Ali Park	2	Changed tags. Changed body and published for document "Altab Ali Park | From Wikipedia: Altab Ali Park". Changed body for document "Altab Ali Park | More Park Info".	8	1
58	2016-04-12 14:27:00.071569+01	553	Altab Ali Park	2	Changed tags. Changed body for document "Altab Ali Park | St Mary's Whitechapel". Deleted document "Altab Ali Park | From Wikipedia: Altab Ali Park".	8	1
59	2016-04-14 12:55:23.142938+01	204		2	Changed basement, c_area, listed and tags. Changed body, body_processed and published for document "This is the title of the document.".	8	1
60	2016-04-14 12:55:58.211508+01	204	Kobi Nazrul Primary School	2	Changed b_name and tags. Changed body_processed for document "This is the title of the document.".	8	1
61	2016-04-14 12:56:52.350891+01	204	Kobi Nazrul Primary School	2	Changed tags. Changed body_processed and document_type for document "Kobi Nazrul Primary School | This is the title of the document.".	8	1
62	2016-04-14 13:01:24.324803+01	204	Kobi Nazrul Primary School	2	Changed tags. Changed body and body_processed for document "Kobi Nazrul Primary School | This is the title of the document.".	8	1
63	2016-04-14 13:02:44.155999+01	204	Kobi Nazrul Primary School	2	Changed tags. Changed body and body_processed for document "Kobi Nazrul Primary School | This is the title of the document.".	8	1
64	2016-04-14 13:03:03.715052+01	204	Kobi Nazrul Primary School	2	Changed tags. Changed body and body_processed for document "Kobi Nazrul Primary School | This is the title of the document.".	8	1
65	2016-04-14 13:04:20.160879+01	204	Kobi Nazrul Primary School	2	Changed tags. Changed body and body_processed for document "Kobi Nazrul Primary School | This is the title of the document.".	8	1
66	2016-04-14 14:05:42.220351+01	27	Tower House, 81 Fieldgate Street | Not Too Fond of Tower House	3		10	1
67	2016-04-14 14:05:42.25487+01	26	East London Mosque | A Memory of East London Mosque	3		10	1
68	2016-04-14 14:36:29.831281+01	28	Altab Ali Park | More Park Info	2	Changed body and body_processed.	10	1
69	2016-04-14 14:39:45.275556+01	28	Altab Ali Park | More Park Info	2	Changed body, body_processed, document_type, published and pending.	10	1
70	2016-04-14 14:41:32.363279+01	28	Altab Ali Park | More Park Info	2	Changed body and body_processed.	10	1
71	2016-04-14 14:54:45.866858+01	301	St George's German Lutheran Church	2	Changed b_name, address, original, basement, c_area, listed and tags. Changed body and body_processed for document "St George's German Lutheran Church | St George's Lutheran Church".	8	1
72	2016-04-14 14:58:59.528927+01	301	St George's German Lutheran Church	2	Changed tags. Changed title, body, body_processed, document_type and published for document "Duncan Hay | St George's German Lutheran Church | Introduction".	8	1
73	2016-04-14 15:33:26.134957+01	301	St George's German Lutheran Church	2	Changed tags. Changed body, body_processed and published for document "Duncan Hay | St George's German Lutheran Church | Introduction".	8	1
74	2016-04-14 15:35:09.759208+01	301	St George's German Lutheran Church	2	Changed tags. Changed body, body_processed and published for document "Duncan Hay | St George's German Lutheran Church | Introduction".	8	1
75	2016-04-14 15:56:29.890509+01	301	St George's German Lutheran Church	2	Changed tags. Changed body and body_processed for document "Duncan Hay | St George's German Lutheran Church | Introduction". Changed body, body_processed, document_type and published for document "Duncan Hay | St George's German Lutheran Church | Foundation and Construction".	8	1
76	2016-04-14 16:59:42.920138+01	301	St George's German Lutheran Church	2	Changed tags and banner. Changed body and body_processed for document "Duncan Hay | St George's German Lutheran Church | Introduction". Changed body and body_processed for document "Duncan Hay | St George's German Lutheran Church | Foundation and Construction".	8	1
77	2016-04-14 17:11:32.133069+01	301	St George's German Lutheran Church	2	Changed tags. Changed body and body_processed for document "Duncan Hay | St George's German Lutheran Church | Introduction". Changed body and body_processed for document "Duncan Hay | St George's German Lutheran Church | Foundation and Construction".	8	1
78	2016-04-19 09:40:19.495253+01	1	Telling the Histories of Whitechapel	2	Changed title.	12	1
79	2016-04-19 10:22:44.449071+01	156	Whitechapel Bell Foundry	2	Changed tags and banner.	8	1
80	2016-04-19 11:58:50.03892+01	1	Bell Foundry Exterior	2	Changed image.	16	1
81	2016-04-19 12:21:48.503205+01	3	Big Image	3		16	1
82	2016-04-19 12:21:48.518803+01	2	Big Image	3		16	1
83	2016-04-19 12:21:48.531388+01	1	Bell Foundry Exterior	3		16	1
84	2016-04-19 14:33:51.896864+01	156	Whitechapel Bell Foundry	2	Changed tags. Changed published and pending for image "Big Image 3".	8	1
85	2016-04-19 15:18:21.12433+01	2	Description	1		9	1
86	2016-04-19 15:18:27.805242+01	156	Whitechapel Bell Foundry	2	Changed tags. Added document "Duncan Hay | Whitechapel Bell Foundry | A document".	8	1
87	2016-04-19 15:19:31.636695+01	3	Story	1		9	1
88	2016-04-19 15:19:37.778552+01	156	Whitechapel Bell Foundry	2	Changed tags. Added document "Duncan Hay | Whitechapel Bell Foundry | A Reminiscence". Changed body for document "Duncan Hay | Whitechapel Bell Foundry | A document".	8	1
89	2016-04-19 15:33:49.243089+01	156	Whitechapel Bell Foundry	2	Changed tags. Changed body for document "Duncan Hay | Whitechapel Bell Foundry | A document". Changed body for document "Duncan Hay | Whitechapel Bell Foundry | A Reminiscence".	8	1
90	2016-04-19 15:34:18.399902+01	156	Whitechapel Bell Foundry	2	Changed tags. Changed body for document "Duncan Hay | Whitechapel Bell Foundry | A History of Whitechapel Bell Foundry". Changed body for document "Duncan Hay | Whitechapel Bell Foundry | A document". Changed body for document "Duncan Hay | Whitechapel Bell Foundry | A Reminiscence".	8	1
91	2016-04-19 16:16:12.072947+01	156	Whitechapel Bell Foundry	2	Changed tags. Changed body and body_processed for document "Duncan Hay | Whitechapel Bell Foundry | A History of Whitechapel Bell Foundry". Changed body for document "Duncan Hay | Whitechapel Bell Foundry | A document". Changed body for document "Duncan Hay | Whitechapel Bell Foundry | A Reminiscence".	8	1
92	2016-04-19 16:27:13.682723+01	184		2	Changed basement, c_area, listed and tags. Changed published and pending for image "Jacobs Court".	8	1
93	2016-04-19 16:31:29.991699+01	184	Jacobs Court, 17 Plumbers Row	2	Changed b_name and tags.	8	1
94	2016-04-19 16:31:44.71576+01	184	Jacobs Court	2	Changed b_name and tags.	8	1
95	2016-04-19 16:32:31.844603+01	156	Whitechapel Bell Foundry	2	Changed tags. Changed body and body_processed for document "Duncan Hay | Whitechapel Bell Foundry | A History of Whitechapel Bell Foundry". Changed body for document "Duncan Hay | Whitechapel Bell Foundry | A document". Changed body for document "Duncan Hay | Whitechapel Bell Foundry | A Reminiscence". Changed published for image "Side entrance".	8	1
96	2016-04-19 16:41:17.065617+01	1	Telling the Histories of Whitechapel	2	Changed body.	12	1
97	2016-04-19 16:54:30.005698+01	184	Jacobs Court	2	Changed tags. Changed body and published for document "Duncan Hay | Jacobs Court | Jacobs Court".	8	1
98	2016-04-20 09:14:45.374163+01	156	Whitechapel Bell Foundry	2	Changed tags. Changed body and body_processed for document "Duncan Hay | Whitechapel Bell Foundry | A History of Whitechapel Bell Foundry". Changed body for document "Duncan Hay | Whitechapel Bell Foundry | A document". Changed body for document "Duncan Hay | Whitechapel Bell Foundry | A Reminiscence".	8	1
99	2016-04-20 09:16:02.968095+01	156	Whitechapel Bell Foundry	2	Changed tags. Changed body and body_processed for document "Duncan Hay | Whitechapel Bell Foundry | A History of Whitechapel Bell Foundry". Changed body and body_processed for document "Duncan Hay | Whitechapel Bell Foundry | A document". Changed body and body_processed for document "Duncan Hay | Whitechapel Bell Foundry | A Reminiscence".	8	1
100	2016-04-20 09:49:19.707591+01	156	Whitechapel Bell Foundry	2	Changed tags. Changed body and body_processed for document "Duncan Hay | Whitechapel Bell Foundry | A History of Whitechapel Bell Foundry". Changed title, body and body_processed for document "Duncan Hay | Whitechapel Bell Foundry | A Description". Changed body and body_processed for document "Duncan Hay | Whitechapel Bell Foundry | A Reminiscence".	8	1
101	2016-04-20 09:49:34.108826+01	156	Whitechapel Bell Foundry	2	Changed b_number and tags. Changed body and body_processed for document "Duncan Hay | Whitechapel Bell Foundry | A History of Whitechapel Bell Foundry". Changed body and body_processed for document "Duncan Hay | Whitechapel Bell Foundry | A Description". Changed body and body_processed for document "Duncan Hay | Whitechapel Bell Foundry | A Reminiscence". Changed body and body_processed for document "Duncan Hay | Whitechapel Bell Foundry | Another Placeholder".	8	1
102	2016-04-20 10:00:51.43761+01	1	Telling the Histories of Whitechapel	2	Changed documents.	12	1
103	2016-04-20 11:24:30.423765+01	3	surveyoflondon	1		4	1
104	2016-04-20 11:25:03.647807+01	156	Whitechapel Bell Foundry	2	Changed tags. Changed author, body and body_processed for document "Survey of London | Whitechapel Bell Foundry | A History of Whitechapel Bell Foundry". Changed body and body_processed for document "Duncan Hay | Whitechapel Bell Foundry | A Description". Changed body and body_processed for document "Duncan Hay | Whitechapel Bell Foundry | A Reminiscence". Changed body and body_processed for document "Duncan Hay | Whitechapel Bell Foundry | Another Placeholder". Changed body for document "Duncan Hay | Whitechapel Bell Foundry | Whitechapel Bell Foundry".	8	1
105	2016-04-20 11:42:28.638102+01	156	Whitechapel Bell Foundry	2	Changed tags. Changed body and body_processed for document "Survey of London | Whitechapel Bell Foundry | A History of Whitechapel Bell Foundry". Changed body and body_processed for document "Duncan Hay | Whitechapel Bell Foundry | A Description". Changed body and body_processed for document "Duncan Hay | Whitechapel Bell Foundry | A Reminiscence". Changed author, body and body_processed for document "Survey of London | Whitechapel Bell Foundry | Another Placeholder". Changed body for document "Duncan Hay | Whitechapel Bell Foundry | Whitechapel Bell Foundry".	8	1
106	2016-04-20 11:43:05.756961+01	156	Whitechapel Bell Foundry	2	Changed tags. Changed body and body_processed for document "Survey of London | Whitechapel Bell Foundry | A History of Whitechapel Bell Foundry". Changed body and body_processed for document "Duncan Hay | Whitechapel Bell Foundry | A Description". Changed body and body_processed for document "Duncan Hay | Whitechapel Bell Foundry | A Reminiscence". Changed body, body_processed, published and pending for document "Survey of London | Whitechapel Bell Foundry | Another Placeholder". Changed body for document "Duncan Hay | Whitechapel Bell Foundry | Whitechapel Bell Foundry".	8	1
107	2016-04-20 14:19:44.119681+01	156	Whitechapel Bell Foundry	2	Changed tags. Changed body and body_processed for document "Survey of London | Whitechapel Bell Foundry | A History of Whitechapel Bell Foundry". Changed body and body_processed for document "Duncan Hay | Whitechapel Bell Foundry | A Description". Changed body and body_processed for document "Duncan Hay | Whitechapel Bell Foundry | A Reminiscence". Changed body and body_processed for document "Survey of London | Whitechapel Bell Foundry | Another Placeholder". Changed body for document "Duncan Hay | Whitechapel Bell Foundry | Whitechapel Bell Foundry". Changed author for image "Big Image 3".	8	1
108	2016-04-20 14:35:22.708562+01	553	Altab Ali Park	2	Changed tags. Changed body and body_processed for document "Duncan Hay | Altab Ali Park | St Mary's Whitechapel". Changed body and body_processed for document "Duncan Hay | Altab Ali Park | More Park Info".	8	1
109	2016-04-20 15:51:50.32035+01	156	Whitechapel Bell Foundry	2	Changed tags. Changed body and body_processed for document "Survey of London | Whitechapel Bell Foundry | A History of Whitechapel Bell Foundry". Changed body and body_processed for document "Duncan Hay | Whitechapel Bell Foundry | A Description". Changed body and body_processed for document "Duncan Hay | Whitechapel Bell Foundry | A Reminiscence". Changed body and body_processed for document "Survey of London | Whitechapel Bell Foundry | Another Placeholder". Changed body for document "Duncan Hay | Whitechapel Bell Foundry | Whitechapel Bell Foundry". Changed published and pending for media "Redlof(b)".	8	1
110	2016-04-20 16:08:42.241064+01	156	Whitechapel Bell Foundry	2	Changed tags. Changed body and body_processed for document "Survey of London | Whitechapel Bell Foundry | A History of Whitechapel Bell Foundry". Changed body and body_processed for document "Duncan Hay | Whitechapel Bell Foundry | A Description". Changed body and body_processed for document "Duncan Hay | Whitechapel Bell Foundry | A Reminiscence". Changed body and body_processed for document "Survey of London | Whitechapel Bell Foundry | Another Placeholder". Changed body for document "Duncan Hay | Whitechapel Bell Foundry | Whitechapel Bell Foundry". Changed published and pending for media "Soundcloud test".	8	1
111	2016-04-20 16:33:09.872416+01	156	Whitechapel Bell Foundry	2	Changed tags. Changed body and body_processed for document "Survey of London | Whitechapel Bell Foundry | A History of Whitechapel Bell Foundry". Changed body and body_processed for document "Duncan Hay | Whitechapel Bell Foundry | A Description". Changed body and body_processed for document "Duncan Hay | Whitechapel Bell Foundry | A Reminiscence". Changed body and body_processed for document "Survey of London | Whitechapel Bell Foundry | Another Placeholder". Changed body for document "Duncan Hay | Whitechapel Bell Foundry | Whitechapel Bell Foundry". Changed published and pending for media "History of Nintendo".	8	1
112	2016-04-21 09:35:31.080553+01	1	Telling the Histories of Whitechapel	2	Changed features.	12	1
113	2016-04-21 09:41:20.508137+01	1	Telling the Histories of Whitechapel	2	Changed documents.	12	1
114	2016-04-21 11:16:27.61021+01	1	Vanished Whitechapel	1		7	1
115	2016-04-21 11:22:21.311169+01	156	Whitechapel Bell Foundry	2	Changed tags. Changed title, body and body_processed for document "Survey of London | Whitechapel Bell Foundry | Whitechapel Bell Foundry". Changed body and body_processed for document "Duncan Hay | Whitechapel Bell Foundry | A Description". Changed body and body_processed for document "Duncan Hay | Whitechapel Bell Foundry | A Reminiscence". Changed body and body_processed for document "Survey of London | Whitechapel Bell Foundry | Another Placeholder". Changed body for document "Duncan Hay | Whitechapel Bell Foundry | Whitechapel Bell Foundry".	8	1
116	2016-04-21 11:41:42.891927+01	1	Telling the Histories of Whitechapel	2	Changed body.	12	1
117	2016-04-21 11:42:14.072465+01	1	Telling the Histories of Whitechapel	2	Changed body.	12	1
118	2016-04-21 11:43:15.802355+01	553	Altab Ali Park	2	Changed categories and tags. Changed body and body_processed for document "Duncan Hay | Altab Ali Park | St Mary's Whitechapel". Changed body and body_processed for document "Duncan Hay | Altab Ali Park | More Park Info".	8	1
119	2016-04-21 12:07:00.021956+01	156	Whitechapel Bell Foundry	2	Changed tags. Changed body and body_processed for document "Survey of London | Whitechapel Bell Foundry | Whitechapel Bell Foundry". Changed body and body_processed for document "Duncan Hay | Whitechapel Bell Foundry | A Description". Changed body and body_processed for document "Duncan Hay | Whitechapel Bell Foundry | A Reminiscence". Changed body and body_processed for document "Survey of London | Whitechapel Bell Foundry | Another Placeholder". Changed body for document "Duncan Hay | Whitechapel Bell Foundry | Whitechapel Bell Foundry". Changed published for media "Redlof(b)". Changed published for media "Soundcloud test". Changed published for media "History of Nintendo".	8	1
120	2016-04-21 13:50:45.601843+01	1	Telling the Histories of Whitechapel	2	Changed body.	12	1
121	2016-04-21 14:40:48.832478+01	1	Telling the Histories of Whitechapel	2	Changed images.	12	1
122	2016-04-21 15:01:46.40412+01	8	Altab Ali Park	2	Changed title, published and pending.	16	1
123	2016-04-21 15:04:55.634539+01	8	Altab Ali Park	2	No fields changed.	16	1
124	2016-04-21 15:17:35.502737+01	6	Not Actually Jacob's Court	2	Changed title.	16	1
125	2016-04-21 15:51:49.188636+01	1	Telling the Histories of Whitechapel	2	Changed body.	12	1
126	2016-04-21 15:56:22.465956+01	1	Telling the Histories of Whitechapel	2	Changed body, documents and features.	12	1
127	2016-04-21 15:56:45.303375+01	1	Telling the Histories of Whitechapel	2	Changed body.	12	1
128	2016-04-21 15:58:21.708311+01	1	Telling the Histories of Whitechapel	2	Changed documents and features.	12	1
129	2016-04-21 15:58:59.227276+01	1	Telling the Histories of Whitechapel	2	Changed features.	12	1
130	2016-04-21 15:59:29.955094+01	1	Telling the Histories of Whitechapel	2	Changed features.	12	1
131	2016-04-21 16:16:59.320313+01	2	Pubs	1		7	1
132	2016-04-21 16:19:29.588551+01	2	Pubs	2	Changed thumbnail.	7	1
133	2016-04-21 16:31:10.265575+01	7	Cable Street Picture Palace	2	Changed published and pending.	16	1
134	2016-04-21 16:33:07.468234+01	1	Telling the Histories of Whitechapel	2	Changed media.	12	1
135	2016-04-21 16:41:44.326047+01	1	Telling the Histories of Whitechapel	2	Changed media.	12	1
136	2016-04-21 16:41:58.784546+01	4	Rachel Lichtenstein	2	Changed published and pending.	20	1
137	2016-04-21 16:54:08.209969+01	36	Survey of London | Whitechapel Bell Foundry | Another Placeholder	2	Changed body, body_processed and document_type.	10	1
138	2016-04-21 17:23:26.122744+01	434		2	Changed basement, c_area, listed, categories and tags. Changed body for document "Prime Land Property, 124 Whitechapel Road | Fomer Pub".	8	1
139	2016-04-22 11:00:53.941384+01	389	Whitechapel Gallery	2	Changed b_number, b_name, address, basement, c_area, listed and tags. Changed author, body, body_processed, published and pending for document "Survey of London | Whitechapel Gallery | The University of the East End".	8	1
140	2016-04-22 11:01:17.337167+01	389	Whitechapel Gallery	2	Changed tags. Changed body, body_processed and document_type for document "Survey of London | Whitechapel Gallery | The University of the East End".	8	1
141	2016-04-22 11:02:05.777922+01	389	Whitechapel Gallery	2	Changed tags. Changed body and body_processed for document "Survey of London | Whitechapel Gallery | The University of the East End".	8	1
142	2016-04-22 11:18:44.943848+01	1	Telling the Histories of Whitechapel	2	Changed body.	12	1
\.


--
-- Name: django_admin_log_id_seq; Type: SEQUENCE SET; Schema: public; Owner: whitechapel_geodjango
--

SELECT pg_catalog.setval('django_admin_log_id_seq', 142, true);


--
-- Data for Name: django_content_type; Type: TABLE DATA; Schema: public; Owner: whitechapel_geodjango
--

COPY django_content_type (id, app_label, model) FROM stdin;
1	admin	logentry
2	auth	permission
3	auth	group
4	auth	user
5	contenttypes	contenttype
6	sessions	session
7	map	category
8	map	feature
9	map	documenttype
10	map	document
12	whitechapel_pages	page
13	taggit	tag
14	taggit	taggeditem
15	map	userprofile
16	map	image
17	easy_thumbnails	source
18	easy_thumbnails	thumbnail
19	easy_thumbnails	thumbnaildimensions
20	map	media
\.


--
-- Name: django_content_type_id_seq; Type: SEQUENCE SET; Schema: public; Owner: whitechapel_geodjango
--

SELECT pg_catalog.setval('django_content_type_id_seq', 20, true);


--
-- Data for Name: django_migrations; Type: TABLE DATA; Schema: public; Owner: whitechapel_geodjango
--

COPY django_migrations (id, app, name, applied) FROM stdin;
1	contenttypes	0001_initial	2016-04-04 11:26:29.756372+01
2	auth	0001_initial	2016-04-04 11:26:30.216661+01
3	admin	0001_initial	2016-04-04 11:26:30.313116+01
4	contenttypes	0002_remove_content_type_name	2016-04-04 11:26:30.485543+01
5	auth	0002_alter_permission_name_max_length	2016-04-04 11:26:30.563302+01
6	auth	0003_alter_user_email_max_length	2016-04-04 11:26:30.6645+01
7	auth	0004_alter_user_username_opts	2016-04-04 11:26:30.736866+01
8	auth	0005_alter_user_last_login_null	2016-04-04 11:26:30.956635+01
9	auth	0006_require_contenttypes_0002	2016-04-04 11:26:30.972608+01
10	taggit	0001_initial	2016-04-04 11:26:31.136942+01
11	taggit	0002_auto_20150616_2121	2016-04-04 11:26:31.212737+01
12	map	0001_initial	2016-04-04 11:26:31.282877+01
13	map	0002_auto_20160202_1131	2016-04-04 11:26:31.320834+01
14	map	0003_auto_20160202_1447	2016-04-04 11:26:31.430367+01
15	map	0004_auto_20160210_1231	2016-04-04 11:26:31.478094+01
16	map	0005_auto_20160210_1326	2016-04-04 11:26:31.526475+01
17	map	0006_auto_20160210_1442	2016-04-04 11:26:31.588046+01
18	map	0007_os_feature	2016-04-04 11:26:31.676714+01
19	map	0008_document	2016-04-04 11:26:31.887886+01
20	map	0009_document_body	2016-04-04 11:26:31.968623+01
21	map	0010_os_feature_count	2016-04-04 11:26:32.05491+01
22	map	0011_os_feature_address	2016-04-04 11:26:32.136663+01
23	map	0012_os_feature_featcode	2016-04-04 11:26:32.210334+01
24	map	0013_auto_20160217_1346	2016-04-04 11:26:32.296352+01
25	map	0014_auto_20160217_1347	2016-04-04 11:26:32.341656+01
26	map	0015_auto_20160217_1402	2016-04-04 11:26:32.410173+01
27	map	0016_auto_20160218_1105	2016-04-04 11:26:32.449443+01
28	map	0017_auto_20160219_1447	2016-04-04 11:26:32.556168+01
29	map	0018_auto_20160219_1456	2016-04-04 11:26:32.654754+01
30	map	0019_auto_20160219_1509	2016-04-04 11:26:32.74675+01
31	map	0020_os_feature_category	2016-04-04 11:26:32.841698+01
32	map	0021_auto_20160219_1517	2016-04-04 11:26:33.253605+01
33	map	0022_story	2016-04-04 11:26:33.351921+01
34	map	0023_auto_20160219_1532	2016-04-04 11:26:33.518939+01
35	map	0024_auto_20160219_1538	2016-04-04 11:26:33.565479+01
36	map	0025_auto_20160219_1539	2016-04-04 11:26:33.794014+01
37	map	0026_auto_20160219_1542	2016-04-04 11:26:33.978775+01
38	map	0027_auto_20160223_1707	2016-04-04 11:26:34.476325+01
39	map	0028_auto_20160223_1709	2016-04-04 11:26:34.517343+01
40	map	0029_auto_20160223_1713	2016-04-04 11:26:35.024897+01
41	map	0030_auto_20160224_1547	2016-04-04 11:26:35.532141+01
42	map	0031_auto_20160224_1548	2016-04-04 11:26:35.74547+01
43	map	0032_auto_20160224_1549	2016-04-04 11:26:36.089113+01
44	map	0033_feature_featcode	2016-04-04 11:26:36.15884+01
45	map	0034_feature_name	2016-04-04 11:26:36.218333+01
46	map	0035_feature_short_description	2016-04-04 11:26:36.28079+01
47	map	0036_feature_thumbnail	2016-04-04 11:26:36.374045+01
48	map	0037_auto_20160224_1702	2016-04-04 11:26:36.485984+01
49	map	0038_auto_20160225_1607	2016-04-04 11:26:36.541714+01
50	map	0039_auto_20160226_1627	2016-04-04 11:26:36.612296+01
51	map	0040_auto_20160226_1628	2016-04-04 11:26:36.664161+01
52	map	0041_feature_street	2016-04-04 11:26:36.757385+01
53	map	0042_feature_house_number	2016-04-04 11:26:36.829039+01
54	map	0043_auto_20160301_1306	2016-04-04 11:26:36.955509+01
55	map	0044_auto_20160301_1452	2016-04-04 11:26:37.258627+01
56	map	0045_auto_20160301_1453	2016-04-04 11:26:37.345072+01
57	map	0046_auto_20160301_1454	2016-04-04 11:26:37.454097+01
58	map	0047_auto_20160301_1520	2016-04-04 11:26:37.552799+01
59	map	0048_document_order	2016-04-04 11:26:37.656931+01
60	map	0049_auto_20160302_1453	2016-04-04 11:26:37.780738+01
61	map	0050_feature_tags	2016-04-04 11:26:37.841243+01
62	map	0051_auto_20160303_1610	2016-04-04 11:26:38.009929+01
63	map	0052_auto_20160304_1418	2016-04-04 11:26:38.156447+01
64	map	0053_document_author	2016-04-04 11:26:38.302914+01
65	map	0054_auto_20160404_1026	2016-04-04 11:26:40.000452+01
66	sessions	0001_initial	2016-04-04 11:26:40.190915+01
67	whitechapel_pages	0001_initial	2016-04-04 11:26:40.366692+01
68	whitechapel_pages	0002_page_documents	2016-04-04 11:26:40.554325+01
69	whitechapel_pages	0003_page_features	2016-04-04 11:26:40.786398+01
70	whitechapel_pages	0004_page_is_front_page	2016-04-04 11:26:41.085745+01
71	whitechapel_pages	0005_auto_20160304_1117	2016-04-04 11:26:41.83548+01
72	whitechapel_pages	0006_auto_20160304_1124	2016-04-04 11:26:42.335378+01
73	whitechapel_pages	0007_page_banner_image	2016-04-04 11:26:42.440065+01
74	map	0055_auto_20160404_1101	2016-04-04 12:01:27.283493+01
75	map	0056_auto_20160404_1113	2016-04-04 12:13:37.30324+01
76	map	0057_auto_20160404_1133	2016-04-04 12:33:44.17662+01
77	map	0058_auto_20160404_1138	2016-04-04 12:51:21.172788+01
78	map	0059_auto_20160404_1139	2016-04-04 12:51:21.382931+01
79	map	0060_remove_feature_basement	2016-04-04 12:51:21.492487+01
80	map	0059_auto_20160404_1156	2016-04-04 12:56:12.674481+01
81	map	0061_feature_basement	2016-04-04 14:33:03.425375+01
82	map	0062_feature_type	2016-04-04 14:42:11.182884+01
83	map	0063_auto_20160405_1040	2016-04-05 11:41:08.506655+01
84	map	0064_auto_20160407_1158	2016-04-07 12:59:19.220731+01
85	map	0065_document_published	2016-04-11 16:15:37.958937+01
86	map	0066_document_pending	2016-04-11 16:28:31.286589+01
87	map	0067_document_last_edited	2016-04-11 17:22:43.634847+01
88	map	0068_document_body_processed	2016-04-14 12:47:31.100003+01
89	map	0069_document_anonymise	2016-04-19 11:08:28.597987+01
90	map	0070_auto_20160419_1010	2016-04-19 11:10:46.049796+01
91	map	0071_image	2016-04-19 11:27:18.166679+01
92	map	0072_auto_20160419_1032	2016-04-19 11:32:51.981624+01
93	map	0073_auto_20160419_1107	2016-04-19 12:07:42.498476+01
94	easy_thumbnails	0001_initial	2016-04-19 15:43:41.547199+01
95	easy_thumbnails	0002_thumbnaildimensions	2016-04-19 15:43:41.670026+01
96	map	0074_remove_image_caption	2016-04-20 14:53:54.59331+01
97	map	0075_image_description	2016-04-20 14:55:11.507713+01
98	map	0076_media	2016-04-20 15:14:03.812701+01
99	whitechapel_pages	0008_auto_20160421_1046	2016-04-21 11:47:06.774274+01
100	map	0077_auto_20160421_1404	2016-04-21 15:04:18.59641+01
\.


--
-- Name: django_migrations_id_seq; Type: SEQUENCE SET; Schema: public; Owner: whitechapel_geodjango
--

SELECT pg_catalog.setval('django_migrations_id_seq', 100, true);


--
-- Data for Name: django_session; Type: TABLE DATA; Schema: public; Owner: whitechapel_geodjango
--

COPY django_session (session_key, session_data, expire_date) FROM stdin;
4ynv3rz5itpjavuux97ym2rw6xsrnego	NDFmMGJkNmY0MGQyNzA2YjM5YWI3NDY1NjY4M2U2MmQ3N2E1OGU0NDp7Il9hdXRoX3VzZXJfaGFzaCI6IjE0ZWJmZTIzMjFiMWQyZGJiOWM2ZWQzYjk2MzNmZDFiMjYyN2QxMWYiLCJfYXV0aF91c2VyX2JhY2tlbmQiOiJkamFuZ28uY29udHJpYi5hdXRoLmJhY2tlbmRzLk1vZGVsQmFja2VuZCIsIl9hdXRoX3VzZXJfaWQiOiIxIn0=	2016-04-18 11:30:14.249547+01
cwf4aki1t3amz2xx6ro1nk91eakd3iwt	NDFmMGJkNmY0MGQyNzA2YjM5YWI3NDY1NjY4M2U2MmQ3N2E1OGU0NDp7Il9hdXRoX3VzZXJfaGFzaCI6IjE0ZWJmZTIzMjFiMWQyZGJiOWM2ZWQzYjk2MzNmZDFiMjYyN2QxMWYiLCJfYXV0aF91c2VyX2JhY2tlbmQiOiJkamFuZ28uY29udHJpYi5hdXRoLmJhY2tlbmRzLk1vZGVsQmFja2VuZCIsIl9hdXRoX3VzZXJfaWQiOiIxIn0=	2016-05-03 09:39:53.15497+01
\.


--
-- Data for Name: easy_thumbnails_source; Type: TABLE DATA; Schema: public; Owner: whitechapel_geodjango
--

COPY easy_thumbnails_source (id, storage_hash, name, modified) FROM stdin;
6	f9bde26a1556cd667f742bd34ec7c55e	uploads/features/156/P1150417-1_banner.png	2016-04-21 11:27:47.208881+01
7	f9bde26a1556cd667f742bd34ec7c55e	uploads/features/301/P1150825.jpg	2016-04-21 11:27:47.6395+01
3	f9bde26a1556cd667f742bd34ec7c55e	uploads/features/None/foundry.png	2016-04-21 14:53:32.345767+01
2	f9bde26a1556cd667f742bd34ec7c55e	uploads/features/None/P1150825.jpg	2016-04-21 14:53:32.572964+01
4	f9bde26a1556cd667f742bd34ec7c55e	uploads/features/None/cable_street_picture_palace.png	2016-04-21 14:53:32.675887+01
1	f9bde26a1556cd667f742bd34ec7c55e	uploads/features/None/P1150417-1_thumb.png	2016-04-21 14:53:32.754697+01
5	f9bde26a1556cd667f742bd34ec7c55e	uploads/features/None/altab_ali_park_2P42kkZ.png	2016-04-21 14:53:32.819525+01
\.


--
-- Name: easy_thumbnails_source_id_seq; Type: SEQUENCE SET; Schema: public; Owner: whitechapel_geodjango
--

SELECT pg_catalog.setval('easy_thumbnails_source_id_seq', 7, true);


--
-- Data for Name: easy_thumbnails_thumbnail; Type: TABLE DATA; Schema: public; Owner: whitechapel_geodjango
--

COPY easy_thumbnails_thumbnail (id, storage_hash, name, modified, source_id) FROM stdin;
1	d26becbf46ac48eda79c7a39a13a02dd	uploads/features/None/P1150417-1_thumb.png.150x150_q85.png	2016-04-19 15:56:48.273521+01	1
2	d26becbf46ac48eda79c7a39a13a02dd	uploads/features/None/P1150417-1_thumb.png.150x150_q85_crop-0,0.png	2016-04-19 15:58:28.365112+01	1
3	d26becbf46ac48eda79c7a39a13a02dd	uploads/features/None/P1150417-1_thumb.png.80x80_q85_crop-0,0.png	2016-04-19 15:58:54.364766+01	1
4	d26becbf46ac48eda79c7a39a13a02dd	uploads/features/None/P1150417-1_thumb.png.265x175_q85_crop-0,0.png	2016-04-19 16:08:18.210618+01	1
5	d26becbf46ac48eda79c7a39a13a02dd	uploads/features/None/P1150825.jpg.265x175_q85_crop-0,0.jpg	2016-04-19 16:19:46.432903+01	2
6	d26becbf46ac48eda79c7a39a13a02dd	uploads/features/None/foundry.png.265x175_q85_crop-0,0.png	2016-04-19 16:26:25.134503+01	3
7	d26becbf46ac48eda79c7a39a13a02dd	uploads/features/None/cable_street_picture_palace.png.265x175_q85_crop-0,0.png	2016-04-20 09:26:46.119332+01	4
8	d26becbf46ac48eda79c7a39a13a02dd	uploads/features/None/altab_ali_park_2P42kkZ.png.265x175_q85_crop-0,0.png	2016-04-20 15:05:46.915701+01	5
9	d26becbf46ac48eda79c7a39a13a02dd	uploads/features/156/P1150417-1_banner.png.340x200_q85_crop-0,0.png	2016-04-21 11:27:47.331198+01	6
10	d26becbf46ac48eda79c7a39a13a02dd	uploads/features/301/P1150825.jpg.340x200_q85_crop-0,0.jpg	2016-04-21 11:27:47.651838+01	7
11	d26becbf46ac48eda79c7a39a13a02dd	uploads/features/None/foundry.png.50x50_q85_crop-0,0.png	2016-04-21 14:46:16.473764+01	3
12	d26becbf46ac48eda79c7a39a13a02dd	uploads/features/None/P1150825.jpg.50x50_q85_crop-0,0.jpg	2016-04-21 14:46:16.823349+01	2
13	d26becbf46ac48eda79c7a39a13a02dd	uploads/features/None/cable_street_picture_palace.png.50x50_q85_crop-0,0.png	2016-04-21 14:46:16.902313+01	4
14	d26becbf46ac48eda79c7a39a13a02dd	uploads/features/None/P1150417-1_thumb.png.50x50_q85_crop-0,0.png	2016-04-21 14:46:16.990979+01	1
15	d26becbf46ac48eda79c7a39a13a02dd	uploads/features/None/altab_ali_park_2P42kkZ.png.50x50_q85_crop-0,0.png	2016-04-21 14:46:17.07576+01	5
16	d26becbf46ac48eda79c7a39a13a02dd	uploads/features/None/foundry.png.64x64_q85_crop-0,0.png	2016-04-21 14:53:32.389092+01	3
17	d26becbf46ac48eda79c7a39a13a02dd	uploads/features/None/P1150825.jpg.64x64_q85_crop-0,0.jpg	2016-04-21 14:53:32.59327+01	2
18	d26becbf46ac48eda79c7a39a13a02dd	uploads/features/None/cable_street_picture_palace.png.64x64_q85_crop-0,0.png	2016-04-21 14:53:32.692379+01	4
19	d26becbf46ac48eda79c7a39a13a02dd	uploads/features/None/P1150417-1_thumb.png.64x64_q85_crop-0,0.png	2016-04-21 14:53:32.765588+01	1
20	d26becbf46ac48eda79c7a39a13a02dd	uploads/features/None/altab_ali_park_2P42kkZ.png.64x64_q85_crop-0,0.png	2016-04-21 14:53:32.835006+01	5
\.


--
-- Name: easy_thumbnails_thumbnail_id_seq; Type: SEQUENCE SET; Schema: public; Owner: whitechapel_geodjango
--

SELECT pg_catalog.setval('easy_thumbnails_thumbnail_id_seq', 20, true);


--
-- Data for Name: easy_thumbnails_thumbnaildimensions; Type: TABLE DATA; Schema: public; Owner: whitechapel_geodjango
--

COPY easy_thumbnails_thumbnaildimensions (id, thumbnail_id, width, height) FROM stdin;
\.


--
-- Name: easy_thumbnails_thumbnaildimensions_id_seq; Type: SEQUENCE SET; Schema: public; Owner: whitechapel_geodjango
--

SELECT pg_catalog.setval('easy_thumbnails_thumbnaildimensions_id_seq', 1, false);


--
-- Data for Name: map_category; Type: TABLE DATA; Schema: public; Owner: whitechapel_geodjango
--

COPY map_category (id, name, description, thumbnail) FROM stdin;
1	Vanished Whitechapel	Whitechapel has changed enormously over the last 100 years. Find out what used to be here.	./op09000.png
2	Pubs	Whitechapel's Pubs, Past and Present	./princess_of_prussia_nJcPHZZ.png
\.


--
-- Name: map_category_id_seq; Type: SEQUENCE SET; Schema: public; Owner: whitechapel_geodjango
--

SELECT pg_catalog.setval('map_category_id_seq', 2, true);


--
-- Data for Name: map_document; Type: TABLE DATA; Schema: public; Owner: whitechapel_geodjango
--

COPY map_document (id, title, feature_id, body, end_year, start_year, "order", document_type_id, author_id, published, pending, last_edited, body_processed, anonymise) FROM stdin;
29	This is the title of the document.	204	<p>This is some content I've added.[^1] And this is some more content, with another footnote.[^2] And this is a third sentence, which, as you may have guessed, also has a footnote.[^3]</p>\n\n<p>[^1]: Footnote content.</p>\n\n<p>[^2]: Another footnote.</p>\n\n<p>[^3]: Yet more footnotes.</p>\n	\N	\N	0	1	1	t	f	2016-04-14	<p>This is some content I've added.<sup id="fnref:1"><a class="footnote-ref" href="#fn:1" rel="footnote">1</a></sup> And this is some more content, with\nanother footnote.<sup id="fnref:2"><a class="footnote-ref" href="#fn:2" rel="footnote">2</a></sup> And this is a third sentence, which, as you may have\nguessed, also has a footnote.<sup id="fnref:3"><a class="footnote-ref" href="#fn:3" rel="footnote">3</a></sup></p>\n<div class="footnote">\n<hr />\n<ol>\n<li id="fn:1">\n<p>Footnote content.&#160;<a class="footnote-backref" href="#fnref:1" rev="footnote" title="Jump back to footnote 1 in the text">&#8617;</a></p>\n</li>\n<li id="fn:2">\n<p>Another footnote.&#160;<a class="footnote-backref" href="#fnref:2" rev="footnote" title="Jump back to footnote 2 in the text">&#8617;</a></p>\n</li>\n<li id="fn:3">\n<p>Yet more footnotes.&#160;<a class="footnote-backref" href="#fnref:3" rev="footnote" title="Jump back to footnote 3 in the text">&#8617;</a></p>\n</li>\n</ol>\n</div>	f
30	Introduction	301	<p>St Georges German Lutheran Church is the oldest surviving German church in Britain. It opened in 1763, and has changed remarkably little since. German immigration to London, much of it by Protestant refugees fleeing religious persecution, had been significant in the sixteenth and seventeenth centuries. There were several German churches in London by 1700, but these have all now gone.[^1] Through the first half of the eighteenth century membership of Londons German Lutheran churches doubled to about 4,000. Some of this rise can be attributed to the continuing immigration of those seeking religious asylum, and the additional impact of the arrival of the Hanoverian Court should not be forgotten. However, it was economic migration that was the main basis for the establishment of a German settlement in Whitechapel. Sugar refining in London had been in German hands from its introduction in the mid seventeenth century, expertise in processes previously established in the Hanseatic towns being deployed to build up a substantial sugar-baking industry in Whitechapel and other eastern districts close to the Port of London, into which huge quantities of sugar were being imported from the West Indies. The immigrant German sugar merchants, craftsmen and workers naturally held on to the secrets of their trade, giving it continuity and concentration in these east London locales that were remote from the existing German churches in the City of London and Westminster. By the 1760s there were numerous sugarhouses in the immediate vicinity of Alie Street.[^2]</p>\n\n<p>The lease of the Little Alie Street site was purchased for 500 on 9 September 1762 and the new church was consecrated on 19 May 1763. The principal founder of the church was Dederich Beckmann (c.1702-66), a wealthy sugar refiner, who gave the substantial sum of 650, much the largest single benefaction towards the total of 1802 10s 9d that was raised for purchasing the lease and building the church.[^3] Beckmann was the father-in-law of the first pastor, Dr Gustavus Anthony Wachsel (c.1735-99). The early congregation was essentially made up of the areas German sugar bakers and their families, alongside some refugees escaping war in the German provinces.</p>\n\n<p>[^1]: Johann Gottlieb Burckhardt, <em>Kirchen-Geschichte der deutschen Gemeinden in London</em> (Tbingen, 1798); G. J. R. Cienciala, <em>From many nations: A history of Lutheranism in the United Kingdom</em> (London, 1975).</p>\n\n<p>[^2]: Bryan Mawer, Sugar Refiners and Sugarbakers Database, at www.mawer.clara.net.</p>\n\n<p>[^3]: Tower Hamlets Local History Library (hereafter THLHL), TH/8662/3, St Georges German Lutheran Church, Financial Summaries 1763-95, ff 1-2.</p>\n	\N	\N	0	1	1	t	f	2016-04-14	<p>St Georges German Lutheran Church is the oldest surviving German church in\nBritain. It opened in 1763, and has changed remarkably little since. German\nimmigration to London, much of it by Protestant refugees fleeing religious\npersecution, had been significant in the sixteenth and seventeenth centuries.\nThere were several German churches in London by 1700, but these have all now\ngone.<sup id="fnref:1"><a class="footnote-ref" href="#fn:1" rel="footnote">1</a></sup> Through the first half of the eighteenth century membership of\nLondons German Lutheran churches doubled to about 4,000. Some of this rise\ncan be attributed to the continuing immigration of those seeking religious\nasylum, and the additional impact of the arrival of the Hanoverian Court\nshould not be forgotten. However, it was economic migration that was the main\nbasis for the establishment of a German settlement in Whitechapel. Sugar\nrefining in London had been in German hands from its introduction in the mid\nseventeenth century, expertise in processes previously established in the\nHanseatic towns being deployed to build up a substantial sugar-baking industry\nin Whitechapel and other eastern districts close to the Port of London, into\nwhich huge quantities of sugar were being imported from the West Indies. The\nimmigrant German sugar merchants, craftsmen and workers naturally held on to\nthe secrets of their trade, giving it continuity and concentration in these\neast London locales that were remote from the existing German churches in the\nCity of London and Westminster. By the 1760s there were numerous sugarhouses\nin the immediate vicinity of Alie Street.<sup id="fnref:2"><a class="footnote-ref" href="#fn:2" rel="footnote">2</a></sup></p>\n<p>The lease of the Little Alie Street site was purchased for 500 on 9\nSeptember 1762 and the new church was consecrated on 19 May 1763. The\nprincipal founder of the church was Dederich Beckmann (c.1702-66), a wealthy\nsugar refiner, who gave the substantial sum of 650, much the largest single\nbenefaction towards the total of 1802 10s 9d that was raised for purchasing\nthe lease and building the church.<sup id="fnref:3"><a class="footnote-ref" href="#fn:3" rel="footnote">3</a></sup> Beckmann was the father-in-law of the\nfirst pastor, Dr Gustavus Anthony Wachsel (c.1735-99). The early congregation\nwas essentially made up of the areas German sugar bakers and their families,\nalongside some refugees escaping war in the German provinces.</p>\n<div class="footnote">\n<hr />\n<ol>\n<li id="fn:1">\n<p>Johann Gottlieb Burckhardt, <em>Kirchen-Geschichte der deutschen Gemeinden\nin London</em> (Tbingen, 1798); G. J. R. Cienciala, <em>From many nations: A history\nof Lutheranism in the United Kingdom</em> (London, 1975).&#160;<a class="footnote-backref" href="#fnref:1" rev="footnote" title="Jump back to footnote 1 in the text">&#8617;</a></p>\n</li>\n<li id="fn:2">\n<p>Bryan Mawer, Sugar Refiners and Sugarbakers Database, at\nwww.mawer.clara.net.&#160;<a class="footnote-backref" href="#fnref:2" rev="footnote" title="Jump back to footnote 2 in the text">&#8617;</a></p>\n</li>\n<li id="fn:3">\n<p>Tower Hamlets Local History Library (hereafter THLHL), TH/8662/3, St\nGeorges German Lutheran Church, Financial Summaries 1763-95, ff 1-2.&#160;<a class="footnote-backref" href="#fnref:3" rev="footnote" title="Jump back to footnote 3 in the text">&#8617;</a></p>\n</li>\n</ol>\n</div>	f
31	Foundation and Construction	301	<p>The south front of the church to Alie Street has handsome eighteenth-century proportional dignity even though since 1934 it has lacked its crowning features, the clock that was at the centre of the pediment, the bell turret above and the large weathervane in the shape of St George and the dragon. The central lunette may once have been glazed, though an organ soon blocked it. The lettering, Deutsche Lutherische St Georgs Kirche Begrndet 1762 in Gothic script, is a renewal of an earlier inscription. The original form of this elevation, which can be seen in photographs, corroborates the link with St John Wapping, whether it was Joel Johnson, Boulton Mainwaring or both who were responsible for the designs. The two uppermost stages of the former turret were smaller versions of the upper stages at Wapping, and both churches had identical eyebrow cornices over their clocks. The other elevations of St Georges are quite plain.[^1]</p>\n\n<p>[^1]: Footnote.</p>\n	\N	\N	0	1	1	t	f	2016-04-14	<p>The south front of the church to Alie Street has handsome eighteenth-century\nproportional dignity even though since 1934 it has lacked its crowning\nfeatures, the clock that was at the centre of the pediment, the bell turret\nabove and the large weathervane in the shape of St George and the dragon. The\ncentral lunette may once have been glazed, though an organ soon blocked it.\nThe lettering, Deutsche Lutherische St Georgs Kirche Begrndet 1762 in\nGothic script, is a renewal of an earlier inscription. The original form of\nthis elevation, which can be seen in photographs, corroborates the link with\nSt John Wapping, whether it was Joel Johnson, Boulton Mainwaring or both who\nwere responsible for the designs. The two uppermost stages of the former\nturret were smaller versions of the upper stages at Wapping, and both churches\nhad identical eyebrow cornices over their clocks. The other elevations of St\nGeorges are quite plain.<sup id="fnref:1"><a class="footnote-ref" href="#fn:1" rel="footnote">1</a></sup></p>\n<div class="footnote">\n<hr />\n<ol>\n<li id="fn:1">\n<p>Footnote.&#160;<a class="footnote-backref" href="#fnref:1" rev="footnote" title="Jump back to footnote 1 in the text">&#8617;</a></p>\n</li>\n</ol>\n</div>	f
28	More Park Info	553	<p>Ius facer pericula mnesarchum te, per ea mundi persius maluisset. Iriure dolorem ad his, eu audire senserit nam. Id suscipit persecuti voluptatibus duo, quando eripuit rationibus te mel. Aeque iracundia gloriatur mel no.</p>\n\n<p>At saepe alienum nostrum ius. Ei dolor tantas aperiam eam, cu sit mundi apeirian consectetuer, te modo enim eum. Mei etiam accusamus assentior at. Vix utinam putant evertitur no.</p>\n	\N	\N	0	1	1	t	f	2016-04-21	<p>Ius facer pericula mnesarchum te, per ea mundi persius maluisset. Iriure\ndolorem ad his, eu audire senserit nam. Id suscipit persecuti voluptatibus\nduo, quando eripuit rationibus te mel. Aeque iracundia gloriatur mel no.</p>\n<p>At saepe alienum nostrum ius. Ei dolor tantas aperiam eam, cu sit mundi\napeirian consectetuer, te modo enim eum. Mei etiam accusamus assentior at. Vix\nutinam putant evertitur no.</p>	f
34	Jacobs Court	184	<p>More Content</p>\n	\N	\N	0	\N	1	t	f	2016-04-19	<p>More Content</p>	f
35	More Content	184	<p>Another document.<br></p>	\N	\N	0	\N	1	f	t	2016-04-19	<p>Another document.  </p>	f
37	Whitechapel Bell Foundry	156	<p>Content.</p>\n\n<p></p>\n	\N	\N	0	\N	1	f	t	2016-04-21	<p>Content.</p>	f
36	Another Placeholder	156	<p>Modus quando voluptatibus mei ea. Sit cu fabulas ancillae voluptua. Ipsum habemus intellegat ad mel. Usu porro prompta convenire no, vidit inciderint in est, ne quo meis quas recteque. Usu ad postea deserunt.</p>\n\n<p>Wisi noster integre mea no, mea maiorum intellegam no. His ferri qualisque ea. Saperet facilisis delicatissimi per eu, dolorum admodum delicata eu cum, detraxit invenire his ne. Eripuit deseruisse omittantur eu mei.</p>\n	\N	\N	0	3	3	t	f	2016-04-21	<p>Modus quando voluptatibus mei ea. Sit cu fabulas ancillae voluptua. Ipsum\nhabemus intellegat ad mel. Usu porro prompta convenire no, vidit inciderint in\nest, ne quo meis quas recteque. Usu ad postea deserunt.</p>\n<p>Wisi noster integre mea no, mea maiorum intellegam no. His ferri qualisque ea.\nSaperet facilisis delicatissimi per eu, dolorum admodum delicata eu cum,\ndetraxit invenire his ne. Eripuit deseruisse omittantur eu mei.</p>	f
38	Fomer Pub	434	<p>This used to be a pub, but it isn't any more.</p>\n	\N	\N	0	\N	1	f	t	2016-04-21	<p>This used to be a pub, but it isn't any more.</p>	f
4	St Mary's Whitechapel	553	<p>For over 600 years a Christian church stood on the site of Adler Street, White Church Lane and Whitechapel High Street, London E1. The original church known as the Whitechapel Church, St Mary Matfelon was the second oldest church in Stepney after St Dunstan's Church. It was created as a chapel-of-ease for the local area in the 13th century. In 1673, the parish of Stepney was divided into nine separate parishes, one of them being the newly formed parish of St Mary's, Whitechapel. A third church was built on the site in the 19th century, largely at the expense of Octavius Coope; it was opened and re-consecrated on 2 February.&lt;sup id="fnref:1"&gt;<a href="#fn:1">1</a>&lt;/sup&gt;</p>\n\n<p>On 26 August 1880, the new church, which had been opened little more than three years before, was devastated by a fire which left only its tower, vestry and church rooms intact. It was rebuilt and opened once more on 1 December 1882, this time with a capacity for 1600 worshippers and including an external pulpit for sermons, some of which were given in Yiddish.&lt;sup id="fnref:2"&gt;<a href="#fn:2">2</a>&lt;/sup&gt;</p>\n\n<p>During The Blitz, on 29 December 1940, an enemy fire raid destroyed the church. It was left in disrepair until it was finally demolished in 1952.</p>\n\n<p>The site of the church became St Mary's Gardens in 1966; it is now a public park called Altab Ali Park; an outline of the footprint of the church is all that remains of it. Among those buried on the site are Richard Parker, Richard Brandon, Sir John Cass,&lt;sup id="fnref:3"&gt;<a href="#fn:3">3</a>&lt;/sup&gt; and "Sir" Jeffrey Dunstan.</p>\n\n<p>&lt;div class="footnote"&gt; &lt;hr/&gt;</p>\n\n<p>Note 1.<a href="#fnref:1" title="Jump back to footnote 1 in the text"></a></p>\n\n<p>Note 2.<a href="#fnref:2" title="Jump back to footnote 2 in the text"></a></p>\n\n<p>Note 3. <a href="#fnref:3" title="Jump back to footnote 3 in the text"></a></p>\n\n<p>&lt;/div&gt;</p>\n	\N	\N	0	1	1	t	t	2016-04-21	<p>For over 600 years a Christian church stood on the site of Adler Street, White\nChurch Lane and Whitechapel High Street, London E1. The original church known\nas the Whitechapel Church, St Mary Matfelon was the second oldest church in\nStepney after St Dunstan's Church. It was created as a chapel-of-ease for the\nlocal area in the 13th century. In 1673, the parish of Stepney was divided\ninto nine separate parishes, one of them being the newly formed parish of St\nMary's, Whitechapel. A third church was built on the site in the 19th century,\nlargely at the expense of Octavius Coope; it was opened and re-consecrated on\n2 February.&lt;sup id="fnref:1"&gt;1&lt;/sup&gt;</p>\n<p>On 26 August 1880, the new church, which had been opened little more than\nthree years before, was devastated by a fire which left only its tower, vestry\nand church rooms intact. It was rebuilt and opened once more on 1 December\n1882, this time with a capacity for 1600 worshippers and including an external\npulpit for sermons, some of which were given in Yiddish.&lt;sup\nid="fnref:2"&gt;2&lt;/sup&gt;</p>\n<p>During The Blitz, on 29 December 1940, an enemy fire raid destroyed the\nchurch. It was left in disrepair until it was finally demolished in 1952.</p>\n<p>The site of the church became St Mary's Gardens in 1966; it is now a public\npark called Altab Ali Park; an outline of the footprint of the church is all\nthat remains of it. Among those buried on the site are Richard Parker, Richard\nBrandon, Sir John Cass,&lt;sup id="fnref:3"&gt;3&lt;/sup&gt; and "Sir" Jeffrey\nDunstan.</p>\n<p>&lt;div class="footnote"&gt; &lt;hr/&gt;</p>\n<p>Note 1.</p>\n<p>Note 2.</p>\n<p>Note 3. </p>\n<p>&lt;/div&gt;</p>	f
22	Whitechapel Bell Foundry	156	<p>Lorem ipsum dolor sit amet, sit an clita congue persequeris, est qualisque accusamus te. Eu nusquam persecuti mnesarchum nam. Quis fierent commune ut duo, mel possit partiendo contentiones ad. Eam noster persecuti intellegebat ut, nec ea graece incorrupte, iuvaret electram per in. Id has duis pertinax. Vix quidam prompta noluisse in.</p>\n\n<p>Te sit euismod pertinax sententiae, vel eu falli dicam consectetuer. In discere reformidans eos. Ne diceret fuisset explicari eum. Invenire pericula dissentiet has in, sea et quod moderatius. Veniam molestiae at eum, sed at dicunt persecuti, cum nostrud appetere persecuti at.</p>\n	\N	\N	0	1	3	t	f	2016-04-21	<p>Lorem ipsum dolor sit amet, sit an clita congue persequeris, est qualisque\naccusamus te. Eu nusquam persecuti mnesarchum nam. Quis fierent commune ut\nduo, mel possit partiendo contentiones ad. Eam noster persecuti intellegebat\nut, nec ea graece incorrupte, iuvaret electram per in. Id has duis pertinax.\nVix quidam prompta noluisse in.</p>\n<p>Te sit euismod pertinax sententiae, vel eu falli dicam consectetuer. In\ndiscere reformidans eos. Ne diceret fuisset explicari eum. Invenire pericula\ndissentiet has in, sea et quod moderatius. Veniam molestiae at eum, sed at\ndicunt persecuti, cum nostrud appetere persecuti at.</p>	f
32	A Description	156	<p>Appetere scribentur est te. Prima justo ad pri, cum cu utamur delicatissimi. Atomorum incorrupte ex sea. Quidam prompta cu vix, eos at eros nulla graecis, ei cum saepe quando pertinacia. Pri ex noster percipitur scribentur, sea eripuit delectus no.</p>\n\n<p>Sed ad duis mediocrem, eum in inciderint reformidans. Ad commune expetendis vel. Eam quod omnes saepe te. Aperiri intellegat pri ne, ei elit postulant vis, novum quando quaerendum eu pri. Nam te minimum sadipscing, id dicit fabulas eos. Reque omnes prodesset ut mei, ex vel civibus temporibus theophrastus.</p>\n\n<p>Ius facer pericula mnesarchum te, per ea mundi persius maluisset. Iriure dolorem ad his, eu audire senserit nam. Id suscipit persecuti voluptatibus duo, quando eripuit rationibus te mel. Aeque iracundia gloriatur mel no.</p>\n\n<p>At saepe alienum nostrum ius. Ei dolor tantas aperiam eam, cu sit mundi apeirian consectetuer, te modo enim eum. Mei etiam accusamus assentior at. Vix utinam putant evertitur no.</p>\n	\N	\N	0	2	1	t	f	2016-04-21	<p>Appetere scribentur est te. Prima justo ad pri, cum cu utamur delicatissimi.\nAtomorum incorrupte ex sea. Quidam prompta cu vix, eos at eros nulla graecis,\nei cum saepe quando pertinacia. Pri ex noster percipitur scribentur, sea\neripuit delectus no.</p>\n<p>Sed ad duis mediocrem, eum in inciderint reformidans. Ad commune expetendis\nvel. Eam quod omnes saepe te. Aperiri intellegat pri ne, ei elit postulant\nvis, novum quando quaerendum eu pri. Nam te minimum sadipscing, id dicit\nfabulas eos. Reque omnes prodesset ut mei, ex vel civibus temporibus\ntheophrastus.</p>\n<p>Ius facer pericula mnesarchum te, per ea mundi persius maluisset. Iriure\ndolorem ad his, eu audire senserit nam. Id suscipit persecuti voluptatibus\nduo, quando eripuit rationibus te mel. Aeque iracundia gloriatur mel no.</p>\n<p>At saepe alienum nostrum ius. Ei dolor tantas aperiam eam, cu sit mundi\napeirian consectetuer, te modo enim eum. Mei etiam accusamus assentior at. Vix\nutinam putant evertitur no.</p>	f
33	A Reminiscence	156	<p>Iudicabit delicatissimi est an. Has in diceret equidem sadipscing, pro eu quodsi antiopam, ex vide mutat hendrerit nec. Timeam abhorreant disputationi te sea. No graeci periculis quo. In cum alia euismod vituperatoribus, cibo consulatu sit ex, ei persius epicuri nec. Qui ne malorum democritum sadipscing, nam ut eius ipsum praesent.</p>\n\n<p>Sed ei ancillae recusabo vulputate, sit mazim civibus torquatos et. Omnes debitis vel cu. Vix noster lucilius sensibus cu, pro iisque eleifend eu. Ad utinam feugiat definiebas vel. Qui an dicant oportere conclusionemque, stet tincidunt vel et. Ad nostrum perpetua mei, est et augue persecut</p>\n	\N	\N	0	3	1	t	f	2016-04-21	<p>Iudicabit delicatissimi est an. Has in diceret equidem sadipscing, pro eu\nquodsi antiopam, ex vide mutat hendrerit nec. Timeam abhorreant disputationi\nte sea. No graeci periculis quo. In cum alia euismod vituperatoribus, cibo\nconsulatu sit ex, ei persius epicuri nec. Qui ne malorum democritum\nsadipscing, nam ut eius ipsum praesent.</p>\n<p>Sed ei ancillae recusabo vulputate, sit mazim civibus torquatos et. Omnes\ndebitis vel cu. Vix noster lucilius sensibus cu, pro iisque eleifend eu. Ad\nutinam feugiat definiebas vel. Qui an dicant oportere conclusionemque, stet\ntincidunt vel et. Ad nostrum perpetua mei, est et augue persecut</p>	f
39	The University of the East End	389	<p>Vivendo convenire mei te. His nostro delectus disputando ei, an vis iisque adipisci. Te liber omnes viderer eum. No has diam altera assueverit, at possit invenire vim, aeterno splendide ea sea.</p>\n\n<p>Minim meliore pri in, cu veri eripuit nec. Animal dolorum legendos at nam, albucius euripidis ne nam, ei suavitate appellantur repudiandae sed. Pro ad solum doctus, ut pro quem persius, prompta prodesset at duo. Quo no idque affert prompta, habeo graece vocent te has. Vim nulla dolor quidam et, eam vulputate accommodare ut.</p>\n	\N	\N	0	1	3	t	f	2016-04-22	<p>Vivendo convenire mei te. His nostro delectus disputando ei, an vis iisque\nadipisci. Te liber omnes viderer eum. No has diam altera assueverit, at possit\ninvenire vim, aeterno splendide ea sea.</p>\n<p>Minim meliore pri in, cu veri eripuit nec. Animal dolorum legendos at nam,\nalbucius euripidis ne nam, ei suavitate appellantur repudiandae sed. Pro ad\nsolum doctus, ut pro quem persius, prompta prodesset at duo. Quo no idque\naffert prompta, habeo graece vocent te has. Vim nulla dolor quidam et, eam\nvulputate accommodare ut.</p>	f
\.


--
-- Name: map_document_id_seq; Type: SEQUENCE SET; Schema: public; Owner: whitechapel_geodjango
--

SELECT pg_catalog.setval('map_document_id_seq', 39, true);


--
-- Data for Name: map_documenttype; Type: TABLE DATA; Schema: public; Owner: whitechapel_geodjango
--

COPY map_documenttype (id, name) FROM stdin;
1	History
2	Description
3	Story
\.


--
-- Name: map_documenttype_id_seq; Type: SEQUENCE SET; Schema: public; Owner: whitechapel_geodjango
--

SELECT pg_catalog.setval('map_documenttype_id_seq', 3, true);


--
-- Data for Name: map_feature; Type: TABLE DATA; Schema: public; Owner: whitechapel_geodjango
--

COPY map_feature (id, geom, address, postcode, count, thumbnail, street, b_number, banner, architect, b_name, b_type, builders, f_date, materials, original, rebuild_1, rebuild_2, storeys, c_area, listed, basement, type) FROM stdin;
8	0106000020E6100000010000000103000000020000001F000000D8EA2A83D23CB1BFBA71C1140AC249406CB85A60B33DB1BF22B95EC10AC249400CCBA06F8434B1BF2B9E80E30BC249407BF296D06935B1BF2889CA5A0CC249402F43702CA624B1BF60E36EA20EC249400FDC5D217F23B1BF4CCF950A0EC2494035C148CBF81DB1BFE53158940EC24940FE571A823D1FB1BFA0D2CC610FC24940E8804BB70307B1BFB1A1E2F912C24940AC1F8409D6EDB0BFE5EE4661FAC14940482DE7F4CDEFB0BF1874993AF9C14940260BDE93D215B1BFE7015975F8C149409482053E1F1AB1BF9DFB457FFEC14940A35C9140F91DB1BFB19A6FC7FEC14940455A2DE4291EB1BF7F4B131DFEC149408354E8E48621B1BF7CB476D9FDC1494052BB68B8BD21B1BFBA23017AFEC14940AA6371E76025B1BF6C34A021FEC14940CC3C69987B23B1BFA7CEC51CF8C149405746EFC57830B1BF397773CDF7C1494035802B470634B1BF20FA0875F8C149408971DB08C339B1BF57907C4CFDC149404FFE11EB3E3CB1BF01B35F87FFC1494078FA0AB62A3BB1BF6E961DA5FFC14940889005EA0B3DB1BF981B9F1E01C249406777123D113FB1BFB57885ED00C249405AAEEF1FEB45B1BF31C822D206C24940BBC0FFED8E44B1BFBA99F91907C24940BEF2D214F746B1BF1A0EF0A908C24940FC32586AD33CB1BF762A170A0AC24940D8EA2A83D23CB1BFBA71C1140AC24940150000003126208AF437B1BF1D2E5D2A09C24940C3F401557235B1BF5CF3213A07C24940C5EA24EA4933B1BFB2A79D7507C2494020C8FEE62B32B1BF8FDD1D7306C2494005FF58075734B1BF0D56A31706C24940921E225A9131B1BFEF8A2D1C04C24940C4C90435D22FB1BF3FC1823804C24940EFA6D8819C2DB1BF1B31DBE801C24940557F99AF6331B1BFA7A46D7B01C24940A8C4AB34A330B1BF4C006DE400C249408C3AEBBCBC33B1BF7B9F959500C249405827D732DB30B1BF3EC02F4FFEC14940EAA11EE35126B1BF1842D3A3FFC14940DAE38FAE2729B1BF5FDEDE7402C24940616E73903013B1BF2A5D309C04C249409F1094582A16B1BFEFC62F5807C249405B77BA0CF820B1BF464A1D0406C2494069F47D717F25B1BFD001CE5809C249402AD1C895E62FB1BF6E70E20308C249409AD4E6986A32B1BF562BC9DE09C249403126208AF437B1BF1D2E5D2A09C24940	Albany Court, 18 Plumbers Row	E1 1EE	0	\N	Plumbers Row	18	\N	\N	\N	\N	\N	0	\N	0	0	0	0	0	0	0	\N
9	0106000020E6100000010000000103000000010000000E000000B5CA32DFF921B1BF2204E063F5C1494027BDBD776B1EB1BF8B83F4C6F4C14940414347AF5E19B1BFFE649771F4C1494008D38093EB16B1BF29842AF7F4C14940BC3702BD8313B1BFF84AC2BAF5C14940A2A442629E07B1BF2547ACC1F5C149406E4D76D31705B1BF26403571F2C149408E37D8764F02B1BF7CC0BD95F0C14940AE5B73983901B1BF373E4133EFC1494084549D9BF101B1BF860BAEDEE9C14940BA2DB3661E2AB1BF769B7D73EAC1494024E0E49DD32DB1BFF69B0B52F4C149403BA821D2F12AB1BFA211C336F5C14940B5CA32DFF921B1BF2204E063F5C14940	Dryden Building, 37 Commercial Road	E1 1LF	0	\N	Commercial Road	37	\N	\N	\N	\N	\N	0	\N	0	0	0	0	0	0	0	\N
10	0106000020E61000000100000001030000000100000005000000CD418650D34FB1BFF4F7529C06C24940E6E199E76438B1BFE2EDF932F4C14940417F60650244B1BFE2A497C0F2C14940248A53FFC45AB1BF3059313305C24940CD418650D34FB1BFF4F7529C06C24940	1-13 Adler Street	E1 1EE	0	\N	Adler Street	0	\N	\N	\N	\N	\N	0	\N	0	0	0	0	0	0	0	\N
11	0106000020E610000001000000010300000001000000100000000FBDBD2CF78EB1BF5C7A9C2001C249400856811E7E8FB1BF9752113701C2494015BCF046988DB1BF8D91728801C24940C70325D6FC8FB1BFE26B114303C24940699309D54C5CB1BF7B438CCC0AC24940EAEBCB932059B1BF7A9E3ED008C24940CA6A1F591A57B1BF84C1020C09C24940492A49E3DD58B1BF4F90E84F0AC2494091BCE92B7E55B1BFDFC684B30AC24940B14266C41452B1BFAB99546108C249401C46B099C357B1BF181F318D07C24940735F79998858B1BF733FDEEE07C249404CF65C0B668BB1BF7D72B1A300C24940BB1E3D2C858AB1BF7B7214F7FFC14940E63276DA168DB1BF6C4E719CFFC149400FBDBD2CF78EB1BF5C7A9C2001C24940	Naylor Building East, 15 Adler Street	E1 1HD	0	\N	Adler Street	15	\N	\N	\N	\N	\N	0	\N	0	0	0	0	0	0	0	\N
12	0106000020E61000000100000001030000000100000007000000BB357534F1A7B1BFF96907B5FFC14940529C3280CB98B1BF1EBD6BD501C249402B3E2789058BB1BFE62683E1F6C14940B63788EF518DB1BFFE22FA90F6C149408E538259CD8BB1BF6C89A28DF5C14940BE1C99E7EB98B1BFEF01AEB3F3C14940BB357534F1A7B1BFF96907B5FFC14940	Naylor Building West, 1 Assam Street	E1 7QL	0	\N	Assam Street	1	\N	\N	\N	\N	\N	0	\N	0	0	0	0	0	0	0	\N
14	0106000020E6100000010000000103000000010000000700000069E4F82749D4B1BF27313830F0C14940AFF81A8C97B8B1BFC655F44BF5C14940AAD4FD5B3BB9B1BF0612200DF4C1494029C6D10642BCB1BF1308B008F3C149403FC2BBAAE4BDB1BF01C267EBEDC1494058ED4AD770D4B1BF50C3F35AEEC1494069E4F82749D4B1BF27313830F0C14940	London Fire Brigade Whitechapel	E1	0	\N	Manningtree Street	\N	\N	\N	\N	\N	\N	0	\N	0	0	0	0	0	0	0	\N
15	0106000020E610000001000000010300000001000000090000005DCF2C9172A2B1BF62E4F586EEC1494088A8151F72A2B1BFC0DEFB86EEC1494083C17708879CB1BF3AB8938FEFC14940111A3F2DF199B1BF917C03F5EDC14940E6AF99D9839AB1BFA7A6D280EDC14940EE58CAED049CB1BFB1894419EDC14940D6D129D518A3B1BF56C52F28EDC149407B7055C513A4B1BFF3451135EEC149405DCF2C9172A2B1BF62E4F586EEC14940	Naylor Building West, 1 Assam Street	E1 7QL	0	\N	Assam Street	1	\N	\N	\N	\N	\N	0	\N	0	0	0	0	0	0	0	\N
16	0106000020E6100000010000000103000000010000000A000000F1A39880CB80B1BF13FC1C01F0C14940853DFB63B685B1BF322E264BF3C149404B31B14A0786B1BFBE23F54BF4C14940F6D0A307F270B1BF71464215F7C14940121CA28F436BB1BF3039BA28F3C14940E31487F1885CB1BF938D9F14F5C14940B6926108E856B1BFA4D51C88F0C1494068E246B3AC79B1BF0C100386EBC14940C5160E1EDD7BB1BF0DE71880ECC14940F1A39880CB80B1BF13FC1C01F0C14940	Hult International Business School, 33 Commercial Road	E1 1LD	0	\N	Commercial Road	33	\N	\N	\N	\N	\N	0	\N	0	0	0	0	0	0	0	\N
17	0106000020E61000000100000001030000000100000009000000BDC653FE2D6AB1BF12815DA7F9C14940633913B0E067B1BF48739002FAC149402114522AC568B1BFC7748484FAC14940D4DC5B97B162B1BF18867B42FBC14940F459DAC53262B1BF77100ACCFAC1494017CBB8CD455EB1BF066ED963FBC1494034DDAF32615AB1BFB4C88E70F8C1494038D4C37E0066B1BF2142D6E8F6C14940BDC653FE2D6AB1BF12815DA7F9C14940	Hult International Business School, 33 Commercial Road	E1 1LD	0	\N	Commercial Road	33	\N	\N	\N	\N	\N	0	\N	0	0	0	0	0	0	0	\N
18	0106000020E6100000010000000103000000010000000E000000A39E446E7B4BB1BF3F480625EEC14940D3EFCDD55645B1BF74311118EEC14940B6CD8CF4F144B1BFD2027397EFC14940756F95B9353FB1BF0F8A0176EFC149401972BE3DD33FB1BFCE96D581EEC14940EC9D2751053DB1BF6E25EB7BEEC1494029956B73F13CB1BF72478D66EFC14940492CF7250438B1BFB8C67731EFC14940E8D7182E0538B1BFEDC93E91EDC14940AC33B231E333B1BF197A2E73EDC149404B0A675EA433B1BF45DA119DEBC1494099EE59F64D35B1BF389424EBEAC14940A40A0F09354AB1BF79BA57D7EBC14940A39E446E7B4BB1BF3F480625EEC14940	Morrison Buildings North, 35a Commercial Road	E1 1LB	0	\N	Commercial Road	0	\N	\N	\N	\N	\N	0	\N	0	0	0	0	0	0	0	\N
19	0106000020E610000001000000010300000001000000100000007A2BAB41D2EFB1BF1B9CA9EB25C249402E5F9DE85FE9B1BF6E78B7D126C24940E7975DAA9BEAB1BFF2FF26AE27C2494002A3E9B5E3E6B1BFFD0DDA3228C24940FA3D1B2A87E5B1BF285E863F27C24940CAD0ADDB2BE3B1BF49AB9F9327C2494006C062D52BE3B1BFC678A09327C249403DE75CE3D7DDB1BFC1CE984128C249406FBD364CD4D8B1BF57EC865624C24940718C7F1665DBB1BFBF398D0624C24940F6CDDC9756D1B1BF7F8DA4851CC249401B9093694DD7B1BF80EE64871BC249405682D85A4DD7B1BF783159871BC24940AD2AA627BFE0B1BF17138B2D1AC24940A716AB7B25E1B1BF8259F97B1AC249407A2BAB41D2EFB1BF1B9CA9EB25C24940	The Lane Lounge Bar	E1 6TE	0	\N	Osborn Street	\N	\N	\N	\N	\N	\N	0	\N	0	0	0	0	0	0	0	\N
20	0106000020E61000000100000001030000000100000005000000734A575CFBC7B1BF71C0F24721C24940125CB5414AC1B1BF328918FA22C249400210052B0CBAB1BF8D26C51F20C24940CD943C3252C0B1BF6DD81AA21EC24940734A575CFBC7B1BF71C0F24721C24940	E1 Business Centre, 7 Whitechapel High Street	E1 7QX	0	\N	Whitechapel High Street	7	\N	\N	\N	\N	\N	0	\N	0	0	0	0	0	0	0	\N
21	0106000020E6100000010000000103000000010000000A0000007985F8A15EB8B1BFAF7591E71AC249403563D756B0B6B1BF706F0D981BC24940771F48740BBAB1BF14F851FF1CC249400D63888DACB8B1BF8F4D28671DC24940287BDA747FBAB1BF0AA0BEF51DC2494000251C4367B6B1BF1B34EEF71EC24940BA20F2363DB2B1BFE3DE4DA41DC24940B23FCB87E4ABB1BF518343411BC24940C303228AF2B3B1BF51A6953C19C249407985F8A15EB8B1BFAF7591E71AC24940	E1 Business Centre, 7 Whitechapel High Street	E1 7QX	0	\N	Whitechapel High Street	7	\N	\N	\N	\N	\N	0	\N	0	0	0	0	0	0	0	\N
22	0106000020E61000000100000001030000000100000006000000F3C26B6E5FAEB1BFFAB6FB9B1EC24940A60328425FAEB1BFEF16F49B1EC2494054424FE277A8B1BF6CC742241CC249403D228B57E4ABB1BF8B913C411BC249406203B2063DB2B1BF23ED46A41DC24940F3C26B6E5FAEB1BFFAB6FB9B1EC24940	The Nag's Head, 17-19 Whitechapel Road	E1 7QR	0	\N	Whitechapel Road	0	\N	\N	\N	\N	\N	0	\N	0	0	0	0	0	0	0	\N
23	0106000020E6100000010000000103000000010000001E000000DCA562C4F0BFB1BF0A39F12123C24940D0B294E4BFC3B1BFA544A27F25C24940901FA95090AEB1BFF2D93E7E29C249402BFCABCBEDB5B1BFAE34680E2EC249406B2DACDBF8CBB1BF306F65FC2AC24940F3D3E550D0D2B1BFB4EA6E6B2FC2494085C0DEF75BBCB1BF2F03999C32C24940D7CA9091B8C3B1BF1B3B6C3737C249400544F48464D1B1BFCD84412935C24940462126AEA1D1B1BFE9D6237F35C249409BB62D5BACD5B1BFD707EE1C35C24940BB49FC6538DAB1BF41FC473C38C24940ED66B9240DADB1BFA9ED27F33CC249402AA200D2739FB1BF80A0AAAA34C24940E380AF0CAFA5B1BF2572FCAC33C2494000F2AE1992A7B1BFBB95281135C24940CBDFBCDF30A9B1BF6FE135DF34C24940730E210E64B0B1BF22DF13CF39C24940A65C7100FCB4B1BFE171AB3839C2494041C1515B37B5B1BF7A5AE2A339C24940A3DCF9F1A0BAB1BF4DB7D6D938C249404493F94176A1B1BFF049528D29C2494091860F121DA5B1BF1D48460A29C2494063D02752BBA9B1BF9B17362928C2494089E370F424ABB1BF7134F3D628C2494060DEAE59A6B1B1BFBA3B80C427C24940D84844B73CB0B1BFAF28C31627C2494006F83F9325B7B1BFACE87DFA25C24940605926C87EB5B1BFE084DEF624C24940DCA562C4F0BFB1BF0A39F12123C24940	Green Dragon Yard	E1 6PU	0	\N	Old Montague Street	\N	\N	\N	\N	\N	\N	0	\N	0	0	0	0	0	0	0	\N
24	0106000020E610000001000000010300000001000000050000008F89BC8512A3B1BFE106415026C24940C89AC2703C76B1BFF5293E9330C24940E0397454BF69B1BF739620F82AC2494054F709A5E895B1BF3F0312C920C249408F89BC8512A3B1BFE106415026C24940	Argos	E1 1DQ	0	\N	Whitechapel Road	\N	\N	\N	\N	\N	\N	0	\N	0	0	0	0	0	0	0	\N
25	0106000020E6100000010000000103000000010000000D000000EEB5486B2FA5B1BF8EB0A6AB31C24940BBF81DD674A4B1BF9FC2629233C2494075089249E4A1B1BF21984D7A33C2494062C45AE036A2B1BFA6CDE3D232C24940E12F3837EAA0B1BF2F7D25C832C2494012432735EC9FB1BF41C8DFD833C249406836DAC9178BB1BFEABB1F7232C249404C7C0CF9808DB1BF70AA69392FC24940F6208AE39690B1BF5EE39D7A2FC249402BA895C41591B1BF12E647262FC249402B84C331C0A3B1BFB56FCA7530C24940A1702C60E4A2B1BF08CECC8631C24940EEB5486B2FA5B1BF8EB0A6AB31C24940	Black Lion House, 45 Whitechapel Road	E1 1EE	0	\N	Whitechapel Road	45	\N	\N	\N	\N	\N	0	\N	0	0	0	0	0	0	0	\N
27	0106000020E61000000100000001030000000100000008000000438CE49B9D77B1BF7D2EA46136C24940F931C7680C72B1BF65D9636B37C24940FEBF59F98971B1BFF3899B1F37C249403F0E1ECC4A66B1BF50ADD4F238C24940E3E88988105DB1BF56F0624934C24940D888466D6466B1BF06CE880733C24940E8081DB3066EB1BFEDC3094231C24940438CE49B9D77B1BF7D2EA46136C24940	East London Works, 75 Whitechapel Road	E1 1EE	0	\N	Whitechapel Road	75	\N	\N	\N	\N	\N	0	\N	0	0	0	0	0	0	0	\N
28	0106000020E610000001000000010300000001000000060000006C7CE8557362B1BFE90A3C203AC24940D06416C4E652B1BFE4F551D53DC24940CEA6FF69C448B1BF507794D438C24940536147EE1B52B1BF2C0B126837C249405DC1C87E035AB1BF289C799835C249406C7CE8557362B1BFE90A3C203AC24940	East London Works, 75 Whitechapel Road	E1 1EE	0	\N	Whitechapel Road	75	\N	\N	\N	\N	\N	0	\N	0	0	0	0	0	0	0	\N
13	0106000020E6100000010000000103000000010000000500000024AFA9F8A9E5B1BF5A53F08101C249401702779D06CEB1BF088557AEF4C1494098FE7E42E0E8B1BFCC18E410F0C14940EBBB6C5D3500B2BFA25F3B59FDC1494024AFA9F8A9E5B1BF5A53F08101C24940	The Cass, Whitechapel High Street	E1	0	uploads/features/13/the_cass_ONVK9Zn.png	Whitechapel High Street	\N			The Cass	\N		0		1970	0	0	0	True	True	True	
29	0106000020E6100000010000000103000000010000000F0000000F6DE7D19C7FB1BFCB61D6CE38C24940CC3128C45380B1BFFF7C123F39C2494013502F5BC672B1BF25A029783BC24940299FF6ADBF71B1BF8D90EDF53AC2494005C736E10A6FB1BFD38CF25A3BC249409476BF8D1D6CB1BF5001339F39C249408964B1F15F74B1BFD294175B38C24940CD893140AE74B1BFDAAF56E637C24940BB0461F0AB77B1BFD6688E4C37C24940A768ECB4D578B1BF454068C437C24940C5F00251797FB1BFD3CB3EB236C24940AD3A34EE7681B1BF405693A637C24940D0CDECD4B680B1BFA22605D537C24940FAB868B3CD81B1BFD4760F6238C249400F6DE7D19C7FB1BFCB61D6CE38C24940	Black Lion House, 45 Whitechapel Road	E1 1EE	0	\N	Whitechapel Road	45	\N	\N	\N	\N	\N	0	\N	0	0	0	0	0	0	0	\N
30	0106000020E6100000010000000103000000010000000E000000840E41E3714DB1BFA5D1F9F13EC24940CE5223C7DB4DB1BFBEA421FA3EC24940CCD4438D2149B1BF2181EEDA3FC249401D76FF4C7552B1BF0DE2D6BD44C249403B89969E8643B1BF10BBE68347C2494004B542C1014AB1BFF00619E94AC24940A563A6BFA841B1BF812F2B634CC249400EB3682E5B3AB1BFA155EBCA48C24940C7B27FAF9131B1BF38296E3044C24940CBE007517330B1BF78689F6544C24940DDBBA9FFC926B1BFE581DD553FC2494046515143B236B1BFA69765EC3CC24940215AD40F1E43B1BF595D7BDB39C24940840E41E3714DB1BFA5D1F9F13EC24940	East London Works, 75 Whitechapel Road	E1 1EE	0	\N	Whitechapel Road	75	\N	\N	\N	\N	\N	0	\N	0	0	0	0	0	0	0	\N
31	0106000020E6100000010000000103000000010000001800000015E83146EC6CB1BFF88AFA833CC2494046749C1B196FB1BF1BA1B9A83DC24940BFFD1C44E370B1BF26AAEB533DC24940444AC4FBF674B1BFCA4A1D3040C24940E9FC7788E88AB1BFEA0C87B83CC2494059670A4F8C86B1BF412B0E093AC249401CA861B38F88B1BFC01D9FB739C24940EE5B5668C186B1BF6420E69A38C249408F8E39F7A58CB1BF266C8AAC37C249407350EE40798EB1BFABBF56CC38C249401CBB0D965B90B1BFA8D1208038C24940C5531E98CD94B1BF378F033D3BC24940CFBB77D5B59CB1BF018C2CFD39C24940AFF1BEDA909DB1BF3DC110843AC249406A358F135B9FB1BF8FF4A93B3AC2494088A1CBF090A2B1BFF10BD6353CC249408AF99EFAF09EB1BF588575C83CC24940700132B4E29FB1BF8B51555D3DC24940C20A24165294B1BFDEE61F313FC24940683BFA38A566B1BF654D9E6846C24940AE6CF8001261B1BF179A98F942C249400FCABB63256BB1BF1B9F0D6241C2494052A74A0C4665B1BF776225C43DC2494015E83146EC6CB1BFF88AFA833CC24940	Black Lion House, 45 Whitechapel Road	E1 1EE	0	\N	Whitechapel Road	45	\N	\N	\N	\N	\N	0	\N	0	0	0	0	0	0	0	\N
32	0106000020E6100000010000000103000000010000000500000093B8CAAFC0AAB1BF47C673F744C24940F6A01299E7A1B1BF1AD7F81446C2494018205D5BB19DB1BF88BD92D442C24940F9BC2FC8E1A6B1BF47640BAC41C2494093B8CAAFC0AAB1BF47C673F744C24940	Spelman House	E1	0	\N	\N	\N	\N	\N	\N	\N	\N	0	\N	0	0	0	0	0	0	0	\N
33	0106000020E610000001000000010300000001000000050000009658F9CADACBB1BF0C64038241C2494066C12C048FC2B1BF6206E56342C24940AB4895C562BFB1BF3B8A26233FC2494031BC032885C8B1BF4FB032453EC249409658F9CADACBB1BF0C64038241C24940	Green Dragon Yard	E1 6TE	0	\N	Old Montague Street	\N	\N	\N	\N	\N	\N	0	\N	0	0	0	0	0	0	0	\N
34	0106000020E6100000010000000103000000010000000700000052B211AF3FAAB1BFEA883FA41FC24940E8613B803FAAB1BFA97D38A41FC2494008A57AF9B0A4B1BF6BDCB61E1DC2494054424FE277A8B1BF6CC742241CC24940A60328425FAEB1BFEF16F49B1EC24940F3C26B6E5FAEB1BFFAB6FB9B1EC2494052B211AF3FAAB1BFEA883FA41FC24940	UAE Money Exchange, 21 Whitechapel Road	E1 7QR	0	\N	Whitechapel Road	21	\N	\N	\N	\N	\N	0	\N	0	0	0	0	0	0	0	\N
35	0106000020E61000000100000001030000000100000007000000A29C8A0FB0A6B1BF23EF6F8820C24940FAB4E9E0AFA6B1BF9DBD688820C24940D6CC1F5177A0B1BFF5EDE3361EC2494008A57AF9B0A4B1BF6BDCB61E1DC24940E8613B803FAAB1BFA97D38A41FC2494052B211AF3FAAB1BFEA883FA41FC24940A29C8A0FB0A6B1BF23EF6F8820C24940	Best Star One Food and Wine, 23 Whitechapel Road	E1 7QR	0	\N	Whitechapel Road	23	\N	\N	\N	\N	\N	0	\N	0	0	0	0	0	0	0	\N
36	0106000020E6100000010000000103000000010000000700000068CF76E291A2B1BF830F4F9021C24940016330AE91A2B1BFAC38499021C24940E7B3B756759CB1BF91DFA4401FC24940D6CC1F5177A0B1BFF5EDE3361EC24940FAB4E9E0AFA6B1BF9DBD688820C24940A29C8A0FB0A6B1BF23EF6F8820C2494068CF76E291A2B1BF830F4F9021C24940	Mutual Trust Bank Exchange, 25 Whitechapel Road	E1 7QR	0	\N	Whitechapel Road	25	\N	\N	\N	\N	\N	0	\N	0	0	0	0	0	0	0	\N
37	0106000020E61000000100000001030000000100000006000000E7B3B756759CB1BF91DFA4401FC24940016330AE91A2B1BFAC38499021C2494068CF76E291A2B1BF830F4F9021C2494037581D6BC29DB1BFABDB8EC422C2494053606BAD1498B1BFEF49EC6220C24940E7B3B756759CB1BF91DFA4401FC24940	Spitalfields Crypt Trust, 27 Whitechapel Road	E1 1DQ	0	\N	Whitechapel Road	27	\N	\N	\N	\N	\N	0	\N	0	0	0	0	0	0	0	\N
38	0106000020E6100000010000000103000000010000000A000000E6BBCA7B77CEB1BF53B2F23E13C24940B243212F16D6B1BF4D9AD2EE16C249407030CD1516D6B1BFC968E9EE16C2494097871D48EEC7B1BF3A4A23FC19C24940476A682EA5BEB1BFEBC094531CC2494039EEDDCC3FC1B1BF93FAD8231DC249407DECC94033BFB1BF63FA45AA1DC24940C840EC6E79BFB1BF168181951DC24940680C62BAF2B3B1BF1C989C3C19C24940E6BBCA7B77CEB1BF53B2F23E13C24940	E1 Business Centre, 7 Whitechapel High Street	E1 7QX	0	\N	Whitechapel High Street	7	\N	\N	\N	\N	\N	0	\N	0	0	0	0	0	0	0	\N
39	0106000020E6100000010000000103000000010000000A000000AD2AA627BFE0B1BF17138B2D1AC249405682D85A4DD7B1BF783159871BC249407A3A196EECD4B1BFA6A61DA219C24940C85D187283D9B1BFF4BE5E1619C24940AA0C615F16D6B1BF1E8CD9EE16C249407030CD1516D6B1BFC968E9EE16C24940B243212F16D6B1BF4D9AD2EE16C24940E6BBCA7B77CEB1BF53B2F23E13C249406C79389B99D5B1BF268467A211C24940AD2AA627BFE0B1BF17138B2D1AC24940	Clifton, 1 Whitechapel Road	E1 7QR	0	\N	Whitechapel Road	1	\N	\N	\N	\N	\N	0	\N	0	0	0	0	0	0	0	\N
40	0106000020E61000000100000001030000000100000006000000CBB20FC3CAF6B1BF3520585A2BC249402E38E2A0CAF6B1BFDF805C5A2BC249400406B48C44DFB1BF1CE8AE5D2EC249407443EBC17CDDB1BFBE193C392DC24940D2892BCD19F5B1BF1120EF082AC24940CBB20FC3CAF6B1BF3520585A2BC24940	Braai, 28 Osborn Street	E1 6TE	0	\N	Osborn Street	28	\N	\N	\N	\N	\N	0	\N	0	0	0	0	0	0	0	\N
41	0106000020E6100000010000000103000000010000000F0000001DCB1EA0C5F1B1BF2A4ED37027C249403AC7C6CCEBE4B1BFFAA4C31F29C24940FB108540BAE6B1BF0CEC53772AC2494019B6F9257CDBB1BFD5BA54F02BC249404953CEB016D7B1BF5505351E29C2494019990CF2D7DDB1BFCB48A44128C249403DE75CE3D7DDB1BFC1CE984128C2494006C062D52BE3B1BFC678A09327C24940CAD0ADDB2BE3B1BF49AB9F9327C24940FA3D1B2A87E5B1BF285E863F27C2494002A3E9B5E3E6B1BFFD0DDA3228C24940E7975DAA9BEAB1BFF2FF26AE27C249402E5F9DE85FE9B1BF6E78B7D126C249407A2BAB41D2EFB1BF1B9CA9EB25C249401DCB1EA0C5F1B1BF2A4ED37027C24940	Arbor City Hotel, 12-20 Osborn Street	E1 6TE	0	\N	Osborn Street	0	\N	\N	\N	\N	\N	0	\N	0	0	0	0	0	0	0	\N
42	0106000020E6100000010000000103000000010000000500000019F1FFFF7DF3B1BF006D03C828C24940E6FE4D31BAE6B1BF559E48772AC249403AC7C6CCEBE4B1BFFAA4C31F29C249401DCB1EA0C5F1B1BF2A4ED37027C2494019F1FFFF7DF3B1BF006D03C828C24940	Geet Ghar, 24 Osborn Street	E1 6TE	0	\N	Osborn Street	24	\N	\N	\N	\N	\N	0	\N	0	0	0	0	0	0	0	\N
43	0106000020E61000000100000001030000000100000007000000D2892BCD19F5B1BF1120EF082AC249407443EBC17CDDB1BFBE193C392DC2494019B6F9257CDBB1BFD5BA54F02BC24940FB108540BAE6B1BF0CEC53772AC24940E6FE4D31BAE6B1BF559E48772AC2494019F1FFFF7DF3B1BF006D03C828C24940D2892BCD19F5B1BF1120EF082AC24940	Apples and Pears, 26 Osborn Street	E1 6TE	0	\N	Osborn Street	26	\N	\N	\N	\N	\N	0	\N	0	0	0	0	0	0	0	\N
44	0106000020E610000001000000010300000001000000070000005EB1939C7CF8B1BF218472AC2CC249409738FC7C7CF8B1BF31D478AC2CC249404CFC198E41E1B1BFFD5846A42FC249400406B48C44DFB1BF1CE8AE5D2EC249402E38E2A0CAF6B1BFDF805C5A2BC24940CBB20FC3CAF6B1BF3520585A2BC249405EB1939C7CF8B1BF218472AC2CC24940	Sajna, 30 Osborn Street	E1 6TE	0	\N	Osborn Street	30	\N	\N	\N	\N	\N	0	\N	0	0	0	0	0	0	0	\N
45	0106000020E610000001000000010300000001000000090000000201FEAD37F6B1BF597EABB435C24940CB5D408B37F6B1BF1B55A3B435C24940FD253091F6F3B1BF971AA5A133C2494060D6F01788F9B1BF25DE210833C24940064EFD64F5F9B1BFDF90125133C249406677FA62F5F9B1BFF65A2A5133C24940BAEFF36E06FCB1BFFE8FD22835C2494057902B60D0FAB1BF99F67A4035C249400201FEAD37F6B1BF597EABB435C24940	The Archers, 42 Osborn Street	E1 6TE	0	\N	Osborn Street	42	\N	\N	\N	\N	\N	0	\N	0	0	0	0	0	0	0	\N
46	0106000020E610000001000000010300000001000000050000009B5213BD47E4B1BFF0B65C412FC24940647C663BD2E6B1BF00A3607830C249408A4A899C93E3B1BF01F46F2131C249404CFC198E41E1B1BFFD5846A42FC249409B5213BD47E4B1BFF0B65C412FC24940	Sajna, 30 Osborn Street	E1 6TE	0	\N	Osborn Street	30	\N	\N	\N	\N	\N	0	\N	0	0	0	0	0	0	0	\N
47	0106000020E6100000010000000103000000010000000A000000EA785B7CFDFCB1BFD693E42E30C249408E8536B21FEFB1BF61CA0DDA31C249407F7A063AF9E9B1BF9A621B1F31C24940CDF098EE02E5B1BF0BBB1E0D32C249408A4A899C93E3B1BF01F46F2131C24940647C663BD2E6B1BF00A3607830C249409B5213BD47E4B1BFF0B65C412FC249409738FC7C7CF8B1BF31D478AC2CC249405EB1939C7CF8B1BF218472AC2CC24940EA785B7CFDFCB1BFD693E42E30C24940	Sonargaon	E1 6TE	0	\N	Osborn Street	\N	\N	\N	\N	\N	\N	0	\N	0	0	0	0	0	0	0	\N
48	0106000020E6100000010000000103000000010000000B0000000E1566E47AFCB1BF665F48EE32C2494030F9CF4B3800B2BF407F1F8132C2494039695C178501B2BF4A6CAA6333C249405AEFA8B6FC01B2BF54D26D2F34C249409D40DD7DBB00B2BF3DFEDFCC34C24940BAEFF36E06FCB1BFFE8FD22835C249406677FA62F5F9B1BFF65A2A5133C24940064EFD64F5F9B1BFDF90125133C24940F7A837A209FAB1BF972C945E33C249405CC906F27AFCB1BF7B4353EE32C249400E1566E47AFCB1BF665F48EE32C24940	The Archers, 42 Osborn Street	E1 6TE	0	\N	Osborn Street	42	\N	\N	\N	\N	\N	0	\N	0	0	0	0	0	0	0	\N
49	0106000020E61000000100000001030000000100000007000000D92B094D7AFBB1BFAED8762132C24940FD90B3617AFBB1BF72DE682132C2494066285E4AF9FEB1BFE09BF7A731C2494030F9CF4B3800B2BF407F1F8132C249400E1566E47AFCB1BF665F48EE32C24940A28BF3917AFBB1BFF9CF6F2132C24940D92B094D7AFBB1BFAED8762132C24940	Easy Mobile UK, 40 Osborn Street	E1 6TE	0	\N	Osborn Street	40	\N	\N	\N	\N	\N	0	\N	0	0	0	0	0	0	0	\N
50	0106000020E6100000010000000103000000010000000A00000066285E4AF9FEB1BFE09BF7A731C24940FD90B3617AFBB1BF72DE682132C24940D92B094D7AFBB1BFAED8762132C249408E8F10A033E8B1BFF6E0211934C24940CDF098EE02E5B1BF0BBB1E0D32C249407F7A063AF9E9B1BF9A621B1F31C249408E8536B21FEFB1BF61CA0DDA31C24940EA785B7CFDFCB1BFD693E42E30C2494059BEEEFA3BFEB1BF283B192731C2494066285E4AF9FEB1BFE09BF7A731C24940	Easy Mobile UK, 40 Osborn Street	E1 6TE	0	\N	Osborn Street	40	\N	\N	\N	\N	\N	0	\N	0	0	0	0	0	0	0	\N
51	0106000020E61000000100000001030000000100000007000000C826493E01F1B1BFAB626F3836C2494057EB811C01F1B1BF3313673836C249403C813B8191EEB1BF7D8B5E3634C24940FD253091F6F3B1BF971AA5A133C24940CB5D408B37F6B1BF1B55A3B435C249400201FEAD37F6B1BF597EABB435C24940C826493E01F1B1BFAB626F3836C24940	Sweet Point Food and Wine, 2 Old Montague Street	E1 6TE	0	\N	Old Montague Street	2	\N	\N	\N	\N	\N	0	\N	0	0	0	0	0	0	0	\N
52	0106000020E610000001000000010300000001000000060000003C813B8191EEB1BF7D8B5E3634C2494057EB811C01F1B1BF3313673836C24940C826493E01F1B1BFAB626F3836C24940A61CAFD564ECB1BF3DC3FDAC36C24940ED6F6CE458E9B1BF7A954EC634C249403C813B8191EEB1BF7D8B5E3634C24940	Clarke and Lloyds, 8 Old Montague Street	E1 6PU	0	\N	Old Montague Street	8	\N	\N	\N	\N	\N	0	\N	0	0	0	0	0	0	0	\N
53	0106000020E610000001000000010300000001000000060000003424EF19E1B5B1BF7BFE605F01C249400466DF9F0EBEB1BFE773303B00C24940ADB278BF0EBEB1BF8F6F2B3B00C249409394FD6A67BFB1BFF5CAD33001C2494022D5538851B7B1BF33B71E5E02C249403424EF19E1B5B1BF7BFE605F01C24940	Sushino En, 2 White Church Lane	E1 7QR	0	\N	White Church Lane	2	\N	\N	\N	\N	\N	0	\N	0	0	0	0	0	0	0	\N
54	0106000020E6100000010000000103000000010000000B0000009394FD6A67BFB1BFF5CAD33001C24940C89FBDA4E1C3B1BF1E8EFB8900C249407AD7ECB5DBC4B1BF5694B25201C249405D377E8151CCB1BFA565226B00C24940956A8477A4CBB1BF01083FE0FFC14940D4CDF39B08D3B1BF446DD2FAFEC149405984FA8BB3D7B1BFB795A54402C24940DFED2B0D66C4B1BFCD9AFDBF04C2494056E48C5246BCB1BF6A5663CB05C2494022D5538851B7B1BF33B71E5E02C249409394FD6A67BFB1BFF5CAD33001C24940	London Metropolitan University	E1	0	\N	Manningtree Street	\N	\N	\N	\N	\N	\N	0	\N	0	0	0	0	0	0	0	\N
55	0106000020E610000001000000010300000001000000070000000511F51248B4B1BF229F914400C2494008033C138FBCB1BF2623D229FFC149402051F6318FBCB1BFDF8ACC29FFC14940ADB278BF0EBEB1BF8F6F2B3B00C249400466DF9F0EBEB1BFE773303B00C249403424EF19E1B5B1BF7BFE605F01C249400511F51248B4B1BF229F914400C24940	Naylor Building West, 1 Assam Street	E1 7QL	0	\N	Assam Street	1	\N	\N	\N	\N	\N	0	\N	0	0	0	0	0	0	0	\N
56	0106000020E610000001000000010300000001000000080000002B0ADA01C2B2B1BF6051DE36FFC14940A1296B0C16BBB1BF00F3191DFEC149402B1144DF16BBB1BF52B10A1DFEC14940E1B9AA3C16BBB1BF14E5201DFEC149402051F6318FBCB1BFDF8ACC29FFC1494008033C138FBCB1BF2623D229FFC149400511F51248B4B1BF229F914400C249402B0ADA01C2B2B1BF6051DE36FFC14940	Naylor Building West, 1 Assam Street	E1 7QL	0	\N	Assam Street	1	\N	\N	\N	\N	\N	0	\N	0	0	0	0	0	0	0	\N
57	0106000020E6100000010000000103000000010000000D000000C5FCF6C941B2B1BFA0CF1CD5FDC149406C45E75FC1B9B1BFD7FC53DAFCC14940AC4B007CC1B9B1BF3F924CDAFCC149406FD32690C1B9B1BFEDEE5ADAFCC149406BF9013CE1BBB1BFC3871E90FCC14940B866845E96BDB1BFDC55AEC7FDC149409912C80F94BDB1BF144C09C6FDC149402B1144DF16BBB1BF52B10A1DFEC14940A1296B0C16BBB1BF00F3191DFEC149402B0ADA01C2B2B1BF6051DE36FFC149402CDD5A694AB1B1BF67752C33FEC1494047A88FD741B2B1BFA84828D5FDC14940C5FCF6C941B2B1BFA0CF1CD5FDC14940	London Fire Brigade Whitechapel	E1	0	\N	Manningtree Street	\N	\N	\N	\N	\N	\N	0	\N	0	0	0	0	0	0	0	\N
58	0106000020E61000000100000001030000000100000009000000DBE331403BB0B1BFBE52901FFCC14940FC66EB9E58B4B1BFC65E9689FBC14940664145BD58B4B1BF928E9089FBC14940F5FD1684ADB4B1BF6E07FDC5FBC149405A362E22ABB7B1BF8B64725DFBC14940AC4B007CC1B9B1BF3F924CDAFCC149406C45E75FC1B9B1BFD7FC53DAFCC14940C5FCF6C941B2B1BFA0CF1CD5FDC14940DBE331403BB0B1BFBE52901FFCC14940	London Fire Brigade Whitechapel	E1	0	\N	Manningtree Street	\N	\N	\N	\N	\N	\N	0	\N	0	0	0	0	0	0	0	\N
59	0106000020E61000000100000001030000000100000008000000664145BD58B4B1BF928E9089FBC14940FC66EB9E58B4B1BFC65E9689FBC14940DBE331403BB0B1BFBE52901FFCC14940F701F36F84ADB1BF9E9145D5F9C149409FA003E06EB5B1BF22F78377F8C149403CC2C4A978B8B1BFDD191347FAC1494051AF4F2AFDB3B1BF2BD14B48FBC14940664145BD58B4B1BF928E9089FBC14940	London Fire Brigade Whitechapel	E1	0	\N	Manningtree Street	\N	\N	\N	\N	\N	\N	0	\N	0	0	0	0	0	0	0	\N
60	0106000020E6100000010000000103000000010000000A0000007D783AB5A7D4B1BFA3DD6326FCC1494093E6CAE053C4B1BF912356ABFEC149409FB7E83092B8B1BF8C7C0641F7C1494026249F7B25C8B1BFAA32A0ACF4C14940782A87AD0ACCB1BFF3B5B8FFF6C14940E59821363CCDB1BFF0020EB6F7C14940BE3DE5E146D0B1BF95F2BD86F9C1494074ADDFA7E7D2B1BF8F953B18FBC149403548E1129DD4B1BFD043451DFCC149407D783AB5A7D4B1BFA3DD6326FCC14940	London Metropolitan University	E1	0	\N	Manningtree Street	\N	\N	\N	\N	\N	\N	0	\N	0	0	0	0	0	0	0	\N
61	0106000020E6100000010000000103000000010000001E0000009FB7E83092B8B1BF8C7C0641F7C1494093E6CAE053C4B1BF912356ABFEC149407D783AB5A7D4B1BFA3DD6326FCC14940C8B09DF923D5B1BFBC2CF590FCC14940E2DA78BE3BD6B1BF52FBE080FDC1494062580509C6D1B1BFD22B9217FEC14940D4CDF39B08D3B1BF446DD2FAFEC14940956A8477A4CBB1BF01083FE0FFC149405D377E8151CCB1BFA565226B00C249407AD7ECB5DBC4B1BF5694B25201C24940C89FBDA4E1C3B1BF1E8EFB8900C249409394FD6A67BFB1BFF5CAD33001C24940ADB278BF0EBEB1BF8F6F2B3B00C249402051F6318FBCB1BFDF8ACC29FFC14940E1B9AA3C16BBB1BF14E5201DFEC149402B1144DF16BBB1BF52B10A1DFEC149409912C80F94BDB1BF144C09C6FDC14940B866845E96BDB1BFDC55AEC7FDC149406BF9013CE1BBB1BFC3871E90FCC149406FD32690C1B9B1BFEDEE5ADAFCC14940AC4B007CC1B9B1BF3F924CDAFCC149405A362E22ABB7B1BF8B64725DFBC14940F5FD1684ADB4B1BF6E07FDC5FBC14940664145BD58B4B1BF928E9089FBC1494051AF4F2AFDB3B1BF2BD14B48FBC149403CC2C4A978B8B1BFDD191347FAC149409FA003E06EB5B1BF22F78377F8C14940F227E3730BB9B1BFCEC0EFD7F7C14940D4EA87558FB8B1BF2F9F7F41F7C149409FB7E83092B8B1BF8C7C0641F7C14940	London Fire Brigade Whitechapel	E1	0	\N	Manningtree Street	\N	\N	\N	\N	\N	\N	0	\N	0	0	0	0	0	0	0	\N
62	0106000020E61000000100000001030000000100000005000000A85E44C3F2DDB1BF52D8C6280FC249403662E38526E1B1BFBABD06670EC24940282656B2D9E6B1BF6176398211C249405E524F6B8CE2B1BFD28AEC4712C24940A85E44C3F2DDB1BF52D8C6280FC24940	Audio Time UK, 75 Whitechapel High Street	E1 7QX	0	\N	Whitechapel High Street	75	\N	\N	\N	\N	\N	0	\N	0	0	0	0	0	0	0	\N
63	0106000020E61000000100000001030000000100000005000000D2CCA35526E1B1BFD7CBFF660EC249403EDB85ADA6E6B1BFA577EE5E0DC24940A994A3AD9AEBB1BF5AD0C60710C2494078775B8B11E6B1BFF06E391511C24940D2CCA35526E1B1BFD7CBFF660EC24940	KVJ, 76 Whitechapel High Street	E1 7QX	0	\N	Whitechapel High Street	76	\N	\N	\N	\N	\N	0	\N	0	0	0	0	0	0	0	\N
64	0106000020E610000001000000010300000001000000050000009109647D9AEBB1BF78DEBF0710C249407F52467DA6E6B1BFBB85E75E0DC249402D2D887500EAB1BF203C8EB60CC249403578269DC8EEB1BF77F6E58A0FC249409109647D9AEBB1BF78DEBF0710C24940	Whitechapel Gallery Cafe	E1 7QX	0	\N	Whitechapel High Street	\N	\N	\N	\N	\N	\N	0	\N	0	0	0	0	0	0	0	\N
65	0106000020E610000001000000010300000001000000060000000083CB579DFFB1BF337BB02209C24940889B2B2BE405B2BF966A524C08C24940B2F5D6D1B30AB2BFB28B4D260BC249401467EF459404B2BF23649F010CC24940FABE6EAF8503B2BFE4780F820BC249400083CB579DFFB1BF337BB02209C24940	KFC, 84 Whitechapel High Street	E1 7QX	0	\N	Whitechapel High Street	84	\N	\N	\N	\N	\N	0	\N	0	0	0	0	0	0	0	\N
66	0106000020E61000000100000001030000000100000005000000EAD86D00C60FB2BF160F1E6F0AC249409C35B387B60AB2BF1FC2B8A607C249404B91A4AEEE0DB2BFC78DF32907C24940FBAB1FBEFF12B2BFDB3590DF09C24940EAD86D00C60FB2BF160F1E6F0AC24940	Dulce, 86 Whitechapel High Street	E1 7QX	0	\N	Whitechapel High Street	86	\N	\N	\N	\N	\N	0	\N	0	0	0	0	0	0	0	\N
67	0106000020E610000001000000010300000001000000050000000F78E08DFF12B2BFEC4389DF09C24940D25F657EEE0DB2BFD29BEC2907C24940356DB4100612B2BF7200AA8F06C2494054D93167FB16B2BF3C4FDA2809C249400F78E08DFF12B2BFEC4389DF09C24940	Cashino	E1 7QX	0	\N	\N	\N	\N	\N	\N	\N	\N	0	\N	0	0	0	0	0	0	0	\N
68	0106000020E61000000100000001030000000100000006000000234575E00512B2BF7B0EA38F06C2494062E18C2FCC17B2BF1AEA458B05C249401B59D124B31DB2BF9D6C189408C24940288858491C18B2BF150A56BB09C2494093AEF236FB16B2BF4C5DD32809C24940234575E00512B2BF7B0EA38F06C24940	Alberts, 88 Gunthorpe Street	E1 7QX	0	\N	Gunthorpe Street	88	\N	\N	\N	\N	\N	0	\N	0	0	0	0	0	0	0	\N
69	0106000020E610000001000000010300000001000000080000002EC64DFFCB17B2BF20F83E8B05C249408F26E3AEFB1DB2BFE8D5394C04C249403593B3FE5223B2BF7E116A0207C249401C8C935C8820B2BF69ACA48C07C24940B5E7556C3922B2BFE8A07F6B08C24940587609FBB61EB2BFC002CF1909C24940573B92F4B21DB2BFAA7A119408C249402EC64DFFCB17B2BF20F83E8B05C24940	Alberts, 88 Gunthorpe Street	E1 7QX	0	\N	Gunthorpe Street	88	\N	\N	\N	\N	\N	0	\N	0	0	0	0	0	0	0	\N
70	0106000020E610000001000000010300000001000000050000006D8474CE5223B2BF8A1F630207C24940591AA47EFB1DB2BFE9E3324C04C2494095D9CDE8A821B2BFF2AFF07E03C24940BC305AE42827B2BFAB7F322F06C249406D8474CE5223B2BF8A1F630207C24940	Burger King, 90 Whitechapel High Street	E1 7QX	0	\N	Whitechapel High Street	90	\N	\N	\N	\N	\N	0	\N	0	0	0	0	0	0	0	\N
71	0106000020E61000000100000001030000000100000008000000A6D68EB8A821B2BFF2BDE97E03C24940A78F10A13528B2BF93C8321E02C24940FB7264A3742BB2BFDCE418A003C24940CF2672B40629B2BF47E6E40E04C249408B35EDC99130B2BF5870EC1808C24940D980A5F6392CB2BF2CA0CEE408C24940B02B1BB42827B2BFB58D2B2F06C24940A6D68EB8A821B2BFF2BDE97E03C24940	Oi Hanoi, 91 Whitechapel High Street	E1 7QX	0	\N	Whitechapel High Street	91	\N	\N	\N	\N	\N	0	\N	0	0	0	0	0	0	0	\N
72	0106000020E61000000100000001030000000100000007000000BC9CD1703528B2BF93D62B1E02C24940C488D3697C2AB2BF35E854A301C24940F6EE3C205E32B2BFC51CE36205C24940C86B64D4A72FB2BF1BBA26EA05C24940C4E2D1D0F52AB2BFC23FA1B603C24940B97E2573742BB2BFDEF211A003C24940BC9CD1703528B2BF93D62B1E02C24940	Costcutter, 93 Whitechapel High Street	E1 7QX	0	\N	Whitechapel High Street	93	\N	\N	\N	\N	\N	0	\N	0	0	0	0	0	0	0	\N
73	0106000020E61000000100000001030000000100000005000000663CB00B933BB2BF341BEABA01C24940C42D63997036B2BFA12BF659FFC1494016587286163FB2BF8E45E694FDC149407E5C153A2144B2BFBFBAB5FAFFC14940663CB00B933BB2BF341BEABA01C24940	Kuddus Kamal Solicitor, 95 Whitechapel High Street	E1 7QX	0	\N	Whitechapel High Street	95	\N	\N	\N	\N	\N	0	\N	0	0	0	0	0	0	0	\N
74	0106000020E6100000010000000103000000010000000C0000001E75B36DAD32B2BF1635CFA6F5C14940A96736773332B2BF6DC45ADAF5C1494023FD6929B429B2BFBAAAAC4EF1C14940C64B46541E2FB2BFB1ED7D52F0C149404799D040EC30B2BF8B3E9949F1C1494019C2F2B26F36B2BF65F8D048F0C14940B404E7387138B2BFB66C865BF1C149406F0ED0645E3DB2BFF1C81476F0C149408585AC6C393FB2BFE1943274F1C149406345F7BD1544B2BFA9B6D191F0C14940C4FBD69FC146B2BF6AABA8FFF1C149401E75B36DAD32B2BF1635CFA6F5C14940	Gateway Tower	E1 8EN	0	\N	Leman Street	\N	\N	\N	\N	\N	\N	0	\N	0	0	0	0	0	0	0	\N
75	0106000020E610000001000000010300000001000000090000005AD4FACC632FB2BF6B0CCDFC09C24940AC2E16736436B2BF489A44D208C24940FB4794672D39B2BF821BE9720AC249409DA48C166C3BB2BF510C35130AC249402BB929016741B2BFFC47DA910DC249407C01D90FE638B2BFFE2662FC0EC24940885C81419737B2BFDE33BA380EC24940B39CC20FBA36B2BF1E2D905D0EC249405AD4FACC632FB2BF6B0CCDFC09C24940	Whitechapel High Street Car Park	E1 7QX	0	\N	Whitechapel Car Park	\N	\N	\N	\N	\N	\N	0	\N	0	0	0	0	0	0	0	\N
76	0106000020E6100000010000000103000000010000000500000004A776BF3F53B0BFAC7AE19FE9C1494090200A49C052B0BFE8103BB5E6C1494038F5FCE7BD56B0BF47C841A4E6C149409925947D3F57B0BF32E9529BE9C1494004A776BF3F53B0BFAC7AE19FE9C14940	Duru House, 101 Commercial Road	E1 1NL	0	\N	Commercial Road	101	\N	\N	\N	\N	\N	0	\N	0	0	0	0	0	0	0	\N
77	0106000020E61000000100000001030000000100000005000000F58BBBB7BD56B0BFE4D53AA4E6C14940A7D0EBBCF35AB0BF7E0521ADE6C149406EF7BD0BC55BB0BF9D720786E9C14940B425947D3F57B0BF31E9529BE9C14940F58BBBB7BD56B0BFE4D53AA4E6C14940	Duru House, 101 Commercial Road	E1 1NL	0	\N	Commercial Road	101	\N	\N	\N	\N	\N	0	\N	0	0	0	0	0	0	0	\N
78	0106000020E61000000100000001030000000100000006000000EBF6DFFFF564B0BF37E20F61E9C14940F6E8B59EEC5EB0BFE5424E54E9C14940FDF9968C1C5FB0BFD2B399A6E6C149407AFBA6226265B0BF208BDAB3E6C1494062C496AD3165B0BF27F7D167E9C14940EBF6DFFFF564B0BF37E20F61E9C14940	Duru House, 101 Commercial Road	E1 1NL	0	\N	Commercial Road	101	\N	\N	\N	\N	\N	0	\N	0	0	0	0	0	0	0	\N
79	0106000020E61000000100000001030000000100000009000000CE439346BC6FB0BFC9B995D7EBC14940B1154B414862B0BFB291FBF1EBC14940C9A9AFA96A62B0BFDA760B5BEAC14940753974CE2368B0BF82E41967EAC14940603F22193268B0BF54F510BEE9C149401392AD28346BB0BFCB1667C4E9C149402AD5EF24486BB0BFBF2705D8E8C149406A1CB2A3336FB0BFC3F446E0E8C14940CE439346BC6FB0BFC9B995D7EBC14940	Duru House, 101 Commercial Road	E1 1NL	0	\N	Commercial Road	101	\N	\N	\N	\N	\N	0	\N	0	0	0	0	0	0	0	\N
80	0106000020E61000000100000001030000000100000009000000BB321D635925B0BF91CE25D601C249407F9D7FE0560CB0BFE8A95B8F02C249405D82ED27F009B0BFDD17367BFAC1494084A99860F31BB0BFA0E2D1F5F9C14940EDC73AD7861CB0BF812EECE5FBC14940D7F5DD798B1AB0BF978499F4FBC14940E01506D2A21BB0BF100662A0FFC1494069B9B067BF24B0BFF4B7E75CFFC14940BB321D635925B0BF91CE25D601C24940	Madani Girls School	E1 1HL	0	\N	Myrdle Street	\N	\N	\N	\N	\N	\N	0	\N	0	0	0	0	0	0	0	\N
81	0106000020E6100000010000000103000000010000000F0000008055A74CFB0EB0BF90FA94C3F7C149402213ABD44307B0BF64808EDDF7C149404638B9707B03B0BF058ACC0DEFC14940C773B0C2880FB0BF10F9D794EEC14940E27F5C46B20FB0BFCD1E1797EFC14940DC3779A78515B0BF0C38686CEFC1494017650BCB0117B0BFE8F7A418F0C1494053A6E1F4C014B0BFFE9950C3F0C14940406600A21F16B0BF4AD69DF5F4C14940E392A1569018B0BF66E389C9F5C14940FFF7D9B9AB18B0BF0F332360F6C149402DA50A031517B0BFBF006F9BF6C149409A16C44E0013B0BF9F00569FF6C14940888B66790813B0BF31DF1D74F7C149408055A74CFB0EB0BF90FA94C3F7C14940	Madani Girls School	E1 1HL	0	\N	Myrdle Street	\N	\N	\N	\N	\N	\N	0	\N	0	0	0	0	0	0	0	\N
82	0106000020E61000000100000001030000000100000007000000F6924D610978B0BFDB5F826010C24940122836F6F06FB0BF24C3889210C249409D032A82C86FB0BF8D4EBFE30FC249409BB28DDAE86DB0BFF8068DEE0FC2494076D2F8AABB6DB0BFA088502B0FC2494026C03666AE77B0BF8D2E6CD70EC24940F6924D610978B0BFDB5F826010C24940	40 Settles Street	E1 1JP	0	\N	Settles Street	40	\N	\N	\N	\N	\N	0	\N	0	0	0	0	0	0	0	\N
83	0106000020E6100000010000000103000000010000000700000026C03666AE77B0BF8D2E6CD70EC2494076D2F8AABB6DB0BFA088502B0FC24940736A7C6E896DB0BF09BD41520EC24940D1B3D1DB8F6FB0BFE57394460EC2494051131F7E696FB0BF64A8CFA00DC2494048D9D4E65B77B0BFFFF1FC720DC2494026C03666AE77B0BF8D2E6CD70EC24940	1 Fordham Street	E1 1JU	0	\N	Fordham Street	1	\N	\N	\N	\N	\N	0	\N	0	0	0	0	0	0	0	\N
84	0106000020E61000000100000001030000000100000007000000CA1CC6C35678B0BF6366DAAE11C24940CF9D9299656EB0BFF683ADE811C24940A2DD5514356EB0BFF4C8081711C249403ACCC52A0D70B0BF81B2660C11C24940122836F6F06FB0BF24C3889210C24940F6924D610978B0BFDB5F826010C24940CA1CC6C35678B0BF6366DAAE11C24940	42 Settles Street	E1 1ES	0	\N	Settles Street	42	\N	\N	\N	\N	\N	0	\N	0	0	0	0	0	0	0	\N
85	0106000020E61000000100000001030000000100000007000000BA193C1BB078B0BFE291DB3013C2494038A7596D8970B0BFD0E6247413C2494038425C6C6370B0BF46EBF0CF12C2494086988C7D9D6EB0BFF5522ADA12C24940CF9D9299656EB0BFF683ADE811C24940CA1CC6C35678B0BF6366DAAE11C24940BA193C1BB078B0BFE291DB3013C24940	44 Settles Street	E1 1JP	0	\N	Settles Street	44	\N	\N	\N	\N	\N	0	\N	0	0	0	0	0	0	0	\N
86	0106000020E61000000100000001030000000100000007000000872555B81179B0BFBD159AD614C24940B1B634D4316FB0BFA2A53A1215C249407E42D22FF96EB0BF15BC7E1D14C249400621F457AE70B0BFD70FA61314C2494038A7596D8970B0BFD0E6247413C24940BA193C1BB078B0BFE291DB3013C24940872555B81179B0BFBD159AD614C24940	46 Settles Street	E1 1JP	0	\N	Settles Street	46	\N	\N	\N	\N	\N	0	\N	0	0	0	0	0	0	0	\N
87	0106000020E61000000100000001030000000100000007000000B1B634D4316FB0BFA2A53A1215C24940872555B81179B0BFBD159AD614C249407D79DE2E6479B0BF191AE33A16C249400CD9B6165371B0BFE51A996B16C24940F8F09B173271B0BF43E507DD15C24940D808E32D636FB0BF751475E715C24940B1B634D4316FB0BFA2A53A1215C24940	48 Settles Street	E1 1JP	0	\N	Settles Street	48	\N	\N	\N	\N	\N	0	\N	0	0	0	0	0	0	0	\N
88	0106000020E610000001000000010300000001000000070000000CD9B6165371B0BFE51A996B16C249407D79DE2E6479B0BF191AE33A16C2494023B251D7BC79B0BF3C21F0B917C24940B68E5EEAB36FB0BF8E7D88F617C24940654B5853826FB0BF5A2D452017C24940F3AAFF467A71B0BFA65CEB1417C249400CD9B6165371B0BFE51A996B16C24940	50 Settles Street	E1 1JP	0	\N	Settles Street	50	\N	\N	\N	\N	\N	0	\N	0	0	0	0	0	0	0	\N
89	0106000020E61000000100000001030000000100000007000000B68E5EEAB36FB0BF8E7D88F617C2494023B251D7BC79B0BF3C21F0B917C24940735EF286117AB0BF4AEED32719C249409F112C068E71B0BFBAC73C5B19C249400E53CB0B6971B0BFD8C2AEC318C249409741B96AE56FB0BF55DA69CC18C24940B68E5EEAB36FB0BF8E7D88F617C24940	52 Settles Street	E1 1ES	0	\N	Settles Street	52	\N	\N	\N	\N	\N	0	\N	0	0	0	0	0	0	0	\N
90	0106000020E610000001000000010300000001000000070000009F112C068E71B0BFBAC73C5B19C24940735EF286117AB0BF4AEED32719C24940B77991F26C7AB0BF1153D0B21AC2494033DC0CF30870B0BFFC9B8EF11AC24940FFE2CEBCC96FB0BFEF4270E019C249406FE97879AD71B0BFC21723DC19C249409F112C068E71B0BFBAC73C5B19C24940	54 Settles Street	E1 1JP	0	\N	Settles Street	54	\N	\N	\N	\N	\N	0	\N	0	0	0	0	0	0	0	\N
91	0106000020E6100000010000000103000000010000000700000033DC0CF30870B0BFFC9B8EF11AC24940B77991F26C7AB0BF1153D0B21AC249406057D3A6C67AB0BFE56C62361CC2494055F2A74A7072B0BF93A8BA681CC24940BFA5DF0C4772B0BF7B2C8AB61BC24940E3D9E6473970B0BF30C961C21BC2494033DC0CF30870B0BFFC9B8EF11AC24940	56 Settles Street	E1 1ES	0	\N	Settles Street	56	\N	\N	\N	\N	\N	0	\N	0	0	0	0	0	0	0	\N
92	0106000020E6100000010000000103000000010000000700000055F2A74A7072B0BF93A8BA681CC249406057D3A6C67AB0BFE56C62361CC24940E80641B6167BB0BF43D749901DC2494089F9C28EAF70B0BFE0221BCF1DC24940EB99AEC57870B0BFF96A65E21CC2494065279BB18972B0BF80A17BD61CC2494055F2A74A7072B0BF93A8BA681CC24940	58 Settles Street	E1 1JP	0	\N	Settles Street	58	\N	\N	\N	\N	\N	0	\N	0	0	0	0	0	0	0	\N
93	0106000020E6100000010000000103000000010000000700000089F9C28EAF70B0BFE0221BCF1DC24940E80641B6167BB0BF43D749901DC24940F6B7DFC36E7BB0BF00EBB90C1FC24940B9C881FB4B73B0BF9BAFDA3D1FC24940728427F22973B0BFD77DCBAA1EC249401B01106EE570B0BF3FC6DEB71EC2494089F9C28EAF70B0BFE0221BCF1DC24940	60 Settles Street	E1 1JP	0	\N	Settles Street	60	\N	\N	\N	\N	\N	0	\N	0	0	0	0	0	0	0	\N
94	0106000020E61000000100000001030000000100000007000000B9C881FB4B73B0BF9BAFDA3D1FC24940F6B7DFC36E7BB0BF00EBB90C1FC249406515ED93CA7BB0BF1A3A689920C24940EFF49F766A71B0BFE4100FD820C2494076912CD13271B0BFD80E89D71FC24940023F9A276C73B0BFFAD3DBC81FC24940B9C881FB4B73B0BF9BAFDA3D1FC24940	62 Settles Street	E1 1ES	0	\N	Settles Street	62	\N	\N	\N	\N	\N	0	\N	0	0	0	0	0	0	0	\N
95	0106000020E61000000100000001030000000100000007000000EFF49F766A71B0BFE4100FD820C249406515ED93CA7BB0BF1A3A689920C2494007210F42217CB0BF6FB0E90F22C249408E4C88F06673B0BF52869D4422C24940123D3D9B3473B0BFDE63918421C249408833D4B39271B0BF89848E9121C24940EFF49F766A71B0BFE4100FD820C24940	64 Settles Street	E1 1JP	0	\N	Settles Street	64	\N	\N	\N	\N	\N	0	\N	0	0	0	0	0	0	0	\N
96	0106000020E610000001000000010300000001000000070000008E4C88F06673B0BF52869D4422C2494007210F42217CB0BF6FB0E90F22C2494017F016D47B7CB0BF9FF8399723C24940B0E503C26A72B0BFE27D03D423C249408E8715DEDA71B0BFEB8343E522C249408B490E318873B0BF3A417DC322C249408E4C88F06673B0BF52869D4422C24940	66 Settles Street	E1 1ES	0	\N	Settles Street	66	\N	\N	\N	\N	\N	0	\N	0	0	0	0	0	0	0	\N
97	0106000020E61000000100000001030000000100000007000000B0E503C26A72B0BFE27D03D423C2494017F016D47B7CB0BF9FF8399723C24940EC4E61A6D47CB0BFC2C5FB1625C249406FB7E0579A74B0BFA79DAA4825C2494024D9B2A61D74B0BF85DF618124C249405A62A7F0DE72B0BF44EEC99424C24940B0E503C26A72B0BFE27D03D423C24940	68 Settles Street	E1 1JP	0	\N	Settles Street	68	\N	\N	\N	\N	\N	0	\N	0	0	0	0	0	0	0	\N
98	0106000020E610000001000000010300000001000000090000006FB7E0579A74B0BFA79DAA4825C24940EC4E61A6D47CB0BFC2C5FB1625C249407E2D13C73F7EB0BFE59CE4372BC249403D0256C5967AB0BF8ED7045C2BC2494020C63CB48E77B0BFF9A41C1827C249406475F1098073B0BF254B115927C249405F4513C08E72B0BF5F0370D725C2494021D2252EDD74B0BFEA6A7CB325C249406FB7E0579A74B0BFA79DAA4825C24940	72 Settles Street	E1 1ES	0	\N	Settles Street	72	\N	\N	\N	\N	\N	0	\N	0	0	0	0	0	0	0	\N
99	0106000020E610000001000000010300000001000000050000005D9E9D5DCF35B0BFFACA93FF2DC24940F30B338E3C3DB0BF9A408D932DC249400440C10EFE3DB0BF1DBC21292FC24940BDFE23C79436B0BF69CDC6962FC249405D9E9D5DCF35B0BFFACA93FF2DC24940	4 Myrdle Street	E1 1JU	0	\N	Myrdle Street	4	\N	\N	\N	\N	\N	0	\N	0	0	0	0	0	0	0	\N
100	0106000020E61000000100000001030000000100000005000000F30B338E3C3DB0BF9A408D932DC249405D9E9D5DCF35B0BFFACA93FF2DC24940C8C0DECF0835B0BF2C0606662CC2494009CDF812793CB0BF64C9D2F92BC24940F30B338E3C3DB0BF9A408D932DC24940	4 Myrdle Street	E1 1HL	0	\N	Myrdle Street	4	\N	\N	\N	\N	\N	0	\N	0	0	0	0	0	0	0	\N
101	0106000020E6100000010000000103000000010000000500000009CDF812793CB0BF64C9D2F92BC24940C8C0DECF0835B0BF2C0606662CC2494082FDF7BD3A34B0BFCE53F7BC2AC24940DA5C5D31AE3BB0BFDFB495502AC2494009CDF812793CB0BF64C9D2F92BC24940	6 Myrdle Street	E1 1JU	0	\N	Myrdle Street	6	\N	\N	\N	\N	\N	0	\N	0	0	0	0	0	0	0	\N
102	0106000020E61000000100000001030000000100000005000000DA5C5D31AE3BB0BFDFB495502AC2494082FDF7BD3A34B0BFCE53F7BC2AC24940C61B21CD8033B0BFA1C66D3D29C249409A591521F73AB0BFA64DE2D028C24940DA5C5D31AE3BB0BFDFB495502AC24940	8 Myrdle Street	E1 1HL	0	\N	Myrdle Street	8	\N	\N	\N	\N	\N	0	\N	0	0	0	0	0	0	0	\N
103	0106000020E610000001000000010300000001000000050000009A591521F73AB0BFA64DE2D028C24940C61B21CD8033B0BFA1C66D3D29C24940E589F15CB532B0BF0FBECC9927C24940E647C4D62E3AB0BF6C7A132D27C249409A591521F73AB0BFA64DE2D028C24940	10 Myrdle Street	E1 1HL	0	\N	Myrdle Street	10	\N	\N	\N	\N	\N	0	\N	0	0	0	0	0	0	0	\N
104	0106000020E61000000100000001030000000100000005000000E647C4D62E3AB0BF6C7A132D27C24940E589F15CB532B0BF0FBECC9927C249406EEE6F17EA31B0BF4EBE83F625C2494053FB76B66639B0BF43B79C8925C24940E647C4D62E3AB0BF6C7A132D27C24940	14 Myrdle Street	E1 1HL	0	\N	Myrdle Street	14	\N	\N	\N	\N	\N	0	\N	0	0	0	0	0	0	0	\N
105	0106000020E6100000010000000103000000010000000500000053FB76B66639B0BF43B79C8925C249406EEE6F17EA31B0BF4EBE83F625C24940B1CDC35D2431B0BF356AAB5E24C24940BD41060CA438B0BF19DE97F123C2494053FB76B66639B0BF43B79C8925C24940	16 Myrdle Street	E1 1JU	0	\N	Myrdle Street	16	\N	\N	\N	\N	\N	0	\N	0	0	0	0	0	0	0	\N
106	0106000020E61000000100000001030000000100000005000000BD41060CA438B0BF19DE97F123C24940B1CDC35D2431B0BF356AAB5E24C249408C5BF16B4F30B0BF438E6EA722C24940C36BBA65D237B0BF74132B3A22C24940BD41060CA438B0BF19DE97F123C24940	18 Myrdle Street	E1 1HL	0	\N	Myrdle Street	18	\N	\N	\N	\N	\N	0	\N	0	0	0	0	0	0	0	\N
107	0106000020E61000000100000001030000000100000005000000C36BBA65D237B0BF74132B3A22C249408C5BF16B4F30B0BF438E6EA722C2494037AD18DC952FB0BFFA11AD2821C24940FFB7F1B41B37B0BFB9D53FBB20C24940C36BBA65D237B0BF74132B3A22C24940	20 Myrdle Street	E1 1JU	0	\N	Myrdle Street	20	\N	\N	\N	\N	\N	0	\N	0	0	0	0	0	0	0	\N
108	0106000020E61000000100000001030000000100000005000000FFB7F1B41B37B0BFB9D53FBB20C2494037AD18DC952FB0BFFA11AD2821C24940DC470D93D32EB0BF2933ED971FC24940DF94806D5C36B0BF7936542A1FC24940FFB7F1B41B37B0BFB9D53FBB20C24940	22 Myrdle Street	E1 1JU	0	\N	Myrdle Street	22	\N	\N	\N	\N	\N	0	\N	0	0	0	0	0	0	0	\N
109	0106000020E61000000100000001030000000100000005000000DF94806D5C36B0BF7936542A1FC24940DC470D93D32EB0BF2933ED971FC24940B1462AD9072EB0BF0225B4F31DC249408A2C9DDA9335B0BF1A47ED851DC24940DF94806D5C36B0BF7936542A1FC24940	24 Myrdle Street	E1 1HL	0	\N	Myrdle Street	24	\N	\N	\N	\N	\N	0	\N	0	0	0	0	0	0	0	\N
110	0106000020E610000001000000010300000001000000050000008A2C9DDA9335B0BF1A47ED851DC24940B1462AD9072EB0BF0225B4F31DC24940A67EDE03352DB0BF7338D2401CC24940AC2E7B48C434B0BF37E6DBD21BC249408A2C9DDA9335B0BF1A47ED851DC24940	28 Myrdle Street	E1 1JU	0	\N	Myrdle Street	28	\N	\N	\N	\N	\N	0	\N	0	0	0	0	0	0	0	\N
111	0106000020E61000000100000001030000000100000005000000AC2E7B48C434B0BF37E6DBD21BC24940A67EDE03352DB0BF7338D2401CC249405E2CC2C36F2CB0BFB7A2F4A91AC24940F907B9150234B0BF6BE7D13B1AC24940AC2E7B48C434B0BF37E6DBD21BC24940	28 Myrdle Street	E1 1HL	0	\N	Myrdle Street	28	\N	\N	\N	\N	\N	0	\N	0	0	0	0	0	0	0	\N
112	0106000020E61000000100000001030000000100000005000000F907B9150234B0BF6BE7D13B1AC249405E2CC2C36F2CB0BFB7A2F4A91AC249401E2617D1A62BB0BFC299760B19C24940C43F0F3F3C33B0BF88A3269D18C24940F907B9150234B0BF6BE7D13B1AC24940	28 Myrdle Street	E1 1JU	0	\N	Myrdle Street	28	\N	\N	\N	\N	\N	0	\N	0	0	0	0	0	0	0	\N
113	0106000020E61000000100000001030000000100000005000000C43F0F3F3C33B0BF88A3269D18C249401E2617D1A62BB0BFC299760B19C24940D1291FE1E02AB0BFA1462E7317C24940A97C2C5F7932B0BFDBC4B10417C24940C43F0F3F3C33B0BF88A3269D18C24940	28 Myrdle Street	E1 1JU	0	\N	Myrdle Street	28	\N	\N	\N	\N	\N	0	\N	0	0	0	0	0	0	0	\N
114	0106000020E61000000100000001030000000100000005000000A97C2C5F7932B0BFDBC4B10417C24940D1291FE1E02AB0BFA1462E7317C24940B3BA0278252AB0BF28989CF015C249400A9B6FDCC031B0BFD2E3F58115C24940A97C2C5F7932B0BFDBC4B10417C24940	28 Myrdle Street	E1 1HL	0	\N	Myrdle Street	28	\N	\N	\N	\N	\N	0	\N	0	0	0	0	0	0	0	\N
115	0106000020E610000001000000010300000001000000050000000A9B6FDCC031B0BFD2E3F58115C24940B3BA0278252AB0BF28989CF015C249408793FFB95229B0BF7FB2EA3D14C24940ED853861F130B0BFF58B14CF13C249400A9B6FDCC031B0BFD2E3F58115C24940	28 Myrdle Street	E1 1HL	0	\N	Myrdle Street	28	\N	\N	\N	\N	\N	0	\N	0	0	0	0	0	0	0	\N
116	0106000020E61000000100000001030000000100000005000000ED853861F130B0BFF58B14CF13C249408793FFB95229B0BF7FB2EA3D14C24940FB5FA1258728B0BF0708FF9912C249404BDD46F32830B0BF000CFB2A12C24940ED853861F130B0BFF58B14CF13C24940	28 Myrdle Street	E1 1JU	0	\N	Myrdle Street	28	\N	\N	\N	\N	\N	0	\N	0	0	0	0	0	0	0	\N
117	0106000020E610000001000000010300000001000000050000004BDD46F32830B0BF000CFB2A12C24940FB5FA1258728B0BF0708FF9912C2494042A885F5CE27B0BF2A12131E11C24940CDFCC79C732FB0BF0FA0E5AE10C249404BDD46F32830B0BF000CFB2A12C24940	28 Myrdle Street	E1 1HL	0	\N	Myrdle Street	28	\N	\N	\N	\N	\N	0	\N	0	0	0	0	0	0	0	\N
118	0106000020E61000000100000001030000000100000005000000CDFCC79C732FB0BF0FA0E5AE10C2494042A885F5CE27B0BF2A12131E11C2494056F326420427B0BF5481F77B0FC2494068F15B0CAC2EB0BF4C6F9C0C0FC24940CDFCC79C732FB0BF0FA0E5AE10C24940	28 Myrdle Street	E1 1JU	0	\N	Myrdle Street	28	\N	\N	\N	\N	\N	0	\N	0	0	0	0	0	0	0	\N
119	0106000020E6100000010000000103000000010000000500000068F15B0CAC2EB0BF4C6F9C0C0FC2494056F326420427B0BF5481F77B0FC24940B13EA0483026B0BF60CDBAC60DC249409F03835ADB2DB0BFDD0130570DC2494068F15B0CAC2EB0BF4C6F9C0C0FC24940	Madani Girls School	E1 1HL	0	\N	Myrdle Street	\N	\N	\N	\N	\N	\N	0	\N	0	0	0	0	0	0	0	\N
120	0106000020E610000001000000010300000001000000050000009F03835ADB2DB0BFDD0130570DC24940B13EA0483026B0BF60CDBAC60DC24940A9755CD05A25B0BF4AA1680E0CC24940BFF12C08122DB0BF48CC37B10BC249409F03835ADB2DB0BFDD0130570DC24940	Madani Girls School	E1 1HL	0	\N	Myrdle Street	\N	\N	\N	\N	\N	\N	0	\N	0	0	0	0	0	0	0	\N
121	0106000020E61000000100000001030000000100000005000000D3EE9EE7CA6BB0BF1C89E37826C249407B801ED23965B0BFCE911BE626C2494062F54B78A364B0BFFE8B599525C249404AAB188D346BB0BFB08B212825C24940D3EE9EE7CA6BB0BF1C89E37826C24940	49 Parfett Street	E1	0	\N	Parfett Street	49	\N	\N	\N	\N	\N	0	\N	0	0	0	0	0	0	0	\N
122	0106000020E610000001000000010300000001000000050000007B801ED23965B0BFCE911BE626C24940D3EE9EE7CA6BB0BF1C89E37826C24940B4B1C86D5D6CB0BF68BD11C127C249409926C369C565B0BF5AA6343528C249407B801ED23965B0BFCE911BE626C24940	51 Parfett Street	E1	0	\N	Parfett Street	51	\N	\N	\N	\N	\N	0	\N	0	0	0	0	0	0	0	\N
123	0106000020E610000001000000010300000001000000050000004AAB188D346BB0BFB08B212825C2494062F54B78A364B0BFFE8B599525C249407A9D2BBD0364B0BF230D952F24C249401CF938D1946AB0BFCF145DC223C249404AAB188D346BB0BFB08B212825C24940	47 Parfett Street	E1	0	\N	Parfett Street	47	\N	\N	\N	\N	\N	0	\N	0	0	0	0	0	0	0	\N
124	0106000020E610000001000000010300000001000000050000001CF938D1946AB0BFCF145DC223C249407A9D2BBD0364B0BF230D952F24C24940CA4B97066E63B0BFA2A940E022C24940F20CF319FF69B0BFB1BC087322C249401CF938D1946AB0BFCF145DC223C24940	45 Parfett Street	E1	0	\N	Parfett Street	45	\N	\N	\N	\N	\N	0	\N	0	0	0	0	0	0	0	\N
125	0106000020E61000000100000001030000000100000005000000F20CF319FF69B0BFB1BC087322C24940CA4B97066E63B0BFA2A940E022C24940B5FD9340D962B0BF1219079321C24940D86E3E536A69B0BF9B35CF2521C24940F20CF319FF69B0BFB1BC087322C24940	43 Parfett Street	E1	0	\N	Parfett Street	43	\N	\N	\N	\N	\N	0	\N	0	0	0	0	0	0	0	\N
126	0106000020E61000000100000001030000000100000005000000D86E3E536A69B0BF9B35CF2521C24940B5FD9340D962B0BF1219079321C24940E1FC89BB3862B0BF055B7E2B20C24940C9B472CDC968B0BF5F7C46BE1FC24940D86E3E536A69B0BF9B35CF2521C24940	41 Parfett Street	E1	0	\N	Parfett Street	41	\N	\N	\N	\N	\N	0	\N	0	0	0	0	0	0	0	\N
127	0106000020E61000000100000001030000000100000005000000C9B472CDC968B0BF5F7C46BE1FC24940E1FC89BB3862B0BF055B7E2B20C24940968424BDAF61B0BF9B35A7F81EC24940B1EE68CE4068B0BF5F5D6F8B1EC24940C9B472CDC968B0BF5F7C46BE1FC24940	39 Parfett Street	E1	0	\N	Parfett Street	39	\N	\N	\N	\N	\N	0	\N	0	0	0	0	0	0	0	\N
128	0106000020E61000000100000001030000000100000005000000B1EE68CE4068B0BF5F5D6F8B1EC24940968424BDAF61B0BF9B35A7F81EC24940E8B8E6480061B0BFFC34AB6F1DC249404FD458599167B0BF3E6573021DC24940B1EE68CE4068B0BF5F5D6F8B1EC24940	37 Parfett Street	E1	0	\N	Parfett Street	37	\N	\N	\N	\N	\N	0	\N	0	0	0	0	0	0	0	\N
129	0106000020E610000001000000010300000001000000050000004FD458599167B0BF3E6573021DC24940E8B8E6480061B0BFFC34AB6F1DC24940D76E4ADE7860B0BF42775C401CC24940CCA62B48F166B0BFEB9BC8D41BC249404FD458599167B0BF3E6573021DC24940	37 Parfett Street	E1	0	\N	Parfett Street	37	\N	\N	\N	\N	\N	0	\N	0	0	0	0	0	0	0	\N
130	0106000020E610000001000000010300000001000000050000006A5807BC6A68B0BF29C938BC1BC24940D76E4ADE7860B0BF42775C401CC24940E1B6C2CF945CB0BFF33D618913C24940D14EF0509A64B0BFB8813C3113C249406A5807BC6A68B0BF29C938BC1BC24940	27 Parfett Street	E1	0	\N	Parfett Street	27	\N	\N	\N	\N	\N	0	\N	0	0	0	0	0	0	0	\N
131	0106000020E61000000100000001030000000100000005000000D14EF0509A64B0BFB8813C3113C24940E1B6C2CF945CB0BFF33D618913C2494037F10C67E55BB0BF4F117F0012C24940599409E8EA63B0BF90565AA811C24940D14EF0509A64B0BFB8813C3113C24940	19 Parfett Street	E1	0	\N	Parfett Street	19	\N	\N	\N	\N	\N	0	\N	0	0	0	0	0	0	0	\N
132	0106000020E61000000100000001030000000100000005000000599409E8EA63B0BF90565AA811C2494037F10C67E55BB0BF4F117F0012C2494068A49B73575BB0BFA37E8DC210C24940767270F45C63B0BF9DC4686A10C24940599409E8EA63B0BF90565AA811C24940	17 Parfett Street	E1	0	\N	Parfett Street	17	\N	\N	\N	\N	\N	0	\N	0	0	0	0	0	0	0	\N
133	0106000020E61000000100000001030000000100000005000000767270F45C63B0BF9DC4686A10C2494068A49B73575BB0BFA37E8DC210C249408C9B3034C55AB0BF872EFC7A0FC24940BE2DDBB4CA62B0BF9172D7220FC24940767270F45C63B0BF9DC4686A10C24940	15 Parfett Street	E1	0	\N	Parfett Street	15	\N	\N	\N	\N	\N	0	\N	0	0	0	0	0	0	0	\N
134	0106000020E61000000100000001030000000100000005000000BE2DDBB4CA62B0BF9172D7220FC249408C9B3034C55AB0BF872EFC7A0FC249408FEAC25A3D5AB0BFA13AB54A0EC24940249F44624262B0BF0C7581F10DC24940BE2DDBB4CA62B0BF9172D7220FC24940	9 Fordham Street	E1 1JU	0	\N	Fordham Street	9	\N	\N	\N	\N	\N	0	\N	0	0	0	0	0	0	0	\N
135	0106000020E6100000010000000103000000010000000800000018F1A387D25CB0BF770A51CA0AC249405759B387575DB0BFE95851D90CC24940CF18FABE575DB0BF482258D90CC249405E51F5B7575DB0BFE64A58D90CC249405287CEA46B5DB0BF4E24C74A0DC24940D2B72873ED59B0BF3857D3580DC24940C2AA0CE17D58B0BFDD1ED7D90AC2494018F1A387D25CB0BF770A51CA0AC24940	11 Fordham Street	E1 1JU	0	\N	Fordham Street	11	\N	\N	\N	\N	\N	0	\N	0	0	0	0	0	0	0	\N
136	0106000020E61000000100000001030000000100000009000000CF18FABE575DB0BF482258D90CC249405759B387575DB0BFE95851D90CC2494018F1A387D25CB0BF770A51CA0AC249406CB63F439562B0BF2EB3AAB50AC249402723DF3EB562B0BF4BFC91330DC249400DB91E3BB562B0BFD58F99330DC24940AA17FA9AA061B0BF16F1F8360DC2494085B3B5B7B461B0BF43F917C00CC24940CF18FABE575DB0BF482258D90CC24940	9 Fordham Street	E1 1JU	0	\N	Fordham Street	9	\N	\N	\N	\N	\N	0	\N	0	0	0	0	0	0	0	\N
137	0106000020E610000001000000010300000001000000090000000DB91E3BB562B0BFD58F99330DC249402723DF3EB562B0BF4BFC91330DC249406CB63F439562B0BF2EB3AAB50AC24940314E1B2AB167B0BF14625AA30AC24940118E6881AC67B0BF0CF551B00CC2494070F570AAAC67B0BF17F058B00CC24940A1E723F32364B0BFF909B5B80CC249407BD498CD0564B0BFEB147F2F0DC249400DB91E3BB562B0BFD58F99330DC24940	7 Fordham Street	E1 1JU	0	\N	Fordham Street	7	\N	\N	\N	\N	\N	0	\N	0	0	0	0	0	0	0	\N
138	0106000020E6100000010000000103000000010000000900000070F570AAAC67B0BF17F058B00CC24940118E6881AC67B0BF0CF551B00CC24940314E1B2AB167B0BF14625AA30AC24940F2DC5A8FB16CB0BF65AA6C910AC2494019D2B565BA6CB0BF73D712FC0CC2494080718562BA6CB0BF49721AFC0CC249408B4678BDBC6BB0BF93E45EFF0CC24940D0472FC6D56BB0BFF16D81A60CC2494070F570AAAC67B0BF17F058B00CC24940	5 Fordham Street	E1 1HL	0	\N	Fordham Street	5	\N	\N	\N	\N	\N	0	\N	0	0	0	0	0	0	0	\N
139	0106000020E610000001000000010300000001000000070000006DA486F5D071B0BF17F5B1800CC24940A4AC50E1D071B0BF6BA4AA800CC2494092D287EDF171B0BFD4A1997E0AC249403929471EF271B0BF16F3987E0AC249400A67694F4877B0BF75AF776B0AC24940FCB64DC51C77B0BFE59EE16C0CC249406DA486F5D071B0BF17F5B1800CC24940	1 Fordham Street	E1 1JU	0	\N	Fordham Street	1	\N	\N	\N	\N	\N	0	\N	0	0	0	0	0	0	0	\N
140	0106000020E6100000010000000103000000010000000900000092D287EDF171B0BFD4A1997E0AC24940A4AC50E1D071B0BF6BA4AA800CC249406DA486F5D071B0BF17F5B1800CC24940EFB57BCF496EB0BFBDCCE48D0CC2494029DC730E376EB0BF351A33F70CC2494080718562BA6CB0BF49721AFC0CC2494019D2B565BA6CB0BF73D712FC0CC24940F2DC5A8FB16CB0BF65AA6C910AC2494092D287EDF171B0BFD4A1997E0AC24940	3 Fordham Street	E1 1JU	0	\N	Fordham Street	3	\N	\N	\N	\N	\N	0	\N	0	0	0	0	0	0	0	\N
141	0106000020E610000001000000010300000001000000050000006A6B473B9651B0BF413CFEDA07C2494078C87BA94D36B0BF87716A8F08C2494020894D407735B0BF1FFF996705C249409D4DC992E350B0BFDB5441B204C249406A6B473B9651B0BF413CFEDA07C24940	18 Parfett Street	E1	0	\N	Parfett Street	18	\N	\N	\N	\N	\N	0	\N	0	0	0	0	0	0	0	\N
142	0106000020E610000001000000010300000001000000070000004D117C11665AB0BFE1F3A18F07C24940C00F329EB859B0BFE01F86E904C24940C0CC649C5868B0BF41A5528C04C24940F049933B7868B0BF1BCDF10705C2494029C8BD11E16CB0BFB5D7D7EB04C2494080A8EA537B6DB0BF55F8E34607C249404D117C11665AB0BFE1F3A18F07C24940	11 Parfett Street	E1	0	\N	Parfett Street	11	\N	\N	\N	\N	\N	0	\N	0	0	0	0	0	0	0	\N
143	0106000020E610000001000000010300000001000000060000007BE0A8237B6DB0BF4A06DD4607C249403CFAE331F56CB0BF2EFA3A3B05C24940301885868A75B0BF701DD00C05C24940A847A1C9E475B0BFDD25A6AC06C2494000178F55DB74B0BFF7D63C1B07C249407BE0A8237B6DB0BF4A06DD4607C24940	3 Fordham Street	E1 1HL	0	\N	Fordham Street	3	\N	\N	\N	\N	\N	0	\N	0	0	0	0	0	0	0	\N
144	0106000020E61000000100000001030000000100000009000000BF25E46A587AB0BFC61587042BC249407B622FA46B6EB0BF7913AFD52BC2494013D016BF4C6CB0BF74F1D5D928C249406303F5D7C86EB0BF5BF7D6AD28C24940F1FA500A6A6FB0BF1A4DA49029C249405FF31D125C73B0BF8242C84A29C2494089511304C172B0BF605E9F7028C24940D1CC5B4F3E78B0BFA97E6C0F28C24940BF25E46A587AB0BFC61587042BC24940	72 Settles Street	E1 1JP	0	\N	Settles Street	72	\N	\N	\N	\N	\N	0	\N	0	0	0	0	0	0	0	\N
145	0106000020E61000000100000001030000000100000008000000E509ED736B6EB0BFCA21A8D52BC24940FB4D1203CC6EB0BFB06DD4542CC249400325FC949067B0BFBE08A1DD2CC24940B4A2D2974866B0BF5CA9961A29C2494068A78342166AB0BF6F6451FA28C24940AB8FCD994D6AB0BFD321CF9C29C24940570F0E34C86CB0BFB0DFC68729C24940E509ED736B6EB0BFCA21A8D52BC24940	53 Parfett Street	E1	0	\N	Parfett Street	53	\N	\N	\N	\N	\N	0	\N	0	0	0	0	0	0	0	\N
146	0106000020E6100000010000000103000000010000001000000057EEC821CA5FB1BF50CEF45B23C24940542334FA8F56B1BFDF81C74C1FC24940B226EE845953B1BFF20547E21FC24940E6B410155E4EB1BFCA8B6D371DC2494059715E811652B1BF17604E8A1CC24940C1D716E01440B1BF86415CE612C24940E543701E1F1EB1BF6B4C0FE517C249402AB348670720B1BF0250232819C249403A47D3EA991BB1BF8914DACE19C24940FCB6AE46B619B1BFF36BD88E18C24940FB13CD418717B1BF90ED10E118C24940B6FA05C15A12B1BF2FBBB07415C249401995E642654BB1BFB642E9100DC249407A7E327D6C51B1BF8221C7240EC2494074885E721F73B1BF822586421FC2494057EEC821CA5FB1BF50CEF45B23C24940	Qbic London City, 42 Adler Street	E1 1EE	0	\N	Adler Street	42	\N	\N	\N	\N	\N	0	\N	0	0	0	0	0	0	0	\N
147	0106000020E61000000100000001030000000100000005000000793788F1C95FB1BF9BDCED5B23C24940DCEAF2AD3B5DB1BF1105ACE623C24940C217EAC65E56B1BF061569C020C24940D61BE0E2B958B1BF4FFB834020C24940793788F1C95FB1BF9BDCED5B23C24940	Audiotec, 10 Whitechapel Road	E1 1EE	0	\N	Whitechapel Road	10	\N	\N	\N	\N	\N	0	\N	0	0	0	0	0	0	0	\N
148	0106000020E61000000100000001030000000100000005000000BC2DB27D3B5DB1BF5C13A5E623C24940D0E60F7B095AB1BFFEB5A19524C24940542AD01C6453B1BFDE86A38F21C2494038709334A056B1BFFCE47EDE20C24940BC2DB27D3B5DB1BF5C13A5E623C24940	Audiotec, 10 Whitechapel Road	E1 1EE	0	\N	Whitechapel Road	10	\N	\N	\N	\N	\N	0	\N	0	0	0	0	0	0	0	\N
149	0106000020E61000000100000001030000000100000005000000BD21CF4A095AB1BF4BC49A9524C249405EB51C598456B1BF1D513C6325C2494088950AB33D4FB1BFFFF6C25D22C249402CB246AB3153B1BFD0D5BF7821C24940BD21CF4A095AB1BF4BC49A9524C24940	City Fried Chicken	E1 1DQ	0	\N	Whitechapel Road	\N	\N	\N	\N	\N	\N	0	\N	0	0	0	0	0	0	0	\N
150	0106000020E6100000010000000103000000010000000700000095B51C598456B1BF1B513C6325C2494001AA2759504FB1BFA744E51027C24940699EBC7F254AB1BFE43C7DE824C24940C18F691BC24CB1BF01D9AC4C24C2494053C60F614048B1BF0B00E46A22C24940A9EBAEBBD24CB1BF6CEC255A21C2494095B51C598456B1BF1B513C6325C24940	Rythm Factory, 16-18 Whitechapel Road	E1 1DQ	0	\N	Whitechapel Road	0	\N	\N	\N	\N	\N	0	\N	0	0	0	0	0	0	0	\N
151	0106000020E61000000100000001030000000100000006000000DAC9E628504FB1BFFA52DE1027C2494020F18597FE46B1BF2D25D4D628C24940756E40E18840B1BFF074E1E325C24940C7ADF2006148B1BF4922CF3724C2494098BE7B4F254AB1BF314B76E824C24940DAC9E628504FB1BFFA52DE1027C24940	Kay Textiles Ltd, 20 Whitechapel Road	E1 1EE	0	\N	Whitechapel Road	20	\N	\N	\N	\N	\N	0	\N	0	0	0	0	0	0	0	\N
152	0106000020E61000000100000001030000000100000005000000F0FC4467FE46B1BF8233CDD628C249408157E7BEAA43B1BFDB42A69129C24940FC604237153FB1BF94531C8927C2494043AAE85B7F42B1BF709754C926C24940F0FC4467FE46B1BF8233CDD628C24940	Kay Textiles Ltd, 20 Whitechapel Road	E1 1DQ	0	\N	Whitechapel Road	20	\N	\N	\N	\N	\N	0	\N	0	0	0	0	0	0	0	\N
153	0106000020E61000000100000001030000000100000005000000ED5AA68EAA43B1BF34519F9129C249405C310861C040B1BF7F35672E2AC249408E98C7E6573CB1BF0CBABC2328C24940A6164D41203FB1BFE053108E27C24940ED5AA68EAA43B1BF34519F9129C24940	Kay Textiles Ltd, 20 Whitechapel Road	E1 1DQ	0	\N	Whitechapel Road	20	\N	\N	\N	\N	\N	0	\N	0	0	0	0	0	0	0	\N
154	0106000020E610000001000000010300000001000000060000009F2DC730C040B1BFD743602E2AC24940B6A548708E3DB1BFE3123BDA2AC24940108CB4D45837B1BFB0B223FA27C24940020CC616903AB1BFDBB1204D27C24940D2F5030F5D3CB1BF0430962228C249409F2DC730C040B1BFD743602E2AC24940	Whitechapel Bell Foundry, 32-34 Whitechapel Road	E1 1EE	0	\N	Whitechapel Road	0	\N	\N	\N	\N	\N	0	\N	0	0	0	0	0	0	0	\N
155	0106000020E610000001000000010300000001000000050000007B9A07408E3DB1BF3E2134DA2AC249406BB825974039B1BFB4D72DA62BC24940DB7BD8650433B1BFC37C27D828C2494047B9F3923E37B1BF197B0AEE27C249407B9A07408E3DB1BF3E2134DA2AC24940	Whitechapel Bell Foundry, 32-34 Whitechapel Road	E1 1DQ	0	\N	Whitechapel Road	0	\N	\N	\N	\N	\N	0	\N	0	0	0	0	0	0	0	\N
157	0106000020E610000001000000010300000001000000060000000EDB6FB2A7B8B1BF4B5305D80AC249404D62DD3763B3B1BF4144DEE60BC24940673468649AACB1BF057E539D08C249406BEC51C977B3B1BF96B5583C07C24940A2F1754021B9B1BFE521A7FA09C249400EDB6FB2A7B8B1BF4B5305D80AC24940	Sushino En, 2 White Church Lane	E1 7QR	0	\N	White Church Lane	2	\N	\N	\N	\N	\N	0	\N	0	0	0	0	0	0	0	\N
158	0106000020E610000001000000010300000001000000060000000B2B129977B3B1BF9BC3513C07C249404B3468649AACB1BF057E539D08C249406A30B13690ABB1BFA27208CC08C24940D17EBA75B1A8B1BF90BE208E07C24940DAC57D3717B1B1BF03B895AA05C249400B2B129977B3B1BF9BC3513C07C24940	Chez Rob, 4 White Church Lane	E1 7QR	0	\N	White Church Lane	4	\N	\N	\N	\N	\N	0	\N	0	0	0	0	0	0	0	\N
159	0106000020E61000000100000001030000000100000006000000F1063E0717B1B1BF04C68EAA05C24940FBAA7A45B1A8B1BF96CC198E07C249406A5AE1BFBD9FB1BF6C58717709C24940B60A73DFB89BB1BF628B048407C24940FEEBBDABD6ADB1BFA0F22DE203C24940F1063E0717B1B1BF04C68EAA05C24940	Altab Ali Park	E1 1EE	0	\N	Whitechapel Road	\N	\N	\N	\N	\N	\N	0	\N	0	0	0	0	0	0	0	\N
160	0106000020E61000000100000001030000000100000009000000DF2E7E7BD6ADB1BF9C0027E203C249403C1751B9709CB1BF3AAD175F07C24940F94E466FD399B1BF3A954F4806C24940F46085988C9DB1BFC194D79605C24940AC616DD5BB9BB1BF86E9E09804C249407E80D5D1489EB1BFB6FC441B04C24940D1EFD393CC9DB1BFF148BCD403C24940C21BD15889AAB1BFC4AEC1A501C24940DF2E7E7BD6ADB1BF9C0027E203C24940	Naylor Building West, 1 Assam Street	E1 7QL	0	\N	Assam Street	1	\N	\N	\N	\N	\N	0	\N	0	0	0	0	0	0	0	\N
161	0106000020E610000001000000010300000001000000070000003271E9BB96A6B1BFC3889C88F0C149409347E95E00A0B1BF837C40B7F1C14940887B94BF2A9EB1BF9C6CEF93F0C149402CB9F36E34A4B1BF295DA36DEFC14940FFC1E38234A4B1BFC5C19B6DEFC14940F101A4CB6AA6B1BF4020AA8FF0C149403271E9BB96A6B1BFC3889C88F0C14940	Naylor Building West, 1 Assam Street	E1 7QL	0	\N	Assam Street	1	\N	\N	\N	\N	\N	0	\N	0	0	0	0	0	0	0	\N
162	0106000020E61000000100000001030000000100000008000000FFC1E38234A4B1BFC5C19B6DEFC149402CB9F36E34A4B1BF295DA36DEFC14940887B94BF2A9EB1BF9C6CEF93F0C1494083C17708879CB1BF3AB8938FEFC1494088A8151F72A2B1BFC0DEFB86EEC149405DCF2C9172A2B1BF62E4F586EEC149401322554F72A2B1BFFDD00287EEC14940FFC1E38234A4B1BFC5C19B6DEFC14940	Naylor Building West, 1 Assam Street	E1 7QL	0	\N	Assam Street	1	\N	\N	\N	\N	\N	0	\N	0	0	0	0	0	0	0	\N
163	0106000020E6100000010000000103000000010000000A0000009347E95E00A0B1BF837C40B7F1C149403271E9BB96A6B1BFC3889C88F0C14940EBDABBED9DAAB1BF041415E3EFC149400DE961806DAAB1BFAF065462EDC14940C4988ADB0AB6B1BF30CA7A85EDC14940A8C1626223B5B1BF0B2D32E4F1C149405A2CE9B3B7AEB1BF6F96AEF6F1C149405116AFC1A4AEB1BFD27FA6D6F2C14940E9D045123AA4B1BF76E94056F4C149409347E95E00A0B1BF837C40B7F1C14940	London Fire Brigade Whitechapel	E1	0	\N	Manningtree Street	\N	\N	\N	\N	\N	\N	0	\N	0	0	0	0	0	0	0	\N
164	0106000020E61000000100000001030000000100000005000000138122506DAAB1BF71144D62EDC1494035697CBD9DAAB1BFCA210EE3EFC1494068FA159513A4B1BFB4530A35EEC14940735EEAA418A3B1BF16D32828EDC14940138122506DAAB1BF71144D62EDC14940	London Fire Brigade Whitechapel	E1	0	\N	Manningtree Street	\N	\N	\N	\N	\N	\N	0	\N	0	0	0	0	0	0	0	\N
165	0106000020E610000001000000010300000001000000050000004718B93E38E7B1BF972A10E804C24940E75C2F3B41E4B1BF095A0CA405C24940D6C249090FDFB1BF815A2FA103C2494057E3FFCBFEE3B1BFE8CD5DFE02C249404718B93E38E7B1BF972A10E804C24940	London Metropolitan University	E1	0	\N	Manningtree Street	\N	\N	\N	\N	\N	\N	0	\N	0	0	0	0	0	0	0	\N
166	0106000020E6100000010000000103000000010000000500000058EFEF0A41E4B1BF0D6805A405C24940D6812F446AE0B1BF0D88C88306C2494099C7E35005DBB1BF5F038D3504C2494049C349090FDFB1BF855A2FA103C2494058EFEF0A41E4B1BF0D6805A405C24940	London Metropolitan University	E1	0	\N	Manningtree Street	\N	\N	\N	\N	\N	\N	0	\N	0	0	0	0	0	0	0	\N
168	0106000020E61000000100000001030000000100000007000000C6884FA3F4D3B1BFABF3708C03C2494033AED48D07D6B1BFD48E800205C249406C740498A5DCB1BF648F707607C24940DD491F49CED8B1BF326A765C08C24940DC76605118D2B1BF2843BE9105C24940807945D799CFB1BF810FDE0604C24940C6884FA3F4D3B1BFABF3708C03C24940	Straits Times Kopitiam	E1 7QX	0	\N	Whitechapel High Street	\N	\N	\N	\N	\N	\N	0	\N	0	0	0	0	0	0	0	\N
169	0106000020E6100000010000000103000000010000000800000053BFDF18CED8B1BF3C786F5C08C24940450C2F09A7D4B1BF9C40893B09C2494077B08046A1D0B1BF5600C36507C24940C4ED79A34AD1B1BFAC80233807C249407EAA08AAFFCCB1BFAF0D4C5604C2494089F105A799CFB1BF7F1DD70604C24940FEEC202118D2B1BF2951B79105C2494053BFDF18CED8B1BF3C786F5C08C24940	Straits Times Kopitiam	E1 7QX	0	\N	Whitechapel High Street	\N	\N	\N	\N	\N	\N	0	\N	0	0	0	0	0	0	0	\N
170	0106000020E61000000100000001030000000100000008000000E377EFD8A6D4B1BFAA4E823B09C24940EC7FC8B7D1D0B1BF42AB95160AC24940B50022DE64C8B1BF9B8640BD06C24940825EE9C725C5B1BF094FE67205C24940F6AD08AAFFCCB1BFAF0D4C5604C2494001EF79A34AD1B1BFAE80233807C2494076AF8046A1D0B1BF5300C36507C24940E377EFD8A6D4B1BFAA4E823B09C24940	Straits Times Kopitiam	E1 7QX	0	\N	Whitechapel High Street	\N	\N	\N	\N	\N	\N	0	\N	0	0	0	0	0	0	0	\N
171	0106000020E61000000100000001030000000100000006000000F0641D7476C6B1BF1BDFF5BD06C2494039A9A57BF2BEB1BF46A10D3908C24940BD29A1B25CBCB1BFE1A4C03F07C249405E130E3157BCB1BFC2C3679306C24940A3A693CDC2C3B1BFF1F67D9205C24940F0641D7476C6B1BF1BDFF5BD06C24940	Sushino En, 2 White Church Lane	E1 7QR	0	\N	White Church Lane	2	\N	\N	\N	\N	\N	0	\N	0	0	0	0	0	0	0	\N
172	0106000020E6100000010000000103000000010000000C000000DCCFEE77E50CB2BF8201653E41C24940C21F1289D811B2BF0ED5548C40C249409637FAEA5310B2BF15CCD4A13FC24940FEF378B5B619B2BF337C561E3EC2494027D60031571DB2BF4DD97FC33FC24940692B97C7231DB2BF274F087640C249406FF71EB12E17B2BF8ACE3C4441C24940A772EC4B9416B2BF39BB1DD540C24940A67AD1757413B2BFFCB6424141C2494036B5C13CE213B2BF91FE449041C2494058939121600EB2BF604CED4E42C24940DCCFEE77E50CB2BF8201653E41C24940	Bengal Cuisine, 12 Brick Lane	E1 6PU	0	\N	Brick Lane	12	\N	\N	\N	\N	\N	0	\N	0	0	0	0	0	0	0	\N
173	0106000020E61000000100000001030000000100000008000000CDF93885B619B2BFCC8A4F1E3EC2494071CF49825010B2BF8744DC9F3FC24940197D1C15F90FB2BFDB2A6CB03FC24940236EFB7A790EB2BF97415EEB3EC24940162C61912A11B2BF4559D4683EC249408F9FC8C73210B2BF6CF48AE93DC24940592AF03BDB16B2BF40BDA7A63CC24940CDF93885B619B2BFCC8A4F1E3EC24940	William Hill, 10 Brick Lane	E1 6PU	0	\N	Brick Lane	10	\N	\N	\N	\N	\N	0	\N	0	0	0	0	0	0	0	\N
174	0106000020E610000001000000010300000001000000070000002C31B00BDB16B2BFD6CBA0A63CC2494001153ECD3A10B2BFF9DFF5E73DC24940C37CCEA6430FB2BF4C50B2583DC24940F18E97A8370CB2BF3D8AA3DB3DC24940567A9417960AB2BFD534DC033DC24940CBD17939C213B2BFED4D213E3BC249402C31B00BDB16B2BFD6CBA0A63CC24940	Travel Link, 6 Brick Lane	E1 6PU	0	\N	Brick Lane	6	\N	\N	\N	\N	\N	0	\N	0	0	0	0	0	0	0	\N
175	0106000020E610000001000000010300000001000000070000007FD93909C213B2BF805C1A3E3BC249407EA068FA0D0BB2BF858FA1EC3CC24940F189C8967009B2BFAD6AE4293CC24940049F6A8FFD0BB2BF6C7901A33BC249407F1592A9F20AB2BF9D7346253BC24940675B8AE0ED10B2BFF857F7E839C249407FD93909C213B2BF805C1A3E3BC24940	S Karir and Sons Ltd, 2 Brick Lane	E1 6PU	0	\N	Brick Lane	2	\N	\N	\N	\N	\N	0	\N	0	0	0	0	0	0	0	\N
176	0106000020E61000000100000001030000000100000008000000CA634AB0ED10B2BF8766F0E839C24940730F5279F20AB2BF2F823F253BC24940F43E76D4C708B2BF91A1D2973BC249408ED94FA94F07B2BFEED59DE63AC24940E6ACBF867209B2BFE717A6753AC24940DA90793C7608B2BFBAA7CCFE39C2494043F9A900A30EB2BF512241B838C24940CA634AB0ED10B2BF8766F0E839C24940	S Karir and Sons Ltd, 2 Brick Lane	E1 6PU	0	\N	Brick Lane	2	\N	\N	\N	\N	\N	0	\N	0	0	0	0	0	0	0	\N
177	0106000020E61000000100000001030000000100000008000000DF026AD0A20EB2BFDC303AB838C24940958B390C7608B2BF48B6C5FE39C249400CBA1D2AD606B2BFC91E245139C2494023DF84E1E902B2BFFC06ADC239C249404DDE798E3701B2BF2DBCCF4C38C249403D2D7162B109B2BF0FC8825737C249406FD443F1C30BB2BFE3158A6B37C24940DF026AD0A20EB2BFDC303AB838C24940	S Karir and Sons Ltd, 2 Brick Lane	E1 6PU	0	\N	Brick Lane	2	\N	\N	\N	\N	\N	0	\N	0	0	0	0	0	0	0	\N
178	0106000020E6100000010000000103000000010000000A00000038D4395E3701B2BFB6CAC84C38C2494041D244B1E902B2BF8A15A6C239C24940FDD2F5DCE203B2BF572522993AC24940F13FAA9FE6FFB1BFFCBE780C3BC24940456C851947FFB1BF7E7127833AC2494001EB92BF4FFCB1BFD4A9FFD83AC2494013BC543BC8FCB1BF52E3B5403BC2494086F54C677BF9B1BFF9D137A03BC249409B84F2AADCF6B1BF2040D95E39C2494038D4395E3701B2BFB6CAC84C38C24940	Pubali Exchange Company UK Limited, 3 Old Montague Street	E1 6PU	0	\N	Old Montague Street	3	\N	\N	\N	\N	\N	0	\N	0	0	0	0	0	0	0	\N
179	0106000020E610000001000000010300000001000000050000005AE61B7461F7B1BF915B0E493DC24940C0DA46F8F9EEB1BF11BC251B3EC24940B6ACB77E52EBB1BFF9843CB33AC24940319E38F2ABF3B1BF6E1912D439C249405AE61B7461F7B1BF915B0E493DC24940	Open House Estates, 5 Old Montague Street	E1 6PU	0	\N	Old Montague Street	5	\N	\N	\N	\N	\N	0	\N	0	0	0	0	0	0	0	\N
180	0106000020E61000000100000001030000000100000006000000EE670796B2F5B1BFE2AC15733DC24940CA9CFDB73EFDB1BFEE15FCF144C24940C994D3189CF4B1BF287B96CA45C249407E387F6615EDB1BFC2153B4F3EC24940A5DA46F8F9EEB1BF10BC251B3EC24940EE670796B2F5B1BFE2AC15733DC24940	Open House Estates, 5 Old Montague Street	E1 6PU	0	\N	Old Montague Street	5	\N	\N	\N	\N	\N	0	\N	0	0	0	0	0	0	0	\N
181	0106000020E610000001000000010300000001000000050000004F1FA514110CB2BF575A0E7942C24940606BBD7E9800B2BF24AF5CA043C24940E293E2834FFEB1BF3C57C21941C2494023F8FE979B09B2BF1B57530140C249404F1FA514110CB2BF575A0E7942C24940	Moonlight, 8 Brick Lane	E1 6PU	0	\N	Brick Lane	8	\N	\N	\N	\N	\N	0	\N	0	0	0	0	0	0	0	\N
182	0106000020E610000001000000010300000001000000230000007BC2C74020E1B0BF2C617EC228C24940020C17998FDCB0BFAEED8A851BC249407B846C27C4EEB0BF39B127A719C24940861FE39A44EBB0BF5CE0195616C249404F43BB8261DDB0BFAC9D04C317C249400F929A0470D9B0BF3346EC0514C249402288E9C6ADE3B0BFFB4ACFF812C24940EECBB32C6CE4B0BFDEF052AD13C24940062FAAE947E8B0BF8E9EEF4713C24940973CB72B93E3B0BF051FBBD10EC249401BEF351037D8B0BF7C9C95530FC24940ED917C9739D7B0BF466E242B0DC24940A68610CC07E6B0BFC595E6810CC24940413CB1040DE3B0BFF3C7CF9E0AC24940B1B59F6D76D6B0BFE712FD2D0BC24940B21ED60645D5B0BFC0AC049108C24940CEAE5575E1DCB0BF5B90733A08C249402D507877ABD8B0BFF71A2901FFC14940AC424C5887CEB0BFCAE38074FFC1494087D36AF88BCDB0BFBBF3DD4DFDC14940CE339F3F87BAB0BF9D9F2C26FEC14940EC37587734B9B0BF50390C40FBC1494079333C67A9BAB0BF1F4E48B9FAC149409F5E797A82C8B0BFFB832640FAC1494007B8983BBDC9B0BF3CCAEE8DFAC1494046A704A901DCB0BFE8EA68C6F9C1494034DE297066E3B0BF00070367FBC14940D3268D3D7701B1BFB74111C119C2494091C5F4A90509B1BFC83CAAB922C249408849B5DB5E0AB1BF08F5A75425C2494052D065EC3C07B1BF24AEB11D27C24940A2EFCB2A3702B1BF9E2FCEFB28C249401869D5255CF9B0BFC5A8ACCA29C24940AB23F8084AE5B0BFBA534FA029C249407BC2C74020E1B0BF2C617EC228C24940	Jacobs Court, 17 Plumbers Row	E1 1EE	0	\N	Plumbers Row	17	\N	\N	\N	\N	\N	0	\N	0	0	0	0	0	0	0	\N
183	0106000020E610000001000000010300000001000000070000005772697E1FDDB0BF920BAAB429C24940B0A3A00916C9B0BF1895EA6929C24940B9267A4ABCC0B0BF635AA32B13C249401366B90F63CFB0BF205D9AA212C24940B3F3565E46D6B0BF6687795725C2494042A8B9FACADBB0BF2808F01725C249405772697E1FDDB0BF920BAAB429C24940	The Curve, 14 Fieldgate Street	E1 1ES	0	\N	Fieldgate Street	14	\N	\N	\N	\N	\N	0	\N	0	0	0	0	0	0	0	\N
185	0106000020E6100000010000000103000000010000000B000000AB936F73BCBCB0BF9CB9D6CA09C24940B3DCE7379FBAB0BF709D219902C24940F1AF3C0D37C6B0BF273AD9E201C24940D133DE4EECC6B0BF930D0D0203C249403DAA7EBA39C8B0BF498492ED02C2494064A01B339DC8B0BF42562F8B03C24940F09C97A0D5CDB0BFE0EF193903C2494008C6C4363AD0B0BF5F72BD0307C2494064A958CD63C8B0BF8954F97E07C24940E6457A9279C9B0BF830B193709C24940AB936F73BCBCB0BF9CB9D6CA09C24940	Colefax Building, 23 Plumbers Row	E1 1EE	0	\N	Plumbers Row	23	\N	\N	\N	\N	\N	0	\N	0	0	0	0	0	0	0	\N
186	0106000020E61000000100000001030000000100000007000000BA8AFBDC36C6B0BF1148D2E201C249403AA2A6079FBAB0BF5CAB1A9902C24940ECB5EE2EABB8B0BFA2E924A5FEC149407A359F3F87BAB0BF9F9F2C26FEC14940ECA711FD14CAB0BF80164675FDC14940053454F035CCB0BF8279BA7E01C24940BA8AFBDC36C6B0BF1148D2E201C24940	Colefax Building, 23 Plumbers Row	E1 1EE	0	\N	Plumbers Row	23	\N	\N	\N	\N	\N	0	\N	0	0	0	0	0	0	0	\N
187	0106000020E6100000010000000103000000010000000B0000009CC95DEB7FE1B0BF4DD2AEBFF6C149409E928B55A5CBB0BFFD588D9BF6C1494010A52ED960CCB0BF39A5A78CF0C14940489E51F9C8D0B0BF22CD37A3F0C149407278ED5E07D1B0BF7A7A9773EFC149409763AA9997B3B0BF42BCDDDCEEC14940238B4C51E2B4B0BFA59FB993E8C14940F5C97374AFFBB0BF752F3AFEE9C14940560E62CB29FBB0BF51A70928F0C14940A606A96613E2B0BF683D15F3EFC149409CC95DEB7FE1B0BF4DD2AEBFF6C14940	CASS Faculty	E1 1LA	0	\N	Coke Street	\N	\N	\N	\N	\N	\N	0	\N	0	0	0	0	0	0	0	\N
188	0106000020E61000000100000001030000000100000009000000FF06A4ED9EE6B0BF229B3791F5C14940BBC56880EEE6B0BF74670BE6F1C1494066E26D24D9F2B0BF2BCB32FFF1C14940261D1A5CEEF2B0BF4699C004F1C14940D9BA7F9E2EFCB0BF0F2D4718F1C1494049180FC225FFB0BFB8567DFCF4C149409C62252D13FBB0BF75F55CE7F4C149403B84F241D7FAB0BF9E882307F6C14940FF06A4ED9EE6B0BF229B3791F5C14940	London Metropolitan University	E1 1LF	0	\N	Coke Street	\N	\N	\N	\N	\N	\N	0	\N	0	0	0	0	0	0	0	\N
189	0106000020E610000001000000010300000001000000050000003064EC880F8FB0BF786B7C1A26C249408CBD65081487B0BFADB85E5D26C249402CBDF400BF86B0BFCE0BB9E624C249405920D580BA8EB0BF0DBED6A324C249403064EC880F8FB0BF786B7C1A26C24940	70 Settles Street	E1 1JP	0	\N	Settles Street	70	\N	\N	\N	\N	\N	0	\N	0	0	0	0	0	0	0	\N
190	0106000020E610000001000000010300000001000000080000008CBD65081487B0BFADB85E5D26C249403064EC880F8FB0BF786B7C1A26C24940BD396951868FB0BF7B79D72528C2494042DB41FDDA90B0BFB610EB2E28C24940A11924EA9791B0BFEB9968A829C24940B8E6DD41B889B0BF28D077EC29C249407FAF8215C487B0BFF60D126529C249408CBD65081487B0BFADB85E5D26C24940	72 Settles Street	E1 1JP	0	\N	Settles Street	72	\N	\N	\N	\N	\N	0	\N	0	0	0	0	0	0	0	\N
191	0106000020E610000001000000010300000001000000070000005920D580BA8EB0BF0DBED6A324C249402CBDF400BF86B0BFCE0BB9E624C249400B9FA0BD7286B0BF072CB39623C24940CEED224F708EB0BFD3A8BE5D23C24940EB4DB18D708EB0BFBA49C55D23C249403DF2647F708EB0BF939AC55D23C249405920D580BA8EB0BF0DBED6A324C24940	68 Settles Street	E1 1JP	0	\N	Settles Street	68	\N	\N	\N	\N	\N	0	\N	0	0	0	0	0	0	0	\N
192	0106000020E61000000100000001030000000100000009000000EB4DB18D708EB0BFBA49C55D23C24940CEED224F708EB0BFD3A8BE5D23C249400B9FA0BD7286B0BF072CB39623C2494022D64B572686B0BF9812134622C24940D4D3008BAC8DB0BF0049711022C24940BD51B3E7B78DB0BF5A03814222C24940C6E0D1667091B0BF5442772D22C2494040383A4BB191B0BFF3AC604B23C24940EB4DB18D708EB0BFBA49C55D23C24940	66 Settles Street	E1 1ES	0	\N	Settles Street	66	\N	\N	\N	\N	\N	0	\N	0	0	0	0	0	0	0	\N
193	0106000020E61000000100000001030000000100000008000000D4D3008BAC8DB0BF0049711022C2494022D64B572686B0BF9812134622C24940E630E689CD85B0BF214BCDBE20C2494081B788FA6F8DB0BF7545628820C249405A3402C31391B0BF7BA3CD7320C24940923754DF3B91B0BF976E872421C24940B5E6E6CF7B8DB0BF78F4BB3921C24940D4D3008BAC8DB0BF0049711022C24940	64 Settles Street	E1 1ES	0	\N	Settles Street	64	\N	\N	\N	\N	\N	0	\N	0	0	0	0	0	0	0	\N
194	0106000020E6100000010000000103000000010000000600000081B788FA6F8DB0BF7545628820C24940E630E689CD85B0BF214BCDBE20C2494032B14C7E7D85B0BF191D1D5E1FC249406C4ED227CC8CB0BF3A23072A1FC249407F61FC171C8DB0BF2F963C8A20C2494081B788FA6F8DB0BF7545628820C24940	62 Settles Street	E1 1JP	0	\N	Settles Street	62	\N	\N	\N	\N	\N	0	\N	0	0	0	0	0	0	0	\N
195	0106000020E610000001000000010300000001000000070000006C4ED227CC8CB0BF3A23072A1FC2494032B14C7E7D85B0BF191D1D5E1FC249404447A5E93885B0BF5753BC421EC24940017AB2CA8F90B0BFDFDBD6FF1DC24940044F1DB3BB90B0BF07C6F89C1EC2494029EA9053B18CB0BF5F7DD1B31EC249406C4ED227CC8CB0BF3A23072A1FC24940	Kobi Nazrul Primary School	E1 1JP	0	\N	Greenfield Road	\N	\N	\N	\N	\N	\N	0	\N	0	0	0	0	0	0	0	\N
196	0106000020E61000000100000001030000000100000009000000C578B2CA8F90B0BFDFDBD6FF1DC249409846A5E93885B0BF5853BC421EC24940F6878036CB84B0BFAA48974C1CC24940251BB683D18BB0BFCC36851A1CC24940F5B20633508CB0BF28E087281CC24940A3BAE87DD58BB0BFB2B43D2B1CC249403835FED61B8CB0BF3B5D32611DC24940A4A3747B6E90B0BF7303C1481DC24940C578B2CA8F90B0BFDFDBD6FF1DC24940	Kobi Nazrul Primary School	E1 1JP	0	\N	Greenfield Road	\N	\N	\N	\N	\N	\N	0	\N	0	0	0	0	0	0	0	\N
197	0106000020E61000000100000001030000000100000009000000F5B20633508CB0BF28E087281CC24940251BB683D18BB0BFCC36851A1CC24940F6878036CB84B0BFAA48974C1CC249403BE340977E84B0BF7866FCFA1AC24940896E6DEA3B8BB0BF6C3A9CD91AC249401B37E9F44E8BB0BF4572812D1BC24940924E5368368EB0BFB5B8151D1BC2494067223D61708EB0BF6DE4821C1CC24940F5B20633508CB0BF28E087281CC24940	Kobi Nazrul Primary School	E1 1JP	0	\N	Greenfield Road	\N	\N	\N	\N	\N	\N	0	\N	0	0	0	0	0	0	0	\N
198	0106000020E61000000100000001030000000100000007000000896E6DEA3B8BB0BF6C3A9CD91AC249403BE340977E84B0BF7866FCFA1AC24940C74EE3E52B84B0BF46E9A18E19C24940BF8ADB8D7B8FB0BFD9F69D5619C2494035069C41A98FB0BF200AFB1F1AC249407BE4F6A5178BB0BF7A6BD0391AC24940896E6DEA3B8BB0BF6C3A9CD91AC24940	Kobi Nazrul Primary School	E1 1JP	0	\N	Greenfield Road	\N	\N	\N	\N	\N	\N	0	\N	0	0	0	0	0	0	0	\N
199	0106000020E61000000100000001030000000100000007000000BF8ADB8D7B8FB0BFD9F69D5619C24940C74EE3E52B84B0BF46E9A18E19C24940894D4516D183B0BF4D6C82FE17C24940637422942B8BB0BF514FEED417C249409A858ED5588BB0BFBF50549C18C249403C4E21344C8FB0BF63AAFD8518C24940BF8ADB8D7B8FB0BFD9F69D5619C24940	Kobi Nazrul Primary School	E1 1JP	0	\N	Greenfield Road	\N	\N	\N	\N	\N	\N	0	\N	0	0	0	0	0	0	0	\N
200	0106000020E6100000010000000103000000010000000A0000006F34B337889EB0BFEEE661CF28C24940E9411D3CDC9EB0BF67974F1328C2494047061106F3A2B0BFED5A8CE227C24940271BA0574AA2B0BF2C3C298226C249404EB82A7776A5B0BFA965545C26C24940C06FFB1C47A4B0BF915F9BE223C249406FA42932F8BAB0BF68D1FED322C249404C8908DCC4BDB0BFB1021AAD28C249409F45973C7BBCB0BF3491A10E29C249406F34B337889EB0BFEEE661CF28C24940	East London Mosque	E1 5NB	0	\N	Whitechapel Road	\N	\N	\N	\N	\N	\N	0	\N	0	0	0	0	0	0	0	\N
201	0106000020E61000000100000001030000000100000005000000F41CBD2E6DB9B0BF2BFCEAD31EC24940669556FD93ABB0BF4FCE6B581FC2494099D608E3D9A9B0BF7447B9DD1AC2494061872A12B3B7B0BFCB8438591AC24940F41CBD2E6DB9B0BF2BFCEAD31EC24940	Kobi Nazrul Primary School	E1 1JP	0	\N	Greenfield Road	\N	\N	\N	\N	\N	\N	0	\N	0	0	0	0	0	0	0	\N
202	0106000020E61000000100000001030000000100000005000000669556FD93ABB0BF4FCE6B581FC24940F41CBD2E6DB9B0BF2BFCEAD31EC24940A1E9E701F8BAB0BFA6DFF7D322C24940182BF72B2BADB0BF5F2E8B7823C24940669556FD93ABB0BF4FCE6B581FC24940	Kobi Nazrul Primary School	E1 1JP	0	\N	Greenfield Road	\N	\N	\N	\N	\N	\N	0	\N	0	0	0	0	0	0	0	\N
203	0106000020E6100000010000000103000000010000000B00000061872A12B3B7B0BFCB8438591AC2494099D608E3D9A9B0BF7447B9DD1AC249401F07F93467A9B0BF3B3F46B419C2494058CCF3FAB6A3B0BF385AE9EA19C249402AF84804A3A2B0BF10021F1F17C2494056E8C5AFA9A7B0BF5981D8EE16C2494071A083B53AA7B0BF0BD5FECE15C2494017579A19D4ABB0BFB0DBD1A215C24940751452283CACB0BF1603B8B016C24940F03E4C4C25B6B0BFD32C865116C2494061872A12B3B7B0BFCB8438591AC24940	Kobi Nazrul Primary School	E1 1JP	0	\N	Greenfield Road	\N	\N	\N	\N	\N	\N	0	\N	0	0	0	0	0	0	0	\N
205	0106000020E6100000010000000103000000010000000F00000027D7E04B8D7EB0BFAD85558602C24940AC11125ADF7DB0BFA637716FFFC149402B7FE09A9A7FB0BFA596A460FFC14940848A8906C77DB0BF8F26FF60F6C14940CCC48AD9F47BB0BF8A91346AF6C1494065A50CB2487BB0BF4C8E081AF3C14940F7D6F79FA889B0BF7D0357D1F2C14940A59E611ADF91B0BF603D417CF3C14940118488A7C698B0BF91FA3854F5C149400D1EF8E8CF9CB0BFB30E109EF8C1494055D424AB549DB0BFB63925C1FBC149403F3040059C9CB0BFBB27C0B5FEC14940BA41EE738A96B0BF396218E300C249407DD47EE01E8EB0BF54BF611D02C2494027D7E04B8D7EB0BFAD85558602C24940	London School of Commerce	E1 1JG	0	\N	Greenfield Road	\N	\N	\N	\N	\N	\N	0	\N	0	0	0	0	0	0	0	\N
206	0106000020E610000001000000010300000001000000050000002C1C1309F6ADB0BFD73D4E4102C249406E7485EDDBA2B0BF193AF7B902C24940D9AA5899ED9EB0BF499613B7F9C1494023B0116DE3AAB0BF3F921635F9C149402C1C1309F6ADB0BFD73D4E4102C24940	London School of Commerce	E1 1ES	0	\N	Greenfield Road	\N	\N	\N	\N	\N	\N	0	\N	0	0	0	0	0	0	0	\N
207	0106000020E610000001000000010300000001000000050000000FBAD6CAC2AAB0BF09DA51CEF8C14940D1A5B2DECA9EB0BF601FAE51F9C14940AC1A295D609BB0BF2EFA8990F1C14940A0D89EB885A7B0BF44023B0BF1C149400FBAD6CAC2AAB0BF09DA51CEF8C14940	Turner House	E1 1LA	0	\N	Greenfield Road	\N	\N	\N	\N	\N	\N	0	\N	0	0	0	0	0	0	0	\N
208	0106000020E6100000010000000103000000010000000500000034C65D8885A7B0BFFE0F340BF1C1494094D227179E9AB0BF9434D598F1C14940398B4E31909AB0BF6BE2C10DEFC149409482C36869A6B0BFF27C7407EFC1494034C65D8885A7B0BFFE0F340BF1C14940	Turner House	E1 1LA	0	\N	Greenfield Road	\N	\N	\N	\N	\N	\N	0	\N	0	0	0	0	0	0	0	\N
209	0106000020E610000001000000010300000001000000080000001776823869A6B0BFA88A6D07EFC14940A3F52F70AA9BB0BFE3BB240DEFC14940ECBF956DC19AB0BFD554E394E6C14940E4A3E3B432A0B0BFA43E1FB5E6C14940A64BBD21DB9FB0BF8EE48625E8C14940FBA1D1F0C9A4B0BF6DF8BD42E8C1494096A317208AA6B0BF68264383EDC149401776823869A6B0BFA88A6D07EFC14940	Turner House	E1 1LA	0	\N	Greenfield Road	\N	\N	\N	\N	\N	\N	0	\N	0	0	0	0	0	0	0	\N
210	0106000020E61000000100000001030000000100000005000000A62990CC5B9BB0BF4C4B1A33ECC1494036BBB2637E96B0BF77B2D328ECC14940516B120F7F96B0BF96718F93E6C149400DB3956DC19AB0BFD254E394E6C14940A62990CC5B9BB0BF4C4B1A33ECC14940	Turner House	E1 1LA	0	\N	Greenfield Road	\N	\N	\N	\N	\N	\N	0	\N	0	0	0	0	0	0	0	\N
211	0106000020E610000001000000010300000001000000060000008D67D1DE7E96B0BF357F8893E6C14940516B120F7F96B0BF94718F93E6C14940459FECD17E96B0BF679F0813E9C149408CF252EBFC92B0BFD9AEC317E9C14940DC905E0BA692B0BF64B63A9EE6C149408D67D1DE7E96B0BF357F8893E6C14940	Turner House	E1 1LA	0	\N	Greenfield Road	\N	\N	\N	\N	\N	\N	0	\N	0	0	0	0	0	0	0	\N
212	0106000020E61000000100000001030000000100000006000000B6861DDBA592B0BF06C4339EE6C1494057DF11BBFC92B0BF7FBCBC17E9C149407AABAF41BD93B0BF4611BA93EEC14940747520A0007BB0BF83363CE8EEC1494006DAB4DCED79B0BFE54F4914E7C14940B6861DDBA592B0BF06C4339EE6C14940	Turner House	E1 1LA	0	\N	Greenfield Road	\N	\N	\N	\N	\N	\N	0	\N	0	0	0	0	0	0	0	\N
213	0106000020E6100000010000000103000000010000000800000039A9A57BF2BEB1BF46A10D3908C24940F0641D7476C6B1BF1BDFF5BD06C2494055D5B4E9D4C8B1BFB9048BC407C24940BF2ABA6134CAB1BF94388B7507C2494006E28887D1D0B1BF4EB98E160AC24940C268A6DD21CBB1BF30DD35A40BC2494054636E5F2FC8B1BF3EF3EDB30BC2494039A9A57BF2BEB1BF46A10D3908C24940	Sushino En, 2 White Church Lane	E1 7QR	0	\N	White Church Lane	2	\N	\N	\N	\N	\N	0	\N	0	0	0	0	0	0	0	\N
214	0106000020E610000001000000010300000001000000070000002F80C09BFEE3B1BFE5DB56FE02C24940EFC049090FDFB1BF815A2FA103C2494008C7E35005DBB1BF64038D3504C24940A9AFD48D07D6B1BFD48E800205C24940FD091073F4D3B1BFA8016A8C03C249401AE1F692E8E1B1BF3384DDD701C249402F80C09BFEE3B1BFE5DB56FE02C24940	London Metropolitan University	E1	0	\N	Manningtree Street	\N	\N	\N	\N	\N	\N	0	\N	0	0	0	0	0	0	0	\N
215	0106000020E610000001000000010300000001000000060000008866613BF85BB0BFA1DA6B582DC24940C426AF3C635BB0BF352A4A072BC24940E09AF16C635BB0BFE61B51072BC24940BED4450BC65EB0BF44DBD4D52AC24940C8864FB21B60B0BF888E161C2DC249408866613BF85BB0BFA1DA6B582DC24940	60 Parfett Street	E1	0	\N	Parfett Street	60	\N	\N	\N	\N	\N	0	\N	0	0	0	0	0	0	0	\N
216	0106000020E610000001000000010300000001000000060000004D033493285BB0BF17C52EAF2AC24940C426AF3C635BB0BF352A4A072BC249405368613BF85BB0BFA1DA6B582DC2494014EEA1C10457B0BF8F69F5A02DC2494023B4EF75DA55B0BF6C5A89FE2AC249404D033493285BB0BF17C52EAF2AC24940	60 Parfett Street	E1	0	\N	Parfett Street	60	\N	\N	\N	\N	\N	0	\N	0	0	0	0	0	0	0	\N
217	0106000020E61000000100000001030000000100000008000000B4B5EF75DA55B0BF6A5A89FE2AC2494014EEA1C10457B0BF8F69F5A02DC24940532074537952B0BF8E4264E32DC24940B03D93E74051B0BFE144EF3F2BC2494055D7A4E44051B0BFE0EEE93F2BC249402962F85E3E51B0BFED91523B2BC249405CC2D5174151B0BF9336F63F2BC24940B4B5EF75DA55B0BF6A5A89FE2AC24940	60 Parfett Street	E1	0	\N	Parfett Street	60	\N	\N	\N	\N	\N	0	\N	0	0	0	0	0	0	0	\N
218	0106000020E6100000010000000103000000010000000A0000002962F85E3E51B0BFED91523B2BC2494055D7A4E44051B0BFE0EEE93F2BC24940B03D93E74051B0BFE144EF3F2BC24940532074537952B0BF8E4264E32DC249404AC04B6B544DB0BF749A962E2EC249409EDEA65FE04BB0BFD9D0049C2BC24940D825FCB4414DB0BFB0854D8A2BC249402A61EAD1DD4CB0BFC26811E02AC249409C674E3CE650B0BFC8C71DA52AC249402962F85E3E51B0BFED91523B2BC24940	4 Myrdle Street	E1 1HL	0	\N	Myrdle Street	4	\N	\N	\N	\N	\N	0	\N	0	0	0	0	0	0	0	\N
219	0106000020E61000000100000001030000000100000007000000F6DFA65FE04BB0BFD9D0049C2BC249404AC04B6B544DB0BF749A962E2EC2494006317A92B148B0BF2DC05B722EC24940C9622071C546B0BF97F260362BC24940489574CF7149B0BFEFDCC6102BC24940A9011471D649B0BF22E747BC2BC24940F6DFA65FE04BB0BFD9D0049C2BC24940	4 Myrdle Street	E1 1HL	0	\N	Myrdle Street	4	\N	\N	\N	\N	\N	0	\N	0	0	0	0	0	0	0	\N
220	0106000020E61000000100000001030000000100000009000000AE6603DBC55EB0BF92E9CDD52AC24940DE9AF16C635BB0BFE51B51072BC2494027023493285BB0BF1AC52EAF2AC2494071EA3C1C0C58B0BF4E83AEDD2AC24940F19927DD5457B0BF48C2C4DA29C24940A3C80901BC59B0BFE27D66B029C24940F06732034E59B0BFA804FE1429C24940E926B245745DB0BF81B409CB28C24940AE6603DBC55EB0BF92E9CDD52AC24940	60 Parfett Street	E1	0	\N	Parfett Street	60	\N	\N	\N	\N	\N	0	\N	0	0	0	0	0	0	0	\N
221	0106000020E610000001000000010300000001000000050000000D531055D25CB0BF6865B46827C2494000DFA53FDD54B0BF5AB0E6F127C249406A26D0033B54B0BFA5D0B77F26C24940718CC788295CB0BFFEADF6F625C249400D531055D25CB0BF6865B46827C24940	56 Parfett Street	E1	0	\N	Parfett Street	56	\N	\N	\N	\N	\N	0	\N	0	0	0	0	0	0	0	\N
222	0106000020E6100000010000000103000000010000000500000000DFA53FDD54B0BF5AB0E6F127C249400D531055D25CB0BF6865B46827C249401DBF6F15745DB0BFCBC202CB28C24940981948307555B0BF2497984C29C2494000DFA53FDD54B0BF5AB0E6F127C24940	58 Parfett Street	E1	0	\N	Parfett Street	58	\N	\N	\N	\N	\N	0	\N	0	0	0	0	0	0	0	\N
223	0106000020E61000000100000001030000000100000005000000718CC788295CB0BFFEADF6F625C249406A26D0033B54B0BFA5D0B77F26C249402571B7DFB953B0BF91A80B5925C249402CA2042BA35BB0BF249BA4D024C24940718CC788295CB0BFFEADF6F625C24940	54 Parfett Street	E1	0	\N	Parfett Street	54	\N	\N	\N	\N	\N	0	\N	0	0	0	0	0	0	0	\N
224	0106000020E610000001000000010300000001000000050000004E597FA52653B0BF4B8A1A0924C249402484B9B7015BB0BF1714FF6E23C249402CA2042BA35BB0BF249BA4D024C249402571B7DFB953B0BF91A80B5925C249404E597FA52653B0BF4B8A1A0924C24940	52 Parfett Street	E1	0	\N	Parfett Street	52	\N	\N	\N	\N	\N	0	\N	0	0	0	0	0	0	0	\N
225	0106000020E610000001000000010300000001000000050000002484B9B7015BB0BF1714FF6E23C249404E597FA52653B0BF4B8A1A0924C249408C625F318652B0BF1280FB9A22C24940B75764CC5A5AB0BFF9DA5E0122C249402484B9B7015BB0BF1714FF6E23C24940	50 Parfett Street	E1	0	\N	Parfett Street	50	\N	\N	\N	\N	\N	0	\N	0	0	0	0	0	0	0	\N
226	0106000020E61000000100000001030000000100000005000000B75764CC5A5AB0BFF9DA5E0122C249408C625F318652B0BF1280FB9A22C24940890F3E10EE51B0BFA9F0DA3F21C249403D730A83C559B0BF667451B320C24940B75764CC5A5AB0BFF9DA5E0122C24940	48 Parfett Street	E1	0	\N	Parfett Street	48	\N	\N	\N	\N	\N	0	\N	0	0	0	0	0	0	0	\N
227	0106000020E610000001000000010300000001000000050000001F730A83C559B0BF687451B320C24940FC0F3E10EE51B0BFAAF0DA3F21C2494044BD63394F51B0BFA738B4E71FC24940F6F11E4C2C59B0BF0EF2C26A1FC249401F730A83C559B0BF687451B320C24940	46 Parfett Street	E1	0	\N	Parfett Street	46	\N	\N	\N	\N	\N	0	\N	0	0	0	0	0	0	0	\N
228	0106000020E61000000100000001030000000100000005000000F6F11E4C2C59B0BF0EF2C26A1FC24940B5BC63394F51B0BFA838B4E71FC249407367D552BD50B0BF24D280881EC249409A8690D38458B0BF9761EDFB1DC24940F6F11E4C2C59B0BF0EF2C26A1FC24940	44 Parfett Street	E1	0	\N	Parfett Street	44	\N	\N	\N	\N	\N	0	\N	0	0	0	0	0	0	0	\N
229	0106000020E6100000010000000103000000010000000500000060A9E43BF457B0BFEAF134BF1CC249406A4E7D202650B0BFB61E812F1DC24940CB6E81D3954FB0BF26993DE61BC2494018D8CC105E57B0BF72D545761BC2494060A9E43BF457B0BFEAF134BF1CC24940	40 Parfett Street	E1	0	\N	Parfett Street	40	\N	\N	\N	\N	\N	0	\N	0	0	0	0	0	0	0	\N
230	0106000020E610000001000000010300000001000000050000006A4E7D202650B0BFB61E812F1DC2494060A9E43BF457B0BFEAF134BF1CC249409A8690D38458B0BF9761EDFB1DC249407367D552BD50B0BF24D280881EC249406A4E7D202650B0BFB61E812F1DC24940	42 Parfett Street	E1	0	\N	Parfett Street	42	\N	\N	\N	\N	\N	0	\N	0	0	0	0	0	0	0	\N
231	0106000020E6100000010000000103000000010000000500000018D8CC105E57B0BF72D545761BC24940CB6E81D3954FB0BF26993DE61BC2494082F45D45FC4EB0BF7B2ADC871AC24940B7833744BE56B0BFB5393E181AC2494018D8CC105E57B0BF72D545761BC24940	38 Parfett Street	E1	0	\N	Parfett Street	38	\N	\N	\N	\N	\N	0	\N	0	0	0	0	0	0	0	\N
232	0106000020E61000000100000001030000000100000005000000B7833744BE56B0BFB5393E181AC2494082F45D45FC4EB0BF7B2ADC871AC2494075D80738764EB0BFED40FB5519C24940131B4EA02156B0BFBAF521C118C24940B7833744BE56B0BFB5393E181AC24940	36 Parfett Street	E1	0	\N	Parfett Street	36	\N	\N	\N	\N	\N	0	\N	0	0	0	0	0	0	0	\N
233	0106000020E61000000100000001030000000100000005000000131B4EA02156B0BFBAF521C118C2494075D80738764EB0BFED40FB5519C249408A18F0AFE04DB0BF142BC80018C2494039771E118655B0BF10D8636C17C24940131B4EA02156B0BFBAF521C118C24940	34 Parfett Street	E1	0	\N	Parfett Street	34	\N	\N	\N	\N	\N	0	\N	0	0	0	0	0	0	0	\N
234	0106000020E6100000010000000103000000010000000500000039771E118655B0BF10D8636C17C249408A18F0AFE04DB0BF142BC80018C24940FF4CF554454DB0BFA8314B9E16C249405F3C0D5AE254B0BFF75BC80516C2494039771E118655B0BF10D8636C17C24940	32 Parfett Street	E1	0	\N	Parfett Street	32	\N	\N	\N	\N	\N	0	\N	0	0	0	0	0	0	0	\N
235	0106000020E610000001000000010300000001000000050000005F3C0D5AE254B0BFF75BC80516C24940FF4CF554454DB0BFA8314B9E16C24940070095E6B74CB0BF0889284515C249405FA1A17B4354B0BF36DBA1B114C249405F3C0D5AE254B0BFF75BC80516C24940	30 Parfett Street	E1	0	\N	Parfett Street	30	\N	\N	\N	\N	\N	0	\N	0	0	0	0	0	0	0	\N
236	0106000020E61000000100000001030000000100000005000000B3A0A17B4354B0BF39DBA1B114C24940B3FF94E6B74CB0BF0789284515C2494007BBFE85144CB0BFFA04C9E613C249404498067BA953B0BF6461755813C24940B3A0A17B4354B0BF39DBA1B114C24940	28 Parfett Street	E1	0	\N	Parfett Street	28	\N	\N	\N	\N	\N	0	\N	0	0	0	0	0	0	0	\N
237	0106000020E610000001000000010300000001000000050000004498067BA953B0BF6461755813C2494007BBFE85144CB0BFFA04C9E613C24940239ADF69934BB0BF5A0F2FC012C24940938B18292353B0BF13393D3212C249404498067BA953B0BF6461755813C24940	26 Parfett Street	E1	0	\N	Parfett Street	26	\N	\N	\N	\N	\N	0	\N	0	0	0	0	0	0	0	\N
238	0106000020E6100000010000000103000000010000000500000010BB1B649252B0BF458621F510C249403EC247A4014BB0BF0A32907311C2494049DB4496584AB0BF6DEAD0F10FC24940502352CAEF51B0BF41EDF6900FC2494010BB1B649252B0BF458621F510C24940	22 Parfett Street	E1	0	\N	Parfett Street	22	\N	\N	\N	\N	\N	0	\N	0	0	0	0	0	0	0	\N
239	0106000020E610000001000000010300000001000000050000003EC247A4014BB0BF0A32907311C2494010BB1B649252B0BF458621F510C24940938B18292353B0BF13393D3212C24940239ADF69934BB0BF5A0F2FC012C249403EC247A4014BB0BF0A32907311C24940	24 Parfett Street	E1	0	\N	Parfett Street	24	\N	\N	\N	\N	\N	0	\N	0	0	0	0	0	0	0	\N
240	0106000020E61000000100000001030000000100000005000000502352CAEF51B0BF41EDF6900FC2494049DB4496584AB0BF6DEAD0F10FC249400E6728B1A349B0BF784E0D550EC249404C98D4843351B0BF3D7091F40DC24940502352CAEF51B0BF41EDF6900FC24940	20 Parfett Street	E1	0	\N	Parfett Street	20	\N	\N	\N	\N	\N	0	\N	0	0	0	0	0	0	0	\N
241	0106000020E610000001000000010300000001000000050000004C98D4843351B0BF3D7091F40DC249400E6728B1A349B0BF784E0D550EC24940812632FB0749B0BFDDBAC0F10CC24940BFC53B7EA050B0BF1E8684B20CC249404C98D4843351B0BF3D7091F40DC24940	20 Parfett Street	E1	0	\N	Parfett Street	20	\N	\N	\N	\N	\N	0	\N	0	0	0	0	0	0	0	\N
242	0106000020E61000000100000001030000000100000005000000DCB406489A2FB0BFFC686C692EC249404C83F4DCA327B0BFFA3EF0DB2EC2494069FA1AD7D626B0BFFC04F8372DC249401B339E41CD2EB0BF163474C52CC24940DCB406489A2FB0BFFC686C692EC24940	Tayyabs, 83-89 Fieldgate Street	E1 1JU	0	\N	Fieldgate Street	0	\N	\N	\N	\N	\N	0	\N	0	0	0	0	0	0	0	\N
243	0106000020E610000001000000010300000001000000050000004C83F4DCA327B0BFFA3EF0DB2EC24940DCB406489A2FB0BFFC686C692EC249408BB5DE704D30B0BFC91F69D82FC2494051B2452E6D28B0BF3A2D9A5130C249404C83F4DCA327B0BFFA3EF0DB2EC24940	Tayyabs, 83-89 Fieldgate Street	E1 1JU	0	\N	Fieldgate Street	0	\N	\N	\N	\N	\N	0	\N	0	0	0	0	0	0	0	\N
244	0106000020E610000001000000010300000001000000050000001B339E41CD2EB0BF163474C52CC2494069FA1AD7D626B0BFFC04F8372DC24940AFF3937BF525B0BF3476586A2BC2494091487BE5EB2DB0BF7DADD4F72AC249401B339E41CD2EB0BF163474C52CC24940	Tayyabs, 83-89 Fieldgate Street	E1 1JU	0	\N	Fieldgate Street	0	\N	\N	\N	\N	\N	0	\N	0	0	0	0	0	0	0	\N
245	0106000020E6100000010000000103000000010000000500000091487BE5EB2DB0BF7DADD4F72AC24940AFF3937BF525B0BF3476586A2BC249403188F3B32E25B0BFB80A2AD329C2494093F093C62A2DB0BF91EC3E6C29C2494091487BE5EB2DB0BF7DADD4F72AC24940	Tayyabs, 83-89 Fieldgate Street	E1 1JU	0	\N	Fieldgate Street	0	\N	\N	\N	\N	\N	0	\N	0	0	0	0	0	0	0	\N
246	0106000020E6100000010000000103000000010000000500000093F093C62A2DB0BF91EC3E6C29C249403188F3B32E25B0BFB80A2AD329C24940129A52669024B0BF392EE58E28C249409ABC053E8F2CB0BFFE69A72D28C2494093F093C62A2DB0BF91EC3E6C29C24940	12 Myrdle Street	E1 1HL	0	\N	Myrdle Street	12	\N	\N	\N	\N	\N	0	\N	0	0	0	0	0	0	0	\N
247	0106000020E6100000010000000103000000010000000500000087F9AB9E9129B0BFFD164CA920C24940D3BD2EA2E520B0BFEA28122721C24940F20BBD56BD1EB0BFACA563721DC24940A681BFE25027B0BF130900F61CC2494087F9AB9E9129B0BFFD164CA920C24940	Empire House, 67-75 New Road	E1 1HL	0	\N	New Road	0	\N	\N	\N	\N	\N	0	\N	0	0	0	0	0	0	0	\N
248	0106000020E6100000010000000103000000010000000500000088B755039525B0BF5A53394819C24940E66FC06DB81DB0BF43AF28B219C24940178AFD32F91CB0BFFE2EF51518C249403A9C776CCE24B0BFE1FD68AC17C2494088B755039525B0BF5A53394819C24940	Empire House, 67-75 New Road	E1 1JU	0	\N	New Road	0	\N	\N	\N	\N	\N	0	\N	0	0	0	0	0	0	0	\N
249	0106000020E61000000100000001030000000100000005000000E66FC06DB81DB0BF43AF28B219C2494088B755039525B0BF5A53394819C24940F70B7F553C26B0BFFC5532A31AC24940013ED8A75A1EB0BF6815D80F1BC24940E66FC06DB81DB0BF43AF28B219C24940	Empire House, 67-75 New Road	E1 1JU	0	\N	New Road	0	\N	\N	\N	\N	\N	0	\N	0	0	0	0	0	0	0	\N
250	0106000020E610000001000000010300000001000000050000003A9C776CCE24B0BFE1FD68AC17C24940178AFD32F91CB0BFFE2EF51518C24940A610353F2B1CB0BF8770055A16C24940B93C868BF823B0BFAE0EE4F015C249403A9C776CCE24B0BFE1FD68AC17C24940	Empire House, 67-75 New Road	E1 1JU	0	\N	New Road	0	\N	\N	\N	\N	\N	0	\N	0	0	0	0	0	0	0	\N
251	0106000020E61000000100000001030000000100000005000000B93C868BF823B0BFAE0EE4F015C24940A610353F2B1CB0BF8770055A16C24940C3D2002E6D1BB0BF155553C014C24940A7FDAA293323B0BFC084945714C24940B93C868BF823B0BFAE0EE4F015C24940	Whitechapel Hotel, 49 - 53 New Road	E1 1HL	0	\N	New Road	0	\N	\N	\N	\N	\N	0	\N	0	0	0	0	0	0	0	\N
252	0106000020E61000000100000001030000000100000005000000A7FDAA293323B0BFC084945714C24940C3D2002E6D1BB0BF155553C014C24940199B0DF7A91AB0BF6DC8881B13C2494095D95A6F6822B0BFA5372FB312C24940A7FDAA293323B0BFC084945714C24940	Whitechapel Hotel, 49 - 53 New Road	E1 1HL	0	\N	New Road	0	\N	\N	\N	\N	\N	0	\N	0	0	0	0	0	0	0	\N
253	0106000020E6100000010000000103000000010000000500000095D95A6F6822B0BFA5372FB312C24940199B0DF7A91AB0BF6DC8881B13C249401E8EF49D0F1AB0BF4B14D5CE11C24940C28254F3C921B0BF9B30896A11C2494095D95A6F6822B0BFA5372FB312C24940	Whitechapel Hotel, 49 - 53 New Road	E1 1HL	0	\N	New Road	0	\N	\N	\N	\N	\N	0	\N	0	0	0	0	0	0	0	\N
254	0106000020E6100000010000000103000000010000000500000094F1CB53061FB0BF1F7E13552FC24940CC5A95C45017B0BF466393CE2FC2494056BD1FBE7E16B0BF0EFFB2162EC24940175EB954361EB0BF5F1B139D2DC2494094F1CB53061FB0BF1F7E13552FC24940	Tayyabs, 83-89 Fieldgate Street	E1 1JU	0	\N	Fieldgate Street	0	\N	\N	\N	\N	\N	0	\N	0	0	0	0	0	0	0	\N
255	0106000020E61000000100000001030000000100000005000000CC5A95C45017B0BF466393CE2FC2494094F1CB53061FB0BF1F7E13552FC24940296BF697CA1FB0BF897143F430C249401868BB061118B0BFD3CD3D6131C24940CC5A95C45017B0BF466393CE2FC24940	Tayyabs, 83-89 Fieldgate Street	E1 1JU	0	\N	Fieldgate Street	0	\N	\N	\N	\N	\N	0	\N	0	0	0	0	0	0	0	\N
256	0106000020E61000000100000001030000000100000005000000175EB954361EB0BF5F1B139D2DC2494056BD1FBE7E16B0BF0EFFB2162EC2494018CBD00FA515B0BF70E6C94E2CC249403EB4BEC05E1DB0BF25DF08D52BC24940175EB954361EB0BF5F1B139D2DC24940	89 New Road	E1 1JU	0	\N	New Road	89	\N	\N	\N	\N	\N	0	\N	0	0	0	0	0	0	0	\N
257	0106000020E610000001000000010300000001000000050000003EB4BEC05E1DB0BF25DF08D52BC2494018CBD00FA515B0BF70E6C94E2CC2494072C60F59E214B0BF11EFFAB62AC249408DA784EB9D1CB0BF03411C3D2AC249403EB4BEC05E1DB0BF25DF08D52BC24940	Empire House, 67-75 New Road	E1 1JU	0	\N	New Road	0	\N	\N	\N	\N	\N	0	\N	0	0	0	0	0	0	0	\N
258	0106000020E610000001000000010300000001000000050000008DA784EB9D1CB0BF03411C3D2AC2494072C60F59E214B0BF11EFFAB62AC2494077DF4C581214B0BFF9CE560329C249407AA227EDCF1BB0BFCD77588928C249408DA784EB9D1CB0BF03411C3D2AC24940	Empire House, 67-75 New Road	E1 1JU	0	\N	New Road	0	\N	\N	\N	\N	\N	0	\N	0	0	0	0	0	0	0	\N
259	0106000020E610000001000000010300000001000000050000007AA227EDCF1BB0BFCD77588928C2494077DF4C581214B0BFF9CE560329C24940FF3980413E13B0BFD3DC234727C24940A0F597EE071BB0BFD88F45E226C249407AA227EDCF1BB0BFCD77588928C24940	Empire House, 67-75 New Road	E1 1HL	0	\N	New Road	0	\N	\N	\N	\N	\N	0	\N	0	0	0	0	0	0	0	\N
260	0106000020E61000000100000001030000000100000005000000A0F597EE071BB0BFD88F45E226C24940FF3980413E13B0BFD3DC234727C249403B46923F7D12B0BFE4C7E7B225C24940DAF75383481AB0BFB1A5564D25C24940A0F597EE071BB0BFD88F45E226C24940	Empire House, 67-75 New Road	E1 1HL	0	\N	New Road	0	\N	\N	\N	\N	\N	0	\N	0	0	0	0	0	0	0	\N
261	0106000020E61000000100000001030000000100000005000000DAF75383481AB0BFB1A5564D25C249403B46923F7D12B0BFE4C7E7B225C2494000DB2E40C811B0BF6E03D33724C249409767BF459519B0BF36F92AD223C24940DAF75383481AB0BFB1A5564D25C24940	Empire House, 67-75 New Road	E1 1HL	0	\N	New Road	0	\N	\N	\N	\N	\N	0	\N	0	0	0	0	0	0	0	\N
262	0106000020E610000001000000010300000001000000050000009767BF459519B0BF36F92AD223C2494000DB2E40C811B0BF6E03D33724C249402F9594B9CF10B0BF35EE4F2F22C24940F90BC8289F18B0BF977588C921C249409767BF459519B0BF36F92AD223C24940	Empire House, 67-75 New Road	E1 1JU	0	\N	New Road	0	\N	\N	\N	\N	\N	0	\N	0	0	0	0	0	0	0	\N
263	0106000020E61000000100000001030000000100000005000000F90BC8289F18B0BF977588C921C249402F9594B9CF10B0BF35EE4F2F22C24940B6B950852510B0BF8B3ED6CA20C24940FB7A819BF617B0BF383EF96420C24940F90BC8289F18B0BF977588C921C24940	Empire House, 67-75 New Road	E1 1JU	0	\N	New Road	0	\N	\N	\N	\N	\N	0	\N	0	0	0	0	0	0	0	\N
264	0106000020E61000000100000001030000000100000005000000FB7A819BF617B0BF383EF96420C24940B6B950852510B0BF8B3ED6CA20C249400B11EFA64D0FB0BFC4CBB8061FC24940181B98D52017B0BF8C7AC0A01EC24940FB7A819BF617B0BF383EF96420C24940	Empire House, 67-75 New Road	E1 1HL	0	\N	New Road	0	\N	\N	\N	\N	\N	0	\N	0	0	0	0	0	0	0	\N
265	0106000020E61000000100000001030000000100000005000000181B98D52017B0BF8C7AC0A01EC249400B11EFA64D0FB0BFC4CBB8061FC24940F6EE50BC910EB0BF535E267D1DC249407D83F8BD6616B0BF7A4016171DC24940181B98D52017B0BF8C7AC0A01EC24940	Empire House, 67-75 New Road	E1 1JU	0	\N	New Road	0	\N	\N	\N	\N	\N	0	\N	0	0	0	0	0	0	0	\N
266	0106000020E610000001000000010300000001000000050000007D83F8BD6616B0BF7A4016171DC24940F6EE50BC910EB0BF535E267D1DC24940066933B7B50DB0BFC62157B01BC24940C71CA4DB8C15B0BF102C2B4A1BC249407D83F8BD6616B0BF7A4016171DC24940	Empire House, 67-75 New Road	E1 1HL	0	\N	New Road	0	\N	\N	\N	\N	\N	0	\N	0	0	0	0	0	0	0	\N
267	0106000020E61000000100000001030000000100000005000000C71CA4DB8C15B0BF102C2B4A1BC24940066933B7B50DB0BFC62157B01BC24940E0E89FBAEE0CB0BF1E44950F1AC24940014497CDC714B0BF472650A919C24940C71CA4DB8C15B0BF102C2B4A1BC24940	Empire House, 67-75 New Road	E1 1JU	0	\N	New Road	0	\N	\N	\N	\N	\N	0	\N	0	0	0	0	0	0	0	\N
268	0106000020E61000000100000001030000000100000005000000014497CDC714B0BF472650A919C24940E0E89FBAEE0CB0BF1E44950F1AC24940637117CE250CB0BF3BABC46A18C24940C2A965D40014B0BFCF25660418C24940014497CDC714B0BF472650A919C24940	Empire House, 67-75 New Road	E1 1JU	0	\N	New Road	0	\N	\N	\N	\N	\N	0	\N	0	0	0	0	0	0	0	\N
269	0106000020E610000001000000010300000001000000050000000675EE0E690BB0BFC61775DF16C249409E6B4CEA4513B0BFF3ACFE7816C24940C2A965D40014B0BFCF25660418C249402B7117CE250CB0BF3BABC46A18C249400675EE0E690BB0BFC61775DF16C24940	Empire House, 67-75 New Road	E1 1JU	0	\N	New Road	0	\N	\N	\N	\N	\N	0	\N	0	0	0	0	0	0	0	\N
270	0106000020E61000000100000001030000000100000005000000D16B4CEA4513B0BFF3ACFE7816C249408374EE0E690BB0BFC61775DF16C24940A705E707800AB0BFABB067F714C249408FA062265F12B0BFFCCAD39014C24940D16B4CEA4513B0BFF3ACFE7816C24940	59 New Road	E1 1JU	0	\N	New Road	59	\N	\N	\N	\N	\N	0	\N	0	0	0	0	0	0	0	\N
271	0106000020E610000001000000010300000001000000050000008FA062265F12B0BFFCCAD39014C24940A705E707800AB0BFABB067F714C249405C0EEB23CC09B0BFDC7BA47E13C24940C1D27301AD11B0BF16CFF91713C249408FA062265F12B0BFFCCAD39014C24940	Whitechapel Hotel, 49 - 53 New Road	E1 1HL	0	\N	New Road	0	\N	\N	\N	\N	\N	0	\N	0	0	0	0	0	0	0	\N
272	0106000020E61000000100000001030000000100000005000000C1D27301AD11B0BF16CFF91713C249405C0EEB23CC09B0BFDC7BA47E13C2494014A90BB50509B0BFD3660BDF11C249408C49B87FE810B0BF459E477811C24940C1D27301AD11B0BF16CFF91713C24940	Whitechapel Hotel, 49 - 53 New Road	E1 1JU	0	\N	New Road	0	\N	\N	\N	\N	\N	0	\N	0	0	0	0	0	0	0	\N
273	0106000020E610000001000000010300000001000000050000008C49B87FE810B0BF459E477811C2494014A90BB50509B0BFD3660BDF11C24940368B80755808B0BF9798317410C24940A1BFB4144110B0BF1E6E1E1610C249408C49B87FE810B0BF459E477811C24940	Whitechapel Hotel, 49 - 53 New Road	E1 1HL	0	\N	New Road	0	\N	\N	\N	\N	\N	0	\N	0	0	0	0	0	0	0	\N
274	0106000020E610000001000000010300000001000000050000007F14C1065D0DB0BF97D036A230C24940075EC9DE9C04B0BF59F3F34231C249400E021909DA03B0BF568BF1A22FC24940E9D57B309A0CB0BF816E34022FC249407F14C1065D0DB0BF97D036A230C24940	91 New Road	E1 1JU	0	\N	New Road	91	\N	\N	\N	\N	\N	0	\N	0	0	0	0	0	0	0	\N
275	0106000020E61000000100000001030000000100000008000000075EC9DE9C04B0BF59F3F34231C249407F14C1065D0DB0BF97D036A230C249408BEA6BD1A00DB0BFB3E8F53231C24940D6A94D5F4611B0BF6361690831C24940E00C0E679511B0BF160A70F631C24940ED395623520DB0BF1F38244532C24940EDE7B1AD5A05B0BF93D53AD832C24940075EC9DE9C04B0BF59F3F34231C24940	93 New Road	E1 1HL	0	\N	New Road	93	\N	\N	\N	\N	\N	0	\N	0	0	0	0	0	0	0	\N
276	0106000020E61000000100000001030000000100000005000000E9D57B309A0CB0BF816E34022FC249400E021909DA03B0BF568BF1A22FC24940389939383903B0BF5B20924B2EC24940D268215FF90BB0BF2508D5AA2DC24940E9D57B309A0CB0BF816E34022FC24940	89 New Road	E1 1JU	0	\N	New Road	89	\N	\N	\N	\N	\N	0	\N	0	0	0	0	0	0	0	\N
277	0106000020E61000000100000001030000000100000005000000D268215FF90BB0BF2508D5AA2DC24940389939383903B0BF5B20924B2EC24940A9901C1D7902B0BFF94F63B12CC249407FD57443390BB0BF8F44A6102CC24940D268215FF90BB0BF2508D5AA2DC24940	87 New Road	E1 1HL	0	\N	New Road	87	\N	\N	\N	\N	\N	0	\N	0	0	0	0	0	0	0	\N
278	0106000020E610000001000000010300000001000000050000007FD57443390BB0BF8F44A6102CC24940A9901C1D7902B0BFF94F63B12CC249409E6BB7EBBF01B0BF7D2FF7252BC2494090F48011800AB0BF1C273A852AC249407FD57443390BB0BF8F44A6102CC24940	85 New Road	E1 1JU	0	\N	New Road	85	\N	\N	\N	\N	\N	0	\N	0	0	0	0	0	0	0	\N
279	0106000020E6100000010000000103000000010000000500000090F48011800AB0BF1C273A852AC249409E6BB7EBBF01B0BF7D2FF7252BC24940D6AC93750E01B0BFCA250DAB29C24940CBD3D39ACE09B0BF061F500A29C2494090F48011800AB0BF1C273A852AC24940	83 New Road	E1 1HL	0	\N	New Road	83	\N	\N	\N	\N	\N	0	\N	0	0	0	0	0	0	0	\N
280	0106000020E61000000100000001030000000100000005000000CBD3D39ACE09B0BF061F500A29C24940D6AC93750E01B0BFCA250DAB29C249406E51B3767100B0BF5CF0D55B28C2494087F67B9B3109B0BF5BEF18BB27C24940CBD3D39ACE09B0BF061F500A29C24940	81 New Road	E1 1JU	0	\N	New Road	81	\N	\N	\N	\N	\N	0	\N	0	0	0	0	0	0	0	\N
281	0106000020E6100000010000000103000000010000000500000087F67B9B3109B0BF5BEF18BB27C249406E51B3767100B0BF5CF0D55B28C24940332A3119E0FEAFBF8FE1343626C24940D6905A144B08B0BFFFD6E1CE25C2494087F67B9B3109B0BF5BEF18BB27C24940	79 New Road	E1 1JU	0	\N	New Road	79	\N	\N	\N	\N	\N	0	\N	0	0	0	0	0	0	0	\N
282	0106000020E61000000100000001030000000100000005000000BAAD17E44A08B0BF3BE5DACE25C249408E0E6E3FA6FFAFBFBCC8A73126C249403A2EC53A34FDAFBFF2404FC723C24940288641EF0D07B0BFAC4AB75C23C24940BAAD17E44A08B0BF3BE5DACE25C24940	Empire House, 67-75 New Road	E1 1JU	0	\N	New Road	0	\N	\N	\N	\N	\N	0	\N	0	0	0	0	0	0	0	\N
283	0106000020E61000000100000001030000000100000006000000E0AAFEBE0D07B0BFE258B05C23C24940E39277D6C6FDAFBF117AA9C323C249400460FFBF01F5AFBF3A2068E71AC249409ADC9789A905B0BF63A194931AC24940C2E7657FE909B0BF4436142C23C24940E0AAFEBE0D07B0BFE258B05C23C24940	Empire House, 67-75 New Road	E1 1JU	0	\N	New Road	0	\N	\N	\N	\N	\N	0	\N	0	0	0	0	0	0	0	\N
284	0106000020E61000000100000001030000000100000005000000A2D3BA3EE101B0BF22C3822719C24940410F8A121EF3AFBF479B068F19C24940386D776BA7F1AFBFCB77ABF517C24940188730EA2501B0BFED31278E17C24940A2D3BA3EE101B0BF22C3822719C24940	61 New Road	E1 1HL	0	\N	New Road	61	\N	\N	\N	\N	\N	0	\N	0	0	0	0	0	0	0	\N
285	0106000020E61000000100000001030000000100000005000000410F8A121EF3AFBF479B068F19C24940A2D3BA3EE101B0BF22C3822719C249407FD36F759202B0BFB5F9C2AA1AC24940EC401A765BF4AFBF315AD0E91AC24940410F8A121EF3AFBF479B068F19C24940	63 New Road	E1 1HL	0	\N	New Road	63	\N	\N	\N	\N	\N	0	\N	0	0	0	0	0	0	0	\N
286	0106000020E610000001000000010300000001000000050000007567DDF9FEFEAFBF007536A317C24940386D776BA7F1AFBFCB77ABF517C249400E3C9B5DD8EBAFBFE560DF9C11C249405C9E943B2CF9AFBF5680E65011C249407567DDF9FEFEAFBF007536A317C24940	55 New Road	E1 1HL	0	\N	New Road	55	\N	\N	\N	\N	\N	0	\N	0	0	0	0	0	0	0	\N
287	0106000020E610000001000000010300000001000000070000006EAF84C94D0FB0BF87FDD0E30EC2494070E819FEB807B0BFBD1FC3340FC24940F6EF2C092F07B0BFEF2E5AF70DC249403A0573FBCCFFAFBF6057B7460EC24940FB750DB4CAFEAFBF233733D30CC24940E5C338A2F80DB0BFA1F9E7900CC249406EAF84C94D0FB0BF87FDD0E30EC24940	Whitechapel Hotel, 49 - 53 New Road	E1 1HL	0	\N	New Road	0	\N	\N	\N	\N	\N	0	\N	0	0	0	0	0	0	0	\N
424	0106000020E610000001000000010300000001000000070000007E10EB9D847BB0BF76947F7049C249407475A2AFE776B0BFC654462F4AC249400DBA4D77B471B0BF51BB71F946C24940F1FE60797773B0BFC24E56BB46C249408C2C4BA10F75B0BF1101C3DB47C24940DED3A7AF9778B0BF3A2F445F47C249407E10EB9D847BB0BF76947F7049C24940	Cox orthopaedics	E1 5NB	0	\N	Whitechapel Road	\N	\N	\N	\N	\N	\N	0	\N	0	0	0	0	0	0	0	\N
288	0106000020E6100000010000000103000000010000000B0000002A5B8853CAFEAFBF1E452CD30CC24940400873FBCCFFAFBF6557B7460EC24940EDEFB8F92EFDAFBFFB0A89630EC24940F2B108FBA2FFAFBFD3B42C0510C24940BD2B28032AFBAFBFCD9F742B10C24940C63B631C28FCAFBF5C573B3F11C24940389B943B2CF9AFBF5780E65011C249407091F4FBD7EBAFBF9878D89C11C24940A7DD15FDD7EBAFBFEC6ED89C11C249405AD171E31DE9AFBFF981AE0A0DC249402A5B8853CAFEAFBF1E452CD30CC24940	Whitechapel Hotel, 49 - 53 New Road	E1 1JU	0	\N	New Road	0	\N	\N	\N	\N	\N	0	\N	0	0	0	0	0	0	0	\N
289	0106000020E61000000100000001030000000100000009000000325EBCB2DC96B1BFC55BCB33E6C14940F86F783AC796B1BF74EC574AE6C1494080385FE14F97B1BFC0E34E85E5C14940C9756506DA9FB1BFDB04EDCDE3C14940073A7BB010A2B1BFBCB34A88E4C1494035BB38A542A4B1BF8431EB8CE4C149401DD6335310A4B1BF93A8BADFE6C14940E530161F9E98B1BF17249AC7E6C14940325EBCB2DC96B1BFC55BCB33E6C14940	The Castle	E1 7QL	0	\N	Goodman's Stile	\N	\N	\N	\N	\N	\N	0	\N	0	0	0	0	0	0	0	\N
290	0106000020E61000000100000001030000000100000006000000EA7DF42210A4B1BF45B6B3DFE6C14940856CF97442A4B1BF2D3FE48CE4C14940E7FEEC8851A4B1BFE44A84EFE2C1494043875D019DAAB1BF741CC6C9E1C14940663052C72DAAB1BF1AAB97ECE6C14940EA7DF42210A4B1BF45B6B3DFE6C14940	The Castle	E1 7QL	0	\N	Goodman's Stile	\N	\N	\N	\N	\N	\N	0	\N	0	0	0	0	0	0	0	\N
291	0106000020E6100000010000000103000000010000000A000000B73092A218AAB1BF1ACE7834E7C149404B6C661574AAB1BFB03E42ABE3C149405401FE00C3AEB1BFC05E7EC1E3C14940D966027BDBAEB1BF8F214DC5E0C14940FA9A2922ECB6B1BF8D517219DFC1494094B5F244C9BAB1BF442CD9B8E0C14940E22C278D99BAB1BFE74671DAE3C149403D00BE93DFBCB1BF48D53BDFE3C149403610921D94BCB1BFEBFD655BE7C14940B73092A218AAB1BF1ACE7834E7C14940	81 Alie Street	E1 8EB	0	\N	Alie Street	81	\N	\N	\N	\N	\N	0	\N	0	0	0	0	0	0	0	\N
292	0106000020E61000000100000001030000000100000008000000EDDC52ED93BCB1BF9C0B5F5BE7C14940C69AF9C9C2BCB1BF5AA15531E5C14940121B6F85DBC1B1BFC642133CE5C149403CE603D9E5C1B1BFD787FBC1E4C14940F301A5AFD6C2B1BF710BF7C3E4C14940CEFFF1509AC2B1BF3FDABC8DE7C149401B9437BE90BCB1BFA6D30381E7C14940EDDC52ED93BCB1BF9C0B5F5BE7C14940	81 Alie Street	E1 8EB	0	\N	Alie Street	81	\N	\N	\N	\N	\N	0	\N	0	0	0	0	0	0	0	\N
293	0106000020E610000001000000010300000001000000050000007DD5B2209AC2B1BFF2E7B58DE7C149400DA545F7D5C2B1BF78AF39CAE4C149400581E68EC6C7B1BF2F4AA2D4E4C14940C942EBB88AC7B1BFEFB31E98E7C149407DD5B2209AC2B1BFF2E7B58DE7C14940	81 Alie Street	E1 8EB	0	\N	Alie Street	81	\N	\N	\N	\N	\N	0	\N	0	0	0	0	0	0	0	\N
294	0106000020E610000001000000010300000001000000060000002F20AC888AC7B1BFA2C11798E7C149400D1857A1DAC7B1BF3109C6D4E4C1494046131783E1C7B1BF186D6783E4C1494016F8941604CDB1BF186E398EE4C14940F05C8D5FC1CCB1BF5E7614A3E7C149402F20AC888AC7B1BFA2C11798E7C14940	81 Alie Street	E1 8EJ	0	\N	Alie Street	81	\N	\N	\N	\N	\N	0	\N	0	0	0	0	0	0	0	\N
295	0106000020E6100000010000000103000000010000000500000064424E2FC1CCB1BF13840DA3E7C1494007F6EF0AF9CCB1BFF286930EE5C14940CD2874F666D3B1BF01A81F1CE5C14940C99D9B1B2FD3B1BFDD8F99B0E7C1494064424E2FC1CCB1BF13840DA3E7C14940	81 Alie Street	E1 8EB	0	\N	Alie Street	81	\N	\N	\N	\N	\N	0	\N	0	0	0	0	0	0	0	\N
296	0106000020E6100000010000000103000000010000000A00000001BF62BCC3D3B1BFA3BC8E9BE3C149408353D31634C2B1BF5ECA8D76E3C14940235F0AB274C2B1BF861DB17AE0C149407AFAC5B819C8B1BFD71F9686E0C1494032BD15D82DC8B1BF4E84A998DFC14940CCBDD4494BCEB1BFC01E8CA5DFC14940AB78E03938CEB1BFBE03F386E0C14940953D7F2883D1B1BF101FE38DE0C14940F7EA1306D1D3B1BF8561F010E2C1494001BF62BCC3D3B1BFA3BC8E9BE3C14940	81 Alie Street	E1 8EB	0	\N	Alie Street	81	\N	\N	\N	\N	\N	0	\N	0	0	0	0	0	0	0	\N
297	0106000020E6100000010000000103000000010000000D000000AF2C0F9553C9B1BF7A179E16DEC149404D559AF6D9C4B1BF06F8120EDFC1494017F6C56CEFC0B1BFFFF1AE72DDC14940024B43C62CBCB1BF696A8072DEC149409A47FA4DA1B8B1BFB7E313FFDCC14940183C86F892BCB1BF1F03FE0EDCC14940CF375B836CBEB1BFF6A9CFD0DCC14940BF7E8480F8BFB1BF4CB52C78DCC14940D5F4597C9CBEB1BFA9F8ABD8DBC149405D55247F29C0B1BF82671379DBC14940C3CB02B23ABFB1BFAEC88D18DBC14940285FDA51F0C0B1BF26B22DAFDAC14940AF2C0F9553C9B1BF7A179E16DEC14940	81 Alie Street	E1 8EB	0	\N	Alie Street	81	\N	\N	\N	\N	\N	0	\N	0	0	0	0	0	0	0	\N
298	0106000020E6100000010000000103000000010000001900000047DA17680DDEB1BF23E44A1FE8C1494040F6C58402DEB1BF08075EB0E6C14940D8168C5348D3B1BFF9992384E6C1494089BF238CC3D3B1BF4BCA879BE3C149409D9C8952D8E0B1BF98A58700E2C14940D6F9FFD724E4B1BFF6EAAEF4E1C14940720F379194F7B1BFB25A2375DEC14940C5635F5462FAB1BF9C979FC8DFC149404B1000FA2F00B2BF8465B2B2DEC149405C19BA0D2202B2BF3E73D695DFC14940202994271913B2BF95769271DCC149407E5B31CBC115B2BF817F49B4DDC149402D541764371AB2BF4DC1F3C9DCC149408ABC06973A1DB2BF9F7B9A37DEC14940EE00D654D321B2BF6FC20D46DDC14940ACE47EC1FA24B2BF9D18E1C4DEC149401DBF9F358220B2BFD305D2AFDFC14940F553FA429919B2BF7EE2F478E3C14940D85669911903B2BF65E9AAFBE6C14940E2A4269C2F02B2BF4E7D4AA8E6C14940E3FBB3001AFFB1BF3D0B3FF3E6C14940CAC88B8B24FFB1BF7AC61C64E7C14940627DBA1F29F4B1BFCBD6DD4DE8C149407351787211E7B1BF70564932E8C1494047DA17680DDEB1BF23E44A1FE8C14940	Metropolitan Tower	E1 7QX	0	\N	Commercial Road	\N	\N	\N	\N	\N	\N	0	\N	0	0	0	0	0	0	0	\N
299	0106000020E6100000010000000103000000010000000600000046FEFC72650DB2BFBC1EBA53D7C149402F940814BE05B2BF2C406E51D3C14940D3473661951CB2BF4605F8F2CEC149401B7DDD8CAC23B2BFCF50908ED2C14940288E67213723B2BFEC9A4E27D3C1494046FEFC72650DB2BFBC1EBA53D7C14940	19 Leman Street	E1 8EJ	0	\N	Leman Street	19	\N	\N	\N	\N	\N	0	\N	0	0	0	0	0	0	0	\N
300	0106000020E61000000100000001030000000100000005000000F90EF830951CB2BFBB12F1F2CEC14940E5979FE85415B2BF26890256D0C14940A9B0F6A5210AB2BF8B78F254CAC149406C4940137B11B2BF32C25CFFC8C14940F90EF830951CB2BFBB12F1F2CEC14940	The Dispensary, 19a Leman Street	E1 8EN	0	\N	Leman Street	0	\N	\N	\N	\N	\N	0	\N	0	0	0	0	0	0	0	\N
302	0106000020E61000000100000001030000000100000005000000358461D65D03B2BF9DA22466CEC149406701706C85F3B1BFF7B17C2CD2C14940B2DCB75430EFB1BF73015E67D0C14940590068B8C2FFB1BF653DB874CCC14940358461D65D03B2BF9DA22466CEC14940	55-57 Alie Street	E1 8EJ	0	\N	Alie Street	0	\N	\N	\N	\N	\N	0	\N	0	0	0	0	0	0	0	\N
303	0106000020E61000000100000001030000000100000009000000C9A00B251BFFB1BF1772BBE7D9C14940D79C643E5EF7B1BF794327DAD5C149406CF31A6EB1F9B1BF69D1577CD5C14940EFC6396BC8F5B1BFA864BB7BD3C14940984D1FD170FCB1BFB3E86A37D2C149401941760E1300B2BF4022B63DD4C14940AA9476CF8C05B2BF859A8D37D3C1494087703BA3650DB2BF3011C153D7C14940C9A00B251BFFB1BF1772BBE7D9C14940	Enterprise House	E1 8EB	0	\N	Buckle Street	\N	\N	\N	\N	\N	\N	0	\N	0	0	0	0	0	0	0	\N
304	0106000020E610000001000000010300000001000000050000002F68CEEDDC7BB1BFCCF41180ECC149407D82A839F68CB1BF66A61EA4ECC14940F8B39FAF628EB1BF9C109E6EEDC149405F2211FC9380B1BFDD55C5D9EFC149402F68CEEDDC7BB1BFCCF41180ECC14940	Fresh, 29 Commercial Road	E1 7QL	0	\N	Commercial Road	29	\N	\N	\N	\N	\N	0	\N	0	0	0	0	0	0	0	\N
305	0106000020E61000000100000001030000000100000007000000CA1E607F628EB1BF5B1E976EEDC1494067903EC0C491B1BF1002562CEFC14940CD617181B58AB1BFDB5C2682F0C14940FDD71907FA88B1BFF541F39DEFC149403686982BC684B1BF249F6E69F0C149407AA5AAFFE482B1BFC212D671EFC14940CA1E607F628EB1BF5B1E976EEDC14940	Fresh, 29 Commercial Road	E1 7QL	0	\N	Commercial Road	29	\N	\N	\N	\N	\N	0	\N	0	0	0	0	0	0	0	\N
306	0106000020E61000000100000001030000000100000006000000C4F9FE8FC491B1BFD40F4F2CEFC1494042629B879B95B1BFCFC0DF16F1C1494014003BBBA988B1BFE8C2D3F0F2C149401C1D839D4086B1BF46B4E64CF1C14940E6607181B58AB1BFDA5C2682F0C14940C4F9FE8FC491B1BFD40F4F2CEFC14940	Fresh, 29 Commercial Road	E1 7QL	0	\N	Commercial Road	29	\N	\N	\N	\N	\N	0	\N	0	0	0	0	0	0	0	\N
307	0106000020E6100000010000000103000000010000000500000004A1FED5C173B0BF942F5C5702C24940086C9DAD756BB0BFC613328402C2494088AB8F58196BB0BFB157F8F300C2494064671B387273B0BFD2C6DDC600C2494004A1FED5C173B0BF942F5C5702C24940	Kobi Nazrul Primary School	E1 1JP	0	\N	Greenfield Road	\N	\N	\N	\N	\N	\N	0	\N	0	0	0	0	0	0	0	\N
308	0106000020E61000000100000001030000000100000005000000086C9DAD756BB0BFC613328402C2494004A1FED5C173B0BF942F5C5702C24940397E5E0E0774B0BFC3768EB303C24940945AE39CB76BB0BF3560FFA103C24940086C9DAD756BB0BFC613328402C24940	Kobi Nazrul Primary School	E1 1JP	0	\N	Greenfield Road	\N	\N	\N	\N	\N	\N	0	\N	0	0	0	0	0	0	0	\N
309	0106000020E6100000010000000103000000010000000500000064671B387273B0BFD2C6DDC600C2494088AB8F58196BB0BFB157F8F300C249405B356B5BC76AB0BF9A4E9490FFC14940ADDC77852B73B0BFFAB93C63FFC1494064671B387273B0BFD2C6DDC600C24940	Kobi Nazrul Primary School	E1 1JP	0	\N	Greenfield Road	\N	\N	\N	\N	\N	\N	0	\N	0	0	0	0	0	0	0	\N
310	0106000020E61000000100000001030000000100000005000000ADDC77852B73B0BFFAB93C63FFC149405B356B5BC76AB0BF9A4E9490FFC149403DB74450776AB0BF39E19E35FEC1494024CA3D80E672B0BF1BBC0B08FEC14940ADDC77852B73B0BFFAB93C63FFC14940	9 Parfett Street	E1	0	\N	Parfett Street	9	\N	\N	\N	\N	\N	0	\N	0	0	0	0	0	0	0	\N
311	0106000020E6100000010000000103000000010000000500000024CA3D80E672B0BF1BBC0B08FEC149403DB74450776AB0BF39E19E35FEC149409C3DCDFE196AB0BF9F071FA1FCC149403689B2089672B0BF87744673FCC1494024CA3D80E672B0BF1BBC0B08FEC14940	9 Parfett Street	E1	0	\N	Parfett Street	9	\N	\N	\N	\N	\N	0	\N	0	0	0	0	0	0	0	\N
312	0106000020E610000001000000010300000001000000050000003689B2089672B0BF87744673FCC149409C3DCDFE196AB0BF9F071FA1FCC149409DDA8897CC69B0BF504D9B51FBC14940BEAA454A5372B0BFF61C8923FBC149403689B2089672B0BF87744673FCC14940	7 Parfett Street	E1	0	\N	Parfett Street	7	\N	\N	\N	\N	\N	0	\N	0	0	0	0	0	0	0	\N
313	0106000020E61000000100000001030000000100000005000000BEAA454A5372B0BFF61C8923FBC149409DDA8897CC69B0BF504D9B51FBC149406220DEFA7969B0BFB5C983EBF9C149403DAC130E0C72B0BFE51D34BDF9C14940BEAA454A5372B0BFF61C8923FBC14940	7 Parfett Street	E1	0	\N	Parfett Street	7	\N	\N	\N	\N	\N	0	\N	0	0	0	0	0	0	0	\N
314	0106000020E610000001000000010300000001000000050000003DAC130E0C72B0BFE51D34BDF9C149406220DEFA7969B0BFB5C983EBF9C149403F24D0752769B0BFC99FD285F8C14940C2F63DE6C471B0BF088A4557F8C149403DAC130E0C72B0BFE51D34BDF9C14940	7 Parfett Street	E1	0	\N	Parfett Street	7	\N	\N	\N	\N	\N	0	\N	0	0	0	0	0	0	0	\N
315	0106000020E61000000100000001030000000100000005000000C2F63DE6C471B0BF088A4557F8C149403F24D0752769B0BFC99FD285F8C14940868B4B28D468B0BFFD86BC1CF7C14940D9718E117D71B0BFA779F1EDF6C14940C2F63DE6C471B0BF088A4557F8C14940	5 Parfett Street	E1	0	\N	Parfett Street	5	\N	\N	\N	\N	\N	0	\N	0	0	0	0	0	0	0	\N
316	0106000020E61000000100000001030000000100000005000000D9718E117D71B0BFA779F1EDF6C14940868B4B28D468B0BFFD86BC1CF7C14940A3EFF68A7268B0BF782E9D75F5C14940E378A04D2871B0BF4DF58C43F5C14940D9718E117D71B0BFA779F1EDF6C14940	Duru House, 101 Commercial Road	E1 1NL	0	\N	Commercial Road	101	\N	\N	\N	\N	\N	0	\N	0	0	0	0	0	0	0	\N
317	0106000020E6100000010000000103000000010000000E0000007DE9A3EC5D70B0BF012D1048F5C1494032F0F68A7268B0BF792E9D75F5C14940AC31E7AE3964B0BFAA9BEB60F5C1494058EBBAFDED63B0BFA2A6CD34F4C14940591A26385B57B0BFB8EDCE83F4C14940B95788D3AE55B0BF0947202AECC149404B64D163D35BB0BF7F376A17ECC14940D0FEBD0BC55BB0BF96720786E9C149409EDCEBBCF35AB0BF740521ADE6C1494055F9968C1C5FB0BFD1B399A6E6C1494071EEB59EEC5EB0BFE2424E54E9C149405C840492645FB0BF85F8F31EECC14940CBA667F40F6EB0BF5903EA24ECC149407DE9A3EC5D70B0BF012D1048F5C14940	Duru House, 101 Commercial Road	E1 1NL	0	\N	Commercial Road	101	\N	\N	\N	\N	\N	0	\N	0	0	0	0	0	0	0	\N
318	0106000020E6100000010000000103000000010000000B000000B4263155486BB0BF191A0CD8E8C14940446344C33E65B0BFFC154ACBE8C1494008FCA6226265B0BF228BDAB3E6C149406210A37D2F6BB0BF155B1DC0E6C149407512A37D2F6BB0BF425B1DC0E6C149406610A37D2F6BB0BF155B1DC0E6C1494065F22BBBC46DB0BF7CE220D2E6C149408CF71247556FB0BF58B4E055E7C149400568F3D3336FB0BF21E74DE0E8C149407C6AE354486BB0BF118D05D8E8C14940B4263155486BB0BF191A0CD8E8C14940	Duru House, 101 Commercial Road	E1 1NL	0	\N	Commercial Road	101	\N	\N	\N	\N	\N	0	\N	0	0	0	0	0	0	0	\N
319	0106000020E61000000100000001030000000100000006000000186643568A75B0BF5C2BC90C05C24940A457F8C4B46FB0BF5936562C05C249402A72C5AA206FB0BF46FB34A903C24940631968DF0674B0BF3D4C8EB303C2494068930A0A2075B0BFFE21E0B503C24940186643568A75B0BF5C2BC90C05C24940	Kobi Nazrul Primary School	E1 1JP	0	\N	Greenfield Road	\N	\N	\N	\N	\N	\N	0	\N	0	0	0	0	0	0	0	\N
320	0106000020E610000001000000010300000001000000050000005EBD01E34A7EB3BFE148C58F14C24940057DCE109C7BB3BF91D1073815C24940869E44A9AE77B3BFA34A0EA513C24940D4F73BFE577AB3BF18CA9B0413C249405EBD01E34A7EB3BFE148C58F14C24940	Franceskka Fabrics	E1 7TD	0	\N	\N	\N	\N	\N	\N	\N	\N	0	\N	0	0	0	0	0	0	0	\N
321	0106000020E610000001000000010300000001000000050000000CF73BFE577AB3BF17CA9B0413C24940ED03874A927DB3BFEAEA742F12C2494000B3BAB71881B3BFDAF58CE113C249405DBC01E34A7EB3BFE048C58F14C249400CF73BFE577AB3BF17CA9B0413C24940	Franceskka Fabrics	E1 7TD	0	\N	\N	\N	\N	\N	\N	\N	\N	0	\N	0	0	0	0	0	0	0	\N
322	0106000020E61000000100000001030000000100000006000000039E7D871881B3BF180486E113C24940C4B5183D777FB3BF068B581513C249403CEB34414084B3BF03FC9AD311C2494028370D610B86B3BF877B916A12C2494025E133B48F85B3BF81CF20BC12C24940039E7D871881B3BF180486E113C24940	Elegant Textile	E1 7JF	0	\N	Middlesex Street	\N	\N	\N	\N	\N	\N	0	\N	0	0	0	0	0	0	0	\N
323	0106000020E6100000010000000103000000010000000500000056E3F7104084B3BF3C0A94D311C249403AA1DB0C777FB3BF4499511513C24940CE03874A927DB3BFEAEA742F12C24940307EC21FE781B3BF4C0DFC0D11C2494056E3F7104084B3BF3C0A94D311C24940	City Of Textile, 70 Middlesex Street	E1 7JF	0	\N	Middlesex Street	70	\N	\N	\N	\N	\N	0	\N	0	0	0	0	0	0	0	\N
324	0106000020E61000000100000001030000000100000005000000117685EFE681B3BF861BF50D11C24940AE197367A77AB3BF37977DF212C249403D5A673AC477B3BF267ECBD311C2494087E6126E217FB3BF6491C5FA0FC24940117685EFE681B3BF861BF50D11C24940	Antique	E1 7JF	0	\N	Middlesex Street	\N	\N	\N	\N	\N	\N	0	\N	0	0	0	0	0	0	0	\N
325	0106000020E61000000100000001030000000100000007000000AE4C8442CC71B3BF82952DC00EC249405C6D6E4FCC71B3BFEAE319C00EC24940DE3E9910BB77B3BF9C40075A0DC24940CB38CAC7FA79B3BFBB407B260EC24940CEF1EDD7DD73B3BFCF483AB70FC249400B86AB7FCC71B3BFB9D520C00EC24940AE4C8442CC71B3BF82952DC00EC24940	Flying Burrito, 62 Middlesex Street	E1 7JF	0	\N	Middlesex Street	62	\N	\N	\N	\N	\N	0	\N	0	0	0	0	0	0	0	\N
326	0106000020E61000000100000001030000000100000005000000CEF1EDD7DD73B3BFCF483AB70FC24940CB38CAC7FA79B3BFBB407B260EC249407841E16FC67CB3BFEEB3A1240FC24940DF0457F13A76B3BFED80B0D110C24940CEF1EDD7DD73B3BFCF483AB70FC24940	Electric Blue Gallery	E1 7JF	0	\N	Middlesex Street	\N	\N	\N	\N	\N	\N	0	\N	0	0	0	0	0	0	0	\N
327	0106000020E61000000100000001030000000100000005000000DF0457F13A76B3BFED80B0D110C249407841E16FC67CB3BFEEB3A1240FC24940DFE6126E217FB3BF6491C5FA0FC24940DEC3C8F32B78B3BF5ED9B1B911C24940DF0457F13A76B3BFED80B0D110C24940	Antique	E1 7JF	0	\N	Middlesex Street	\N	\N	\N	\N	\N	\N	0	\N	0	0	0	0	0	0	0	\N
328	0106000020E61000000100000001030000000100000007000000DE3E9910BB77B3BF9C40075A0DC249405C6D6E4FCC71B3BFEAE319C00EC24940AE4C8442CC71B3BF82952DC00EC249401BDB2912EA6EB3BFE12A135A0FC2494064427A3BC46AB3BF0C54676A0DC24940F0B602F23C72B3BF9EC9AC660BC24940DE3E9910BB77B3BF9C40075A0DC24940	Cityprint, 58-60 Middlesex Street	E1 7JF	0	\N	Middlesex Street	0	\N	\N	\N	\N	\N	0	\N	0	0	0	0	0	0	0	\N
329	0106000020E6100000010000000103000000010000000500000097B55682CA68B3BF4E3144EE0AC249405CF4A213246DB3BF494272BE09C24940BF20D9F0816FB3BFB297DE800AC24940E93911AA7D6AB3BF32C9EDAC0BC2494097B55682CA68B3BF4E3144EE0AC24940	Fine Touch, 54 Middlesex Street	E1 7JF	0	\N	Middlesex Street	54	\N	\N	\N	\N	\N	0	\N	0	0	0	0	0	0	0	\N
330	0106000020E61000000100000001030000000100000005000000E93911AA7D6AB3BF32C9EDAC0BC24940BF20D9F0816FB3BFB297DE800AC249405AACC5C13C72B3BFC6D7A5660BC249405FF3B3D50D6DB3BFDCC36DCC0CC24940E93911AA7D6AB3BF32C9EDAC0BC24940	Tan Fashions	E1 7JF	0	\N	Middlesex Street	\N	\N	\N	\N	\N	\N	0	\N	0	0	0	0	0	0	0	\N
331	0106000020E610000001000000010300000001000000060000002A47792CB765B3BF28B291DC09C24940AD56B8006A68B3BFBA00A2030BC2494075F87E096A68B3BF02B5B1030BC249402A72872EE864B3BF00D31ECB0BC249405A633A1CEB61B3BFAF64E77B0AC249402A47792CB765B3BF28B291DC09C24940	Anil Gift House Ltd, 1 New Goulston Street	E1 7LE	0	\N	New Goulston Street	1	\N	\N	\N	\N	\N	0	\N	0	0	0	0	0	0	0	\N
332	0106000020E61000000100000001030000000100000006000000FCE765E3236DB3BF6D506BBE09C249407EDCE162C968B3BFA860D4ED0AC249406D3D7BD06968B3BFE20E9B030BC24940562E3CFCB665B3BF4EC08ADC09C24940D164F2DEBE6AB3BF9B22DAF408C24940FCE765E3236DB3BF6D506BBE09C24940	Monex International, 52 Middlesex Street	E1 7JF	0	\N	Middlesex Street	52	\N	\N	\N	\N	\N	0	\N	0	0	0	0	0	0	0	\N
333	0106000020E610000001000000010300000001000000070000002F2C1269CF63B3BFD1E227500BC24940A05FEE26FC62B3BF7AB0AE8E0BC249409173132AD465B3BF549D256C0DC249404D89CA56E561B3BF045710130EC24940F2CECA7F365DB3BFA02FCF640BC249403B6A4E331962B3BFB95E27900AC249402F2C1269CF63B3BFD1E227500BC24940	Anil Gift House Ltd, 1 New Goulston Street	E1 7LE	0	\N	New Goulston Street	1	\N	\N	\N	\N	\N	0	\N	0	0	0	0	0	0	0	\N
334	0106000020E6100000010000000103000000010000000500000059A28D4F365DB3BFC63DC8640BC249404E89CA56E561B3BF075710130EC24940DDB680462858B3BF4B0315B80FC24940B8222F24B853B3BF8890EECB0CC2494059A28D4F365DB3BFC63DC8640BC24940	Computer Plus	E1 7LL	0	\N	New Goulston Street	\N	\N	\N	\N	\N	\N	0	\N	0	0	0	0	0	0	0	\N
335	0106000020E610000001000000010300000001000000050000005A8D6AA3B457B3BFC315086C0FC2494024D9FFB6264BB3BF1C18A65611C24940E0A080BA3C47B3BF6FB803C00EC24940A3E1F1F3B753B3BFB19EE7CB0CC249405A8D6AA3B457B3BFC315086C0FC24940	Ladbrokes	E1 7LE	0	\N	New Goulston Street	\N	\N	\N	\N	\N	\N	0	\N	0	0	0	0	0	0	0	\N
336	0106000020E610000001000000010300000001000000090000000B44438A3C47B3BF9EC6FCBF0EC2494099DAFFB6264BB3BF1D18A65611C24940CAB843F44D4DB3BF9554C4A312C24940F3B1C4A4724FB3BFEFAA674B12C24940EF8453CDC850B3BF322D2C1A13C24940818C6CD01F48B3BF116C247F14C249401E93756C8E41B3BFCA6BDC8610C249400771AA2BDE41B3BF6DFBB09F0FC249400B44438A3C47B3BF9EC6FCBF0EC24940	London Watches UK Ltd	E1 7LE	0	\N	New Goulston Street	\N	\N	\N	\N	\N	\N	0	\N	0	0	0	0	0	0	0	\N
337	0106000020E61000000100000001030000000100000008000000E04A2D82C269B3BF3B91257E18C24940F3AD404DC269B3BF3CA61F7E18C249407FE39436C564B3BF0EA0135E16C24940D718054DC564B3BFFA930F5E16C24940587C04029B74B3BF5F4AF0AE12C249404E9F44A9AE77B3BFA24A0EA513C249406E547042957AB3BF5D7DBECE14C24940E04A2D82C269B3BF3B91257E18C24940	Beauty Stone	E1 7TD	0	\N	\N	10	\N	\N	\N	\N	\N	0	\N	0	0	0	0	0	0	0	\N
338	0106000020E6100000010000000103000000010000000A000000EA83B14B534FB3BFE2BD07A21BC2494042620F45534FB3BFBF2519A21BC249401E2A66BE8651B3BFC29E4ACC1CC24940F8D974FA8651B3BF7D754FCC1CC24940ADB6591A8E48B3BF1ADF404A1EC24940D47B257C5846B3BFC4363CFF1CC249402D3BDC561F47B3BFB8112BDE1CC24940FD733970813DB3BFE042603D17C249407F0C33668945B3BF08BA7EE715C24940EA83B14B534FB3BFE2BD07A21BC24940	Prince Electronics Ltd	E1 7TD	0	\N	Goulston Street	\N	\N	\N	\N	\N	\N	0	\N	0	0	0	0	0	0	0	\N
339	0106000020E610000001000000010300000001000000070000007FE39436C564B3BF0EA0135E16C24940F3AD404DC269B3BF3CA61F7E18C24940E04A2D82C269B3BF3B91257E18C24940AAFA7D7DC269B3BFF197267E18C249404695B0662956B3BF00B414071CC24940E7FF4AA4F551B3BF5796A8C219C249407FE39436C564B3BF0EA0135E16C24940	20 Wentworth Street	E1 7TD	0	\N	\N	20	\N	\N	\N	\N	\N	0	\N	0	0	0	0	0	0	0	\N
340	0106000020E6100000010000000103000000010000000A000000F8D974FA8651B3BF7D754FCC1CC249401E2A66BE8651B3BFC29E4ACC1CC2494042620F45534FB3BFBF2519A21BC24940EA83B14B534FB3BFE2BD07A21BC2494092E54C75534FB3BF6E1720A21BC249402EC44A52A851B3BF20BADF3E1BC249406F99F6FAC64FB3BFA1972D251AC249404944977FFD51B3BF78D1F8C619C249403F1B73362956B3BF53C20D071CC24940F8D974FA8651B3BF7D754FCC1CC24940	Merchant House	E1 7TD	0	\N	\N	\N	\N	\N	\N	\N	\N	0	\N	0	0	0	0	0	0	0	\N
341	0106000020E610000001000000010300000001000000050000000C73E570F156B3BFB8554D1C02C249407852CD74074CB3BFBA7E5D6905C24940BC54DAC0DC47B3BF1079E72A04C24940D9D0B09DA852B3BFFE5C25CE00C249400C73E570F156B3BFB8554D1C02C24940	Lofthouse	E1 7LL	0	\N	Middlesex Street	\N	\N	\N	\N	\N	\N	0	\N	0	0	0	0	0	0	0	\N
342	0106000020E610000001000000010300000001000000060000008A3D54CFCB51B3BF9BFADF7B00C2494067D0B09DA852B3BF005D25CE00C249402E55DAC0DC47B3BF1079E72A04C24940A36E7C3FA543B3BFC3BF62CF02C249404D1234DF7D4EB3BF8CD18570FFC149408A3D54CFCB51B3BF9BFADF7B00C24940	Lofthouse	E1 7LL	0	\N	Middlesex Street	\N	\N	\N	\N	\N	\N	0	\N	0	0	0	0	0	0	0	\N
343	0106000020E61000000100000001030000000100000005000000331334DF7D4EB3BF8CD18570FFC14940D96E7C3FA543B3BFC6BF62CF02C2494039658D043940B3BFF12B7BB901C24940F5402B682C4BB3BF6CB6EE64FEC14940331334DF7D4EB3BF8CD18570FFC14940	Lofthouse	E1 7LL	0	\N	Middlesex Street	\N	\N	\N	\N	\N	\N	0	\N	0	0	0	0	0	0	0	\N
344	0106000020E61000000100000001030000000100000005000000EDCA60249A46B3BFD4E233F2FCC14940AA4F2B682C4BB3BF6BB6EE64FEC1494039658D043940B3BFF12B7BB901C249409E19F8E0B63BB3BFAB427E4C00C24940EDCA60249A46B3BFD4E233F2FCC14940	Lofthouse	E1 7LL	0	\N	Middlesex Street	\N	\N	\N	\N	\N	\N	0	\N	0	0	0	0	0	0	0	\N
345	0106000020E61000000100000001030000000100000009000000A23A5DEC5E53B3BFCEF2A61B09C249407E4C3E33B534B3BFB57362920DC2494000958DDFA52DB3BFA7C4D8F90CC249403F09C3CE1623B3BFE4F5153D07C24940B56DE7FF5529B3BF0DFEA91E06C2494074C3DDED0132B3BF66BB228B04C24940B0E180D77537B3BFF294D60407C24940AD357381F045B3BF18CF2CA404C24940A23A5DEC5E53B3BFCEF2A61B09C24940	London Watches UK Ltd	E1 7LE	0	\N	New Goulston Street	\N	\N	\N	\N	\N	\N	0	\N	0	0	0	0	0	0	0	\N
346	0106000020E61000000100000001030000000100000007000000074E78F0593DB3BFB8D696D7FAC14940F4661DAF2D2DB3BFC348FAA0FFC14940FC19F5D2211BB3BFAAEE2E7102C24940E6C0AF8D1709B3BF9D226F17F9C1494090920A770DF1B2BF7FDD1B64EDC14940A674F609970BB3BFC0B8B015E8C14940074E78F0593DB3BFB8D696D7FAC14940	St Botolph Street	E1 8AH	0	\N	St. Botolph Street	\N	\N	\N	\N	\N	\N	0	\N	0	0	0	0	0	0	0	\N
347	0106000020E61000000100000001030000000100000009000000E3FB91EAADD6B2BFC7323F14E8C14940D7372AEF5FCDB2BF7737B453EAC149404EC86B713CD6B2BF2E9C92E5EDC1494004FDA4169CCEB2BFC0433CBDEFC14940454AD9662DC7B2BF32802314ECC1494023B35DB66EC2B2BFBA8E516FE9C1494052C1E05489BEB2BF4767CD54E6C14940498DCC80A0D0B2BFC3BE0D75E3C14940E3FB91EAADD6B2BFC7323F14E8C14940	London Metropolitan University	E1 8AH	0	\N	Goulston Street	\N	\N	\N	\N	\N	\N	0	\N	0	0	0	0	0	0	0	\N
348	0106000020E61000000100000001030000000100000006000000E7D396DF31D1B2BFA7B25F67E9C149408636D921ADD6B2BFA8D1C313E8C14940C238669401D7B2BFF324F401E8C14940130BBA9FDBDFB2BF06539917ECC1494002645A00CBD9B2BFEDDC105FEDC14940E7D396DF31D1B2BFA7B25F67E9C14940	London Metropolitan University	E1 8AH	0	\N	Goulston Street	\N	\N	\N	\N	\N	\N	0	\N	0	0	0	0	0	0	0	\N
349	0106000020E61000000100000001030000000100000012000000321F8B7E35F5B2BFCF2B10B6FDC14940289E8F1636F5B2BF844406AFFDC1494004CE65167BFBB2BFFA040F9EFCC1494009F8581D7BFBB2BF0F79FE9DFCC14940A45AA3467BFBB2BFFCF6159EFCC14940A7275861D0FFB2BF9B965DE0FBC14940C8401187D904B3BFF67ACFBDFEC1494044D930E0C106B3BF435B466AFEC14940E2917D4A5C23B3BF54F7B60310C24940B19482B01E17B3BF0B9F96F011C24940535A4FA60605B3BF2D05735D07C2494028A0F532A602B3BF94C9A3A307C2494039CA368FA4FEB2BF34697F5306C2494090A1EB51A6FBB2BFB736F3B803C249409358BD62BCF6B2BF013643ED00C249406CEA815DF2F9B2BFF369A86000C249404BCB1D923FF5B2BF72EB56B4FDC14940321F8B7E35F5B2BFCF2B10B6FDC14940	Herbert House	E1 7TD	0	\N	Old Castle Street	\N	\N	\N	\N	\N	\N	0	\N	0	0	0	0	0	0	0	\N
350	0106000020E6100000010000000103000000010000000B000000CA53ABC96CEEB2BF29C0BAF5F2C1494079144CBC11E3B2BF90E4CA66F5C14940B478DAC990E0B2BFDB053D36F4C14940A6FC0F6DB7DFB2BFA943295CF4C149404D4214BAC3E0B2BFB0B7BCF4F4C14940DBE7FD184FDAB2BF3698B426F6C14940ABECA4169CCEB2BFC0433CBDEFC14940F5C66B713CD6B2BF2D9C92E5EDC149408CDE1CD0CAD9B2BFBEEA095FEDC149409A947C6FDBDFB2BFD4609217ECC14940CA53ABC96CEEB2BF29C0BAF5F2C14940	London Metropolitan University	E1 8AH	0	\N	Goulston Street	\N	\N	\N	\N	\N	\N	0	\N	0	0	0	0	0	0	0	\N
351	0106000020E6100000010000000103000000010000001C00000009F8581D7BFBB2BF0F79FE9DFCC1494004CE65167BFBB2BFFA040F9EFCC14940289E8F1636F5B2BF844406AFFDC14940321F8B7E35F5B2BFCF2B10B6FDC14940F6A1A7F83DF0B2BF1397908FFEC14940AAD45D5D8EF8B2BF3B817E4A03C2494048C5DB4176E6B2BF99C4D66206C24940AC04F725A2E5B2BF9F3D29EA05C24940DA0391045FE1B2BFBF93CDA406C249406592AE5217D8B2BFFCA4F93B02C249402552829FC8D8B2BFC540A91702C249400EE7991ABBB4B2BF14C81DF6F0C14940EDDC8FE9EEB5B2BF7E7F12B7F0C1494059743AD6BAB3B2BF991B0AABEFC1494024246B40D7BBB2BF336CC101EEC149406629131905C4B2BFC7F8AFE4F1C14940C19FFB0EF9C5B2BF4B6D497EF1C149401B0AE50374C7B2BF2ECD5A32F2C1494014CA9ECF7FCCB2BF11A1C529F1C14940F0AC73F287D9B2BF8ED9FB5AF7C14940E1B563D511E3B2BFD5D0D666F5C1494079144CBC11E3B2BF90E4CA66F5C14940CA53ABC96CEEB2BF29C0BAF5F2C149402426A2CFE9F7B2BFB8E9DC6EF7C1494062843AE2FAF0B2BF455846DDF8C149400AE3FB3F4FF5B2BFA35ADF53FBC14940BB87CECD4FF8B2BF12FA67D0FAC1494009F8581D7BFBB2BF0F79FE9DFCC14940	London Metropolitan University	E1 8AH	0	\N	Goulston Street	\N	\N	\N	\N	\N	\N	0	\N	0	0	0	0	0	0	0	\N
352	0106000020E6100000010000000103000000010000000D000000B170E9759210B3BF5BD9127211C2494069C4AABDE2F7B2BF1E68E22615C24940913CDCC0AAEAB2BF2CC89EB70CC2494081686693F702B3BF4C92D9F608C2494044B36AFEC807B3BF8B7FFCC60BC249409F0490437503B3BFD396A07F0CC24940246677442202B3BF66E5B3B90BC2494002DE7F71E0F4B2BFCD6965EF0DC24940F585B7E31AFBB2BF59FFB2D411C24940D7ABC4533A09B3BFFFAF08BC0FC249400E4EEA92B708B3BF220E01800FC2494047CF493F3C0CB3BFB04AE0E90EC24940B170E9759210B3BF5BD9127211C24940	Herbert House	E1 7TD	0	\N	Old Castle Street	\N	\N	\N	\N	\N	\N	0	\N	0	0	0	0	0	0	0	\N
353	0106000020E61000000100000001030000000100000008000000CA99F95FE7B7B2BF448ED1B9FFC1494005376CA93592B2BF008908BB05C2494021E34DAA8A75B2BF88A91752F6C14940AC535295A677B2BFDC96C4D7F3C14940CB3BCD91BA94B2BFE90D0294EEC149402E3E7FEE3A9AB2BF28EB0B89F1C1494040336BD0769EB2BF80C0CDC4F0C14940CA99F95FE7B7B2BF448ED1B9FFC14940	One Commercial Street	E1 7PT	0	\N	Whitechapel High Street	\N	\N	\N	\N	\N	\N	0	\N	0	0	0	0	0	0	0	\N
354	0106000020E61000000100000001030000000100000005000000ED3EC2C9FFA9B2BFC7B8F100F2C149405CF7CF07B2A5B2BFBE50EBCCF2C149408CE17CAA599AB2BFD62F24D6ECC149405262296A589EB2BF9344CB18ECC14940ED3EC2C9FFA9B2BFC7B8F100F2C14940	Aldgate Stationers	E1 6BF	0	\N	Tyne Street	\N	\N	\N	\N	\N	\N	0	\N	0	0	0	0	0	0	0	\N
355	0106000020E61000000100000001030000000100000007000000CEAB2ACCDFC3B2BF13F81630FFC14940DF308BA726BEB2BFCCB5241200C24940CDE6CF07B2A5B2BFC150EBCCF2C14940612CEA556EABB2BFD3FC4CC5F1C14940594172EA91C4B2BF07DF10A3FDC14940DE59BC7A17C2B2BF6CA398FFFDC14940CEAB2ACCDFC3B2BF13F81630FFC14940	Ibis London City, 5 Commercial Street	E1 6BF	0	\N	Commercial Street	5	\N	\N	\N	\N	\N	0	\N	0	0	0	0	0	0	0	\N
356	0106000020E6100000010000000103000000010000001D000000F1901B292F01B3BF1F3A39F023C24940C2F0DFE729FEB2BF58532F6724C2494090A935B506FCB2BF60CA6F8F25C2494004797B2F5DE5B2BF84AF6A5A26C24940EEBDD95C28E5B2BF72F85AF026C24940596E334CB5DBB2BFCF63CC5927C2494005505E1778DBB2BF9ECF25D126C24940168142B5BEC9B2BFE0A9EB9627C24940D5FDB55D3EBAB2BFA610078F1EC2494009D454301ABEB2BF1AFC04EA1DC24940C1E403A547B2B2BFF1D1C80617C24940C7FC21CE21AFB2BFECBF648D17C249404A6D0A33B996B2BF465FF45409C2494021F29E19EF9BB2BFEF2A237608C24940C876A04F179EB2BF08B5CF0809C24940844F94A1AEA6B2BFF3A9F3A207C24940EEC1AFC7EEBDB2BF7BA0E88A15C249400D3E39CD6DC7B2BFEC5758FF13C24940DA91E4990FD2B2BF5036365B1AC24940BD75B1FD6DC8B2BF0E6067EC1BC24940423FBA99ACD2B2BFF81AF00C22C249405ACD0758CFE2B2BFD3B3594A21C2494052251B48F7E1B2BF55B4008C1FC249409D28830423E5B2BFB77EC3651FC249402DBAF96FF7E5B2BF30B2951C21C249400CBD362CA9F6B2BF396E415320C24940A136F71E52F8B2BF88C6DA1F21C24940BA476B0CB6FBB2BF63D36C7020C24940F1901B292F01B3BF1F3A39F023C24940	Denning Point	E1 6LP	0	\N	Commercial Street	\N	\N	\N	\N	\N	\N	0	\N	0	0	0	0	0	0	0	\N
357	0106000020E61000000100000001030000000100000005000000AFB1EC4CE1D7B2BF5F4760570AC24940750201A75BCAB2BF93BEE6870CC24940A872E655D5BCB2BFFF51F96604C2494091435B45B9CAB2BF2D8F2E2702C24940AFB1EC4CE1D7B2BF5F4760570AC24940	Bradbury Court	E1 6BF	0	\N	Pomell Way	\N	\N	\N	\N	\N	\N	0	\N	0	0	0	0	0	0	0	\N
358	0106000020E6100000010000000103000000010000000A000000E66C7CC1B600B3BF4F6EB25A1EC2494024F6C7C3CD1FB3BF99EEA6721AC2494022563FCBF715B3BFE12B2E4F14C24940D7E59F090026B3BFF49B31CF11C24940BEFE49B1DF38B3BFE8C29B961DC249400DC910A8BF39B3BF7D52AF731DC24940ECD783C0313EB3BFCB14F53920C24940A96E00A02733B3BF2E5C403721C24940F18328CCA00BB3BFE6F823C224C24940E66C7CC1B600B3BF4F6EB25A1EC24940	Jacobson House	E1 7TD	0	\N	Old Castle Street	\N	\N	\N	\N	\N	\N	0	\N	0	0	0	0	0	0	0	\N
359	0106000020E61000000100000001030000000100000007000000651FB7B40001B3BF07A24FCA1CC2494023AEB359ECFBB2BF46AA3DC319C24940D7997554DA14B3BF0ECED7B415C2494034BDA859B618B3BF9FF8FFAD18C24940886622AD6106B3BF122E1A721BC249406B8ABA2D3007B3BF7BDA48021CC24940651FB7B40001B3BF07A24FCA1CC24940	Jacobson House	E1 7TD	0	\N	Old Castle Street	\N	\N	\N	\N	\N	\N	0	\N	0	0	0	0	0	0	0	\N
360	0106000020E61000000100000001030000000100000006000000B0A18683E5A0B2BFBEA2B0FC27C2494012839B4CFAAEB2BF9B8D90C925C249407654C79D76B3B2BFD498713E28C2494088692B7422B2B2BF332B351D29C24940DC37387B33A3B2BF578A936E29C24940B0A18683E5A0B2BFBEA2B0FC27C24940	The Culpepper, 40 Commercial Street	E1 6LP	0	\N	Commercial Street	40	\N	\N	\N	\N	\N	0	\N	0	0	0	0	0	0	0	\N
361	0106000020E61000000100000001030000000100000007000000B28473771F6AB2BFBDD50A8D14C24940EEB30072974DB2BFC3D348AA18C24940576842896346B2BF7EE0B40F14C24940D4A536B5BC68B2BF51BA66AA0EC2494022FD2104366FB2BF2E00518212C24940E8571169CC68B2BF456F1A8313C24940B28473771F6AB2BFBDD50A8D14C24940	Canon Barnett School	E1 7RQ	0	\N	Whitechapel Car Park	\N	\N	\N	\N	\N	\N	0	\N	0	0	0	0	0	0	0	\N
362	0106000020E6100000010000000103000000010000000B00000027B73016BB69B2BF30904E7A15C24940A1EB392D0875B2BF97ADA4231CC249403B5370C2906FB2BF36E2C8EF1CC24940C3920D857C70B2BF20891B8D1DC24940FEBBCA74A06DB2BF9683DEF71DC249404C6A24E9A26BB2BF4B45D9A31CC24940062D81A9975DB2BFC91C2AB01EC2494052F60555FF56B2BF3C0C87491AC24940216448019166B2BF9E1F460418C249404BA85DF70264B2BFCB54D44F16C2494027B73016BB69B2BF30904E7A15C24940	Toynbee Hall	E1 7QX	0	\N	Gunthorpe Street	\N	\N	\N	\N	\N	\N	0	\N	0	0	0	0	0	0	0	\N
363	0106000020E6100000010000000103000000010000000B00000051C3581D284DB2BF139CBFD02DC249408A4DD3760A3DB2BF91A4514520C2494043EF42568739B2BFF00406311FC249407DB9C1612141B2BFDACA274C1EC2494062AEDD9D7642B2BF8828DF601DC249408FFCF1F79745B2BFA9BBDD6F1DC249409FE5F0C6655BB2BF5736D4272CC249405AF022EC3E5AB2BFC86EBD0A2DC249408C60DC128058B2BFE4AAB8452DC2494079B7BAC7D755B2BF81EB10272DC2494051C3581D284DB2BF139CBFD02DC24940	Toynbee Hall	E1 7QX	0	\N	Gunthorpe Street	\N	\N	\N	\N	\N	\N	0	\N	0	0	0	0	0	0	0	\N
364	0106000020E6100000010000000103000000010000001300000061795BBE1A43B2BF8F5BE4C92FC24940B3DA0C022A2AB2BFA864A08A31C249402CB9BF528028B2BFE0E928CB30C249408AF66EA60110B2BFAF0302D832C249401235BD0A9A07B2BF4D96FB512EC24940945665BCF213B2BFC1771D0D2DC24940096E02E9FD14B2BF8786120A2EC24940D9B8207DAC26B2BFD805CF382CC24940FBF6A63CFF27B2BFBFEE86792DC2494085595478E72DB2BF344C17DE2CC24940D299DB8E482DB2BFA53EA3472CC24940753CFE01C334B2BF12C2DB822BC249408A358084C532B2BFBB397DA029C249404A290F142B3FB2BFADBC495A28C24940EC116644A442B2BF10F422A42BC2494032D8D5915E40B2BF0A83EDDF2BC2494034BBE2F14143B2BFC0D3EF9B2EC24940324CBB904042B2BFB587D8B32EC2494061795BBE1A43B2BF8F5BE4C92FC24940	Sky UK, 1 Brick Lane	E1 6PU	0	\N	Brick Lane	1	\N	\N	\N	\N	\N	0	\N	0	0	0	0	0	0	0	\N
365	0106000020E6100000010000000103000000010000000500000036150ADD2A01B2BFCC69C7B029C249403C390D87ECFCB1BFB041E6FC26C2494083B889FA9302B2BF28D1E21C26C249408787F9C0DA06B2BFFB4747CD28C2494036150ADD2A01B2BFCC69C7B029C24940	Sonali Bank, 29-33 Osborn Street	E1 6TE	0	\N	Osborn Street	0	\N	\N	\N	\N	\N	0	\N	0	0	0	0	0	0	0	\N
366	0106000020E6100000010000000103000000010000000B000000E9781EE14205B2BF7346E6CC27C249408FBF89FA9302B2BF23D1E21C26C249401BC8C4E5CBFCB1BF7BA3E40127C24940E0C62B6234F9B1BFD85D38A723C249404F2E8BA64CFFB1BFB97A9F0423C24940D38C7026F300B2BF6E64A8E923C24940EAE43EF0EC0AB2BF3C3D30D822C2494088BCA5ECD60FB2BFAA1EFACD25C24940036AB501B90DB2BF48E988F325C24940D53759C6120EB2BFDC6C957126C24940E9781EE14205B2BF7346E6CC27C24940	Stolen Space, 17 Osborn Street	E1 6TE	0	\N	Osborn Street	17	\N	\N	\N	\N	\N	0	\N	0	0	0	0	0	0	0	\N
367	0106000020E610000001000000010300000001000000090000009B02EC3134F9B1BF2C6C31A723C24940ADFB659993F6B1BF83C1B95421C249408B30F3BDBFFDB1BFA2FE8D8A20C2494077263D470E01B2BFAAF111E01FC24940CE9F1CBE7202B2BF36787B0921C24940930835DC1D00B2BFA91B1A4F21C24940AECAFCA0AC01B2BF536ACF9B22C2494077764B764CFFB1BF0A89980423C249409B02EC3134F9B1BF2C6C31A723C24940	Stolen Space, 17 Osborn Street	E1 6TE	0	\N	Osborn Street	17	\N	\N	\N	\N	\N	0	\N	0	0	0	0	0	0	0	\N
368	0106000020E610000001000000010300000001000000080000003F125EF807FFB1BF267AE6D61DC249404C3B0EED9419B2BFFFA9A1221BC24940B51D278F531EB2BFE25789391FC24940CB90BF912018B2BFAD73B8EC1FC24940C51E2DAF1304B2BFC05F423022C24940CF9F1CBE7202B2BF37787B0921C2494075253D470E01B2BFAAF111E01FC249403F125EF807FFB1BF267AE6D61DC24940	Whitechapel Gallery, 77-82 Whitechapel High Street	E1 7QX	0	\N	Whitechapel High Street	0	\N	\N	\N	\N	\N	0	\N	0	0	0	0	0	0	0	\N
369	0106000020E610000001000000010300000001000000080000008EE90A096530B2BF6990A8841FC24940939BDD9F7527B2BF6372B69A20C249401F7E6165D223B2BF2451B9E51DC24940B81FCF87791DB2BF80849D7D1EC24940B2430EED9419B2BF01AAA1221BC2494059C0AABC5F14B2BFCD77EFC916C24940BEA9280B6122B2BF5D5909FA14C249408EE90A096530B2BF6990A8841FC24940	Whitechapel Gallery, 77-82 Whitechapel High Street	E1 7QX	0	\N	Whitechapel High Street	0	\N	\N	\N	\N	\N	0	\N	0	0	0	0	0	0	0	\N
370	0106000020E61000000100000001030000000100000006000000C72E1C258D11B2BF4AB7F7F31BC24940DE0FB0D1FF0BB2BF1E03B1FF17C24940C409D6E77014B2BF400565D816C2494071B926E97014B2BF3F1E66D816C2494064480EED9419B2BF05AAA1221BC24940C72E1C258D11B2BF4AB7F7F31BC24940	Whitechapel Gallery, 77-82 Whitechapel High Street	E1 7QX	0	\N	Whitechapel High Street	0	\N	\N	\N	\N	\N	0	\N	0	0	0	0	0	0	0	\N
371	0106000020E61000000100000001030000000100000005000000722F06195A0EB2BF03D7BEAC19C249408EB0DCF48C11B2BF89C5F0F31BC249400E05D7382A0AB2BF82DC8EB41CC24940491E8E8C8E07B2BFD326276F1AC24940722F06195A0EB2BF03D7BEAC19C24940	Whitechapel Gallery, 77-82 Whitechapel High Street	E1 7QX	0	\N	Whitechapel High Street	0	\N	\N	\N	\N	\N	0	\N	0	0	0	0	0	0	0	\N
372	0106000020E610000001000000010300000001000000090000001A964E5C8E07B2BF0D35206F1AC24940A106D7382A0AB2BF80DC8EB41CC2494093115EF807FFB1BF247AE6D61DC2494035CE8C1ED5FAB1BFE89C126F1AC24940404FFA910FF0B1BF7D96D3A81BC24940243C77043CEEB1BFAA11EC181AC24940CA23A1DEE300B2BF313E86F917C249403A29200DD704B2BF19DA091E18C249401A964E5C8E07B2BF0D35206F1AC24940	Stolen Space, 17 Osborn Street	E1 6TE	0	\N	Osborn Street	17	\N	\N	\N	\N	\N	0	\N	0	0	0	0	0	0	0	\N
373	0106000020E6100000010000000103000000010000000600000005C20DE0825EB2BF4617032F00C249408015D51CBC53B2BF6BA4D570FAC149401BBC5244E55DB2BF623E668DF8C14940B9F66CB51A62B2BF7F8D71E1F8C1494031FEBE027D6BB2BF9903B6BFFDC1494005C20DE0825EB2BF4617032F00C24940	College of Advanced Studies, 102-105 Whitechapel High Street	E1 7PT	0	\N	Whitechapel High Street	0	\N	\N	\N	\N	\N	0	\N	0	0	0	0	0	0	0	\N
374	0106000020E6100000010000000103000000010000000A000000EF37CA7E887AB2BF4C46109005C24940DB2E6565887AB2BF41CA179005C24940A9BA2C2ACC6FB2BFD7A96F9B07C24940E5F9015CBB68B2BF130D3DEC03C24940E8D2CDAA5764B2BFB5F149A201C24940091B110F0A62B2BF4D55541002C2494005C20DE0825EB2BF4617032F00C2494031FEBE027D6BB2BF9903B6BFFDC149405F178DCF747AB2BF53F7928305C24940EF37CA7E887AB2BF4C46109005C24940	Memories Bistro, 2 Commercial Street	E1 7PT	0	\N	Commercial Street	2	\N	\N	\N	\N	\N	0	\N	0	0	0	0	0	0	0	\N
375	0106000020E6100000010000000103000000010000000A000000A9BA2C2ACC6FB2BFD7A96F9B07C24940DB2E6565887AB2BF41CA179005C24940EF37CA7E887AB2BF4C46109005C2494039F4AF71237FB2BFDCFC157C08C249405139D459187BB2BF294C453D09C2494007C937277D77B2BF2EFEDF5B07C2494080A5508E316EB2BFA054FD1709C249409C81926D846CB2BFF7E6383808C249409313D640CC6FB2BFF17A7B9B07C24940A9BA2C2ACC6FB2BFD7A96F9B07C24940	E1 Cycles, 4 Commercial Street	E1 6LP	0	\N	Commercial Street	4	\N	\N	\N	\N	\N	0	\N	0	0	0	0	0	0	0	\N
376	0106000020E610000001000000010300000001000000090000004D62BC669294B2BF1F98C9D015C249400C4A5EC45B8FB2BF4363A7B516C24940311507AB5B8FB2BF254EBAB516C2494054C076DB858BB2BF477E7A5517C24940D0B85EF2278AB2BF74FF318416C249401A9C97021578B2BF45540A7519C24940F68A633CCA70B2BF3C4A801815C249400BE66191668CB2BFC17E6A9A10C249404D62BC669294B2BF1F98C9D015C24940	Toynbee Hall	E1 7RQ	0	\N	Gunthorpe Street	\N	\N	\N	\N	\N	\N	0	\N	0	0	0	0	0	0	0	\N
377	0106000020E6100000010000000103000000010000001000000022C7542D187CB2BFF45F34FC2AC249408BC8721A187CB2BF5B2A2EFC2AC24940E3906C6A287BB2BF66CA8FED27C24940229BC97A287BB2BF889B89ED27C249400897AB9A287BB2BF01BC96ED27C249400B9F95249D91B2BF027ABFFE26C249400A37EDD6F38CB2BFE6B118FE23C24940FEDC0E3FF28AB2BFCC85B04B24C249405FF16E37AA88B2BF4EEFBF2323C249401D49D535AA88B2BF79EBA82323C2494091CFAD67AA88B2BFF4E0C62323C2494057DE0A2BBB8AB2BFA76829CE22C2494030C1B96EC689B2BF8B8A113B22C24940A0B18E04E091B2BFCD3B52EB20C2494089820073E79FB2BF260B2C7429C2494022C7542D187CB2BFF45F34FC2AC24940	Toynbee Hall	E1 7RQ	0	\N	Gunthorpe Street	\N	\N	\N	\N	\N	\N	0	\N	0	0	0	0	0	0	0	\N
378	0106000020E6100000010000000103000000010000000500000012839B4CFAAEB2BF9B8D90C925C24940B0A18683E5A0B2BFBEA2B0FC27C2494005C19609CB9CB2BFD234156A25C24940D994BF686EAAB2BF3D30284C23C2494012839B4CFAAEB2BF9B8D90C925C24940	Capital Square, 38 Commercial Street	E1 6LP	0	\N	Commercial Street	38	\N	\N	\N	\N	\N	0	\N	0	0	0	0	0	0	0	\N
379	0106000020E610000001000000010300000001000000200000001D49D535AA88B2BF79EBA82323C249405FF16E37AA88B2BF4EEFBF2323C24940FEDC0E3FF28AB2BFCC85B04B24C24940E43F9ABE1286B2BF4922290825C249406197E2324E88B2BF25E0417826C2494011CC5D6BE380B2BFDED19ADE26C24940B1A34BC9AF7FB2BF69EF7E3A26C24940C766952EB67BB2BF78B921F426C24940E61C5B4E0279B2BF48780B8325C24940ECB3B1476876B2BFE5BBC0BC25C249400CCFA85F4F6AB2BF1BE7CB781EC249408DBCCA74A06DB2BF9683DEF71DC24940A6920D857C70B2BF1D891B8D1DC24940205370C2906FB2BF33E2C8EF1CC2494085EB392D0875B2BF95ADA4231CC24940B8EA927C0B72B2BFE7373E611AC249403C985ED81178B2BF919D3B7319C24940127E77F63A83B2BF8E889EA417C249403C2C99200F86B2BFF7CCDD5719C24940514BFDEBD490B2BFE84E259717C24940B8EB9CF45B8FB2BF0955AEB516C24940311507AB5B8FB2BF254EBAB516C249400C4A5EC45B8FB2BF4363A7B516C249404D62BC669294B2BF1F98C9D015C2494007BC5DDE589AB2BF3437E57F19C24940EDDE8CB9988AB2BF0178F70F1CC24940F98152EFD987B2BFED04A06B1AC24940CA9EBA3EF787B2BF54D13D7D1AC24940C1F01361AB75B2BF8034A2731DC249405A6B7CE6EA78B2BF097F68671FC24940A34F3F4E6D80B2BF3A3A24301EC249401D49D535AA88B2BF79EBA82323C24940	Toynbee Hall	E1 7RQ	0	\N	Gunthorpe Street	\N	\N	\N	\N	\N	\N	0	\N	0	0	0	0	0	0	0	\N
380	0106000020E6100000010000000103000000010000000B00000022C7542D187CB2BFF45F34FC2AC2494033882D13E578B2BFBD2EC71D2BC249405D13E9B88177B2BF6E59761628C249406E6DE1E15278B2BFF583370D28C249406D17E1AEEE77B2BFA690042E27C249408F340DB33F7AB2BF4296A51627C24940AC11FC7F9D7AB2BF19C677F527C24940229BC97A287BB2BF889B89ED27C24940E3906C6A287BB2BF66CA8FED27C249408BC8721A187CB2BF5B2A2EFC2AC2494022C7542D187CB2BFF45F34FC2AC24940	Toynbee Hall	E1 7RQ	0	\N	Gunthorpe Street	\N	\N	\N	\N	\N	\N	0	\N	0	0	0	0	0	0	0	\N
381	0106000020E6100000010000000103000000010000000800000018892D13E578B2BFC02EC71D2BC24940904592E69071B2BFFA1B586D2BC249406C18B5724E70B2BF6DB3270A29C249406314B9AC1F73B2BFDE706F4D28C2494053DB01C01F73B2BF56CD644D28C249401529F8DC1F73B2BF7862764D28C249409814E9B88177B2BF7059761628C2494018892D13E578B2BFC02EC71D2BC24940	Toynbee Hall	E1 7RQ	0	\N	Gunthorpe Street	\N	\N	\N	\N	\N	\N	0	\N	0	0	0	0	0	0	0	\N
382	0106000020E61000000100000001030000000100000005000000EFBED06DDD59B2BFC73789C41DC249404B4F66573753B2BFE7B81CC21EC2494083E1BF25014EB2BF4CC7EA6B1BC249405B788A5DBE54B2BFA263FC621AC24940EFBED06DDD59B2BFC73789C41DC24940	Toynbee Hall	E1 7QX	0	\N	Gunthorpe Street	\N	\N	\N	\N	\N	\N	0	\N	0	0	0	0	0	0	0	\N
383	0106000020E610000001000000010300000001000000140000004B4F66573753B2BFE7B81CC21EC24940EFBED06DDD59B2BFC73789C41DC2494083F6E08F075DB2BFFD8D60DB1FC249408D11E1467561B2BF26FAA4251FC24940469D8E989C6CB2BF5F6716EB25C24940AB47E3CA1F69B2BF8CE3337A26C24940C6A911A1286AB2BFA77EFB1A27C2494044401D08B16FB2BFEA50EF3726C2494053DB01C01F73B2BF56CD644D28C249406314B9AC1F73B2BFDE706F4D28C249406C18B5724E70B2BF6DB3270A29C24940B04792E69071B2BFFA1B586D2BC249404213A5DC0463B2BF34F6B80E2CC249404B4AF56A8060B2BF79E1D96D2BC24940F5BF7FA32762B2BF78788DE02AC24940C65D85D2EA6AB2BF43FB94C22AC2494082CB0DC19F6AB2BFB49CD29F28C24940BBB7A7B39166B2BF1DCF575228C249403FD65CDF0563B2BFF5D2D5E028C249404B4F66573753B2BFE7B81CC21EC24940	Toynbee Hall	E1 7QX	0	\N	Gunthorpe Street	\N	\N	\N	\N	\N	\N	0	\N	0	0	0	0	0	0	0	\N
384	0106000020E610000001000000010300000001000000080000008015D51CBC53B2BF6BA4D570FAC1494005C20DE0825EB2BF4617032F00C24940091B110F0A62B2BF4D55541002C2494061E78457075AB2BFB2C50F8F03C24940447A9F6B7456B2BFC599F8B101C24940BABA32727150B2BFF00A778FFEC149405AA9A0D37B4BB2BF425969F9FBC149408015D51CBC53B2BF6BA4D570FAC14940	College of Advanced Studies, 102-105 Whitechapel High Street	E1 7PT	0	\N	Whitechapel High Street	0	\N	\N	\N	\N	\N	0	\N	0	0	0	0	0	0	0	\N
385	0106000020E6100000010000000103000000010000000A000000377833076435B2BF134E224B03C2494049BDCAFB6335B2BF49D2134B03C24940864A22F60730B2BFFC72B4A900C24940C42D63997036B2BFA12BF659FFC14940663CB00B933BB2BF341BEABA01C24940AF51D94B8338B2BF9C954D5B02C2494008E5BEAB883AB2BFD002595103C2494082D92A6CF936B2BFCEC4D30B04C24940DD9F092C6435B2BF46C41A4B03C24940377833076435B2BF134E224B03C24940	Delices, 94 Whitechapel High Street	E1 7QX	0	\N	Whitechapel High Street	94	\N	\N	\N	\N	\N	0	\N	0	0	0	0	0	0	0	\N
386	0106000020E61000000100000001030000000100000008000000864A22F60730B2BFFC72B4A900C2494049BDCAFB6335B2BF49D2134B03C24940377833076435B2BF134E224B03C24940DAB8791BE132B2BFECC4B3CE03C24940C9F746E45834B2BF1379698104C24940BCE8C003AB31B2BFC749C50D05C24940F945C768B82AB2BFD71FEDBF01C24940864A22F60730B2BFFC72B4A900C24940	Costcutter, 93 Whitechapel High Street	E1 7QX	0	\N	Whitechapel High Street	93	\N	\N	\N	\N	\N	0	\N	0	0	0	0	0	0	0	\N
387	0106000020E6100000010000000103000000010000000F000000ED4B994B092CB2BFA443FFF80EC249409C05C7C14F22B2BFF37B3C6A10C24940D944DDAAD41CB2BF9D88E7C10CC24940B70019ABBF19B2BFDA28F7340DC249402AEB0A6D6D1EB2BF41FD455410C249403C20DD301119B2BF658B998310C249403A0EC5528A14B2BF86C0D7E10DC249408D599B0CDF0EB2BF60E59A8F0AC24940E4D93167FB16B2BF3A4FDA2809C24940D95C19191C18B2BF26184FBB09C24940901D53C4B21DB2BFB7880A9408C24940357209FBB61EB2BFC202CF1909C249408297F83F3922B2BFA6EC776B08C24940E2D1163C3922B2BFF8AE786B08C24940ED4B994B092CB2BFA443FFF80EC24940	Alberts, 88 Gunthorpe Street	E1 7RQ	0	\N	Gunthorpe Street	88	\N	\N	\N	\N	\N	0	\N	0	0	0	0	0	0	0	\N
388	0106000020E6100000010000000103000000010000000800000088AF97A1B30AB2BFC59946260BC249400F59ECFAE305B2BFA1784B4C08C24940383CB387B60AB2BF1AC2B8A607C24940C6C05E07C50FB2BF45BAA86E0AC24940AA77C409C50FB2BFC30BAA6E0AC249408D116465DE0EB2BFC5464E8F0AC249407995525AA70DB2BF802B53BB0AC2494088AF97A1B30AB2BFC59946260BC24940	Perfume Warehouse, 85 Whitechapel High Street	E1 7QX	0	\N	Whitechapel High Street	85	\N	\N	\N	\N	\N	0	\N	0	0	0	0	0	0	0	\N
390	0106000020E610000001000000010300000001000000050000008DAF0F3B8CE2B1BFF798E54712C24940984A5683FAE6B1BF68BC457C11C249401B4968FACAE9B1BFF292368613C249404320D80321E5B1BF87569A2614C249408DAF0F3B8CE2B1BFF798E54712C24940	KF Enterprise, 3 Osborn Street	E1 6TE	0	\N	Osborn Street	3	\N	\N	\N	\N	\N	0	\N	0	0	0	0	0	0	0	\N
391	0106000020E610000001000000010300000001000000050000001DAD28CACAE9B1BF1AA12F8613C249400E1FD40F28EBB1BF4AD77E4F14C24940297F60EBA5E6B1BF1E665E1215C24940C655769910E5B1BF516EC12814C249401DAD28CACAE9B1BF1AA12F8613C24940	Southern Fried Chicken, 5 Osborn Street	E1 6TE	0	\N	Osborn Street	5	\N	\N	\N	\N	\N	0	\N	0	0	0	0	0	0	0	\N
392	0106000020E61000000100000001030000000100000005000000DED720BBA5E6B1BF4A74571215C24940F28194DF27EBB1BF74E5774F14C24940098944FF9DECB1BFB372B5F614C24940C9CC2FF2E4E7B1BF63F6D1C615C24940DED720BBA5E6B1BF4A74571215C24940	Southern Fried Chicken, 5 Osborn Street	E1 6TE	0	\N	Osborn Street	5	\N	\N	\N	\N	\N	0	\N	0	0	0	0	0	0	0	\N
393	0106000020E6100000010000000103000000010000000C0000007FDA43B698F8B1BF11ED38FE16C24940F397A8D163F7B1BFC146BA2C17C2494022B55EFB37F5B1BFC051698017C249406110ED194BF6B1BFFB443F3218C2494051191636C8ECB1BFB1ACAC3519C2494025EA9EB588E7B1BFBA0EC6DC15C24940EF24F0C1E4E7B1BF9004CBC615C24940D1EB04CF9DECB1BFDE80AEF614C249406A465A5B83EFB1BFDF4D0A7714C24940E795EDA2A6F1B1BFE80976AC15C24940BDE2638AB4F5B1BF1D13CFF914C249407FDA43B698F8B1BF11ED38FE16C24940	Osborne House, 9-13 Osborn Street	E1 6TE	0	\N	Osborn Street	0	\N	\N	\N	\N	\N	0	\N	0	0	0	0	0	0	0	\N
394	0106000020E61000000100000001030000000100000005000000BEC86ECBBC41B2BFE4428F461AC249403FC94B8CBD36B2BFA63B3E4A1CC24940EBBFD8232423B2BF7CD992E011C24940486B85F8C32DB2BF237B5EEE0FC24940BEC86ECBBC41B2BFE4428F461AC24940	Whitechapel High Street Car Park	E1 7QX	0	\N	Whitechapel Car Park	\N	\N	\N	\N	\N	\N	0	\N	0	0	0	0	0	0	0	\N
395	0106000020E6100000010000000103000000010000000C0000003788D1BC2806B1BFA23786B034C24940EE456250B800B1BFC51A8CD431C24940FCB9BEA58EFDB0BF6911B5C62FC24940D2AC48461BFDB0BF44A99F2D2EC24940B8DD50385E05B1BF258640F92CC24940079153B05B07B1BF14B3484D2EC249402D85753CBE0BB1BF88F49BA92DC24940315C4016FB11B1BF664D61D331C2494050C06A20D10DB1BF3CCDBED132C24940282F5016490FB1BF20EA960134C249402B17164E9B06B1BFC5AC1D0D35C249403788D1BC2806B1BFA23786B034C24940	Mosque Tower, 1 Fieldgate Street	E1 1EE	0	\N	Fieldgate Street	1	\N	\N	\N	\N	\N	0	\N	0	0	0	0	0	0	0	\N
398	0106000020E610000001000000010300000003000000180000003F456ABEE982B0BFFEE6ECE738C249402501CD5BD682B0BFA34C37F438C249405A7C1E9C2B79B0BF9A6F8F8E39C24940CBCBCDF8D878B0BF804C9E0D39C24940533B770FE365B0BF602E573C3AC24940028E2ADB2C66B0BFCCEE7CAF3AC2494094BBD3EE805AB0BF5BE0D4693BC249400B4D1508405AB0BF32AB8F043BC2494003CC01656043B0BFBB84BE713CC249403D41C3392340B0BFD89CFEC73BC249404327EFF2403FB0BFDAF5C64039C24940C1717255D14CB0BF6D135B6F38C2494099D83409824CB0BF0D6213B034C24940A7B912704550B0BF2F7907B834C249408E24D5BF4A50B0BF29F46A7934C24940A3910159874CB0BF28DD767134C24940DB30AD6C204BB0BFD652427932C249407185FA4C2F4EB0BF10E0A19131C2494069B171CD7E50B0BFCC75D31332C24940F2F362E8B27AB0BF3F5C80A42FC249405A4ED030F67DB0BF6B9399D42EC249407234B9476480B0BFC4D8D2C72FC24940276C0E28BA7FB0BFEDFA323730C249403F456ABEE982B0BFFEE6ECE738C249400900000081DE879AEB78B0BF06E63B8B35C24940B7A4E8D20B78B0BF1A5DAA6D32C249409B2C38EC3564B0BFD5C1E3A833C249409628DC9F2F64B0BFC6656A6B34C249408C9B6C6D7C69B0BF8345581E34C24940780CEC0F4A69B0BF9DD8ECC135C24940CA28AEBC0565B0BFA553281D36C2494044139BF43065B0BFE5D402E636C2494081DE879AEB78B0BF06E63B8B35C24940050000007009D1C96260B0BF7116C72037C24940D44B9E3AE760B0BF536DC2CD33C249404C259D919F53B0BF0126647B34C24940ADB217CBBB53B0BFF1F5A4EE37C249407009D1C96260B0BF7116C72037C24940	Tower House, 81 Fieldgate Street	E1 1GU	0	\N	Fieldgate Street	81	\N	\N	\N	\N	\N	0	\N	0	0	0	0	0	0	0	\N
399	0106000020E610000001000000010300000001000000060000001F2A4B182E4AB0BFDC0CF79B31C24940C5F78741944CB0BFA8907C8C35C249406D21B7DEB44CB0BF1329061737C2494088BDB33F1E45B0BF4DE61DA337C2494061F24E534B42B0BF1FAB231532C249401F2A4B182E4AB0BFDC0CF79B31C24940	Tower House, 81 Fieldgate Street	E1 1GU	0	\N	Fieldgate Street	81	\N	\N	\N	\N	\N	0	\N	0	0	0	0	0	0	0	\N
400	0106000020E61000000100000001030000000100000005000000033A0C234B42B0BF7EB91C1532C249406EBFB33F1E45B0BF4DE61DA337C24940972DD530CD3CB0BF1E51790C38C24940317B938E143AB0BFEC1B86B232C24940033A0C234B42B0BF7EB91C1532C24940	Tower House, 81 Fieldgate Street	E1 1GU	0	\N	Fieldgate Street	81	\N	\N	\N	\N	\N	0	\N	0	0	0	0	0	0	0	\N
401	0106000020E61000000100000001030000000100000005000000BAB3505E143AB0BF4E2A7FB232C24940AA549200CD3CB0BF8E5F720C38C24940813380A84C38B0BFDC69784538C24940B0CEA26C9235B0BF4C9C5DE832C24940BAB3505E143AB0BF4E2A7FB232C24940	Tower House, 81 Fieldgate Street	E1 1GU	0	\N	Fieldgate Street	81	\N	\N	\N	\N	\N	0	\N	0	0	0	0	0	0	0	\N
402	0106000020E610000001000000010300000001000000070000000DFF5F3C9235B0BFAFAA56E832C24940FFD80F7BB936B0BF9254F32C35C24940B99DB3E38634B0BFCC6A264C35C24940A950C9F02A35B0BF0B72D3FD36C24940CF843BB46D31B0BFA34BDB2937C249400D3100679B2FB0BF57F3554F33C249400DFF5F3C9235B0BFAFAA56E832C24940	Tayyabs, 83-89 Fieldgate Street	E1 1JU	0	\N	Fieldgate Street	0	\N	\N	\N	\N	\N	0	\N	0	0	0	0	0	0	0	\N
403	0106000020E6100000010000000103000000010000000B0000003A56BD369B2FB0BFBA014F4F33C24940D1DCDB776530B0BFB94734FB34C249405CC82BEDA62BB0BF86EA113335C2494011CEF2AB4030B0BF8D2086363CC24940BCBB2D9B152AB0BF5D2B529B3CC24940F3968E485B27B0BF88FABB7238C24940BCC7F84CFE2AB0BF52EE4D3738C2494077513C109B2AB0BF15AA04A037C249408607576FA826B0BF8BA987E037C24940C1EBF90E2024B0BF9165140434C249403A56BD369B2FB0BFBA014F4F33C24940	Tayyabs, 83-89 Fieldgate Street	E1 1JU	0	\N	Fieldgate Street	0	\N	\N	\N	\N	\N	0	\N	0	0	0	0	0	0	0	\N
404	0106000020E61000000100000001030000000100000005000000ECB2EA6A152AB0BFD9394B9B3CC249402F119EDB571BB0BF7A0F509B3DC24940E34829434518B0BF5494103339C24940DDE4895A2F27B0BF1313063038C24940ECB2EA6A152AB0BFD9394B9B3CC24940	Tayyabs, 83-89 Fieldgate Street	E1 1JU	0	\N	Fieldgate Street	0	\N	\N	\N	\N	\N	0	\N	0	0	0	0	0	0	0	\N
405	0106000020E61000000100000001030000000100000005000000475276587925B0BF961CBB1236C24940115CAF24E620B0BF99A5326236C2494009CE45B3761FB0BF0DAD325334C249408A9D78BB1E24B0BF7376510234C24940475276587925B0BF961CBB1236C24940	Tayyabs, 83-89 Fieldgate Street	E1 1JU	0	\N	Fieldgate Street	0	\N	\N	\N	\N	\N	0	\N	0	0	0	0	0	0	0	\N
406	0106000020E610000001000000010300000001000000050000008C5D6CF4E520B0BF02B42B6236C249407517DE008E1CB0BF080918AC36C24940AB776D931F1BB0BF0F5D8C9E34C2494072D50283761FB0BF70BB2B5334C249408C5D6CF4E520B0BF02B42B6236C24940	Tayyabs, 83-89 Fieldgate Street	E1 1JU	0	\N	Fieldgate Street	0	\N	\N	\N	\N	\N	0	\N	0	0	0	0	0	0	0	\N
407	0106000020E61000000100000001030000000100000005000000FE109BD08D1CB0BF721711AC36C24940767C47CE1015B0BFAC17672F37C2494090C39289A113B0BF92B4A52035C2494024772A631F1BB0BF746B859E34C24940FE109BD08D1CB0BF721711AC36C24940	Shiv House, 101 New Road	E1 1HL	0	\N	New Road	101	\N	\N	\N	\N	\N	0	\N	0	0	0	0	0	0	0	\N
408	0106000020E6100000010000000103000000010000000700000009B54F59A113B0BFF8C29E2035C24940947E89897B16B0BF14F4D9F038C2494066F2E84E4A07B0BF0D7DEF0B3AC24940C7917F395205B0BF26F9FC6937C2494006E3685B2310B0BF6CBF6EA036C249404BC6FB09450FB0BF7B74337735C2494009B54F59A113B0BFF8C29E2035C24940	Shiv House, 101 New Road	E1 1HL	0	\N	New Road	101	\N	\N	\N	\N	\N	0	\N	0	0	0	0	0	0	0	\N
409	0106000020E61000000100000001030000000100000005000000DEC8252B2310B0BFD7CD67A036C24940CF800D5B4B06B0BF1A64D05737C24940A3AC1E2B2A05B0BFD9557BF635C24940F7FE13B1F40EB0BF6E97D72E35C24940DEC8252B2310B0BFD7CD67A036C24940	95 New Road	E1 1HL	0	\N	New Road	95	\N	\N	\N	\N	\N	0	\N	0	0	0	0	0	0	0	\N
410	0106000020E61000000100000001030000000100000009000000B7BCA51E4A07B0BF7E8BE80B3AC24940DA0BC28D440EB0BFC55AE18939C249403CF12CF6AB0EB0BF0B244D503AC24940C5C895B3C814B0BF126EF1003AC24940E34ADDF3D117B0BF8ED04AD43FC24940E6C07D8C7011B0BF9484656F41C24940E1792F62A50BB0BF2BD362D541C249401650187ECB07B0BF289EBC7C3BC24940B7BCA51E4A07B0BF7E8BE80B3AC24940	Shiv House, 101 New Road	E1 1HL	0	\N	New Road	101	\N	\N	\N	\N	\N	0	\N	0	0	0	0	0	0	0	\N
411	0106000020E61000000100000001030000000100000008000000052CEC31A50BB0BFB2E15BD541C249408A99CC5F6E11B0BF3885816F41C249401D189AC3D117B0BF11DF43D43FC249403E5DB57EAB1DB0BFD0A5A35B3EC249404AC2A47B8720B0BFFC47BF9E40C24940E9B6162F7F1CB0BF24D4B81D41C2494079697A6E870BB0BFC211023443C24940052CEC31A50BB0BFB2E15BD541C24940	Shiv House, 101 New Road	E1 1JU	0	\N	New Road	101	\N	\N	\N	\N	\N	0	\N	0	0	0	0	0	0	0	\N
412	0106000020E61000000100000001030000000100000009000000CD15373E870BB0BF4D20FB3343C249404C7D7D904216B0BFE1EB0EE241C24940599E8C392218B0BF4A308A5D43C249402043AF2E721DB0BF4D5443B642C24940EB1D91FE3C1FB0BFE0A73F2144C2494066230FEF2417B0BF826D1D2045C2494012CAFD7D7F18B0BF0AEA4A3246C24940601914631810B0BF9C48E13A47C24940CD15373E870BB0BF4D20FB3343C24940	Shiv House, 101 New Road	E1 1HL	0	\N	New Road	101	\N	\N	\N	\N	\N	0	\N	0	0	0	0	0	0	0	\N
413	0106000020E6100000010000000103000000010000000B0000003FEEB649B815B0BFC1B719A24BC249406BBCD0321810B0BF3357DA3A47C24940207FBA4D7F18B0BF9EF8433246C24940061E0FEF2417B0BF7F6D1D2045C24940A9125CB63C1FB0BF2EA43B2144C24940FFE54DCE3C1FB0BF6BB6382144C24940EED9142F4424B0BF52A46D7643C249400A3033349529B0BFCCD7F82A48C24940F24117D2EC22B0BF75925FE648C249409C25C7813624B0BF7ED5270A4AC249403FEEB649B815B0BFC1B719A24BC24940	121 New Road	E1 1HL	0	\N	New Road	121	\N	\N	\N	\N	\N	0	\N	0	0	0	0	0	0	0	\N
414	0106000020E6100000010000000103000000010000000B0000004CC3A47B8720B0BFFE47BF9E40C24940253E1BEA2B1EB0BF62185CC13EC24940829F62D42F24B0BF3743BBFB3DC249407EDA40631D25B0BFBC7ADCAF3EC249401D92AA6CAC2CB0BFA3E785B73DC24940B54F2FDD742FB0BF442FBBD33FC24940F186B820D132B0BFE59353653FC249405684F865AD3AB0BF73221F5B45C24940E6D949736F2EB0BF926A53ED46C24940E9EEDDB44D25B0BF4A343D0440C249404CC3A47B8720B0BFFE47BF9E40C24940	Shiv House, 101 New Road	E1 1HL	0	\N	New Road	101	\N	\N	\N	\N	\N	0	\N	0	0	0	0	0	0	0	\N
415	0106000020E610000001000000010300000001000000080000004F489F7D1723B0BF626B5E954EC249404C45EC38861EB0BFA7EF8C2D4FC24940DB84D911EA1EB0BF0BB09B974FC24940C0EBD43D781AB0BFA427661A50C249407FF6A885F518B0BF0DF155B84EC249402F3AAEA3B51DB0BF5FB8EC484EC24940AFB8D35C2221B0BFDAF2DF9C4DC249404F489F7D1723B0BF626B5E954EC24940	121 New Road	E1 1HL	0	\N	New Road	121	\N	\N	\N	\N	\N	0	\N	0	0	0	0	0	0	0	\N
416	0106000020E61000000100000001030000000100000005000000641E96E1E91EB0BFB7BE94974FC249402D2FBC138A20B0BF878798EC50C2494099EB802C1D1CB0BFA1A4247351C2494087EBD43D781AB0BFA327661A50C24940641E96E1E91EB0BFB7BE94974FC24940	121 New Road	E1 1JU	0	\N	New Road	121	\N	\N	\N	\N	\N	0	\N	0	0	0	0	0	0	0	\N
417	0106000020E61000000100000001030000000100000005000000E9C578E38920B0BF369691EC50C24940618390218322B0BF73022D2D52C24940017F7DBDA51DB0BF430E28EC52C2494029793DFC1C1CB0BF52B31D7351C24940E9C578E38920B0BF369691EC50C24940	121 New Road	E1 1HL	0	\N	New Road	121	\N	\N	\N	\N	\N	0	\N	0	0	0	0	0	0	0	\N
418	0106000020E61000000100000001030000000100000007000000FBABEE76FC23B0BF2F2360AF54C24940C82FF0ACB120B0BF8EE0531C55C24940F532A93FB41EB0BF52F6ECFB54C249408891A9D9281DB0BFB9BC9A4E53C24940B5CC2D59EA1DB0BF7B5494E152C249404A449E14DF20B0BF19DB886D52C24940FBABEE76FC23B0BF2F2360AF54C24940	121 New Road	E1 1HL	0	\N	New Road	121	\N	\N	\N	\N	\N	0	\N	0	0	0	0	0	0	0	\N
419	0106000020E61000000100000001030000000100000006000000E038AB46FC23B0BFE63159AF54C24940074F9E14DF20B0BF15DB886D52C249405D8190218322B0BF74022D2D52C24940F11BAD65BD24B0BF49AC46F451C249407626CC71E027B0BFFC555C2454C24940E038AB46FC23B0BFE63159AF54C24940	121 New Road	E1 1HL	0	\N	New Road	121	\N	\N	\N	\N	\N	0	\N	0	0	0	0	0	0	0	\N
420	0106000020E610000001000000010300000001000000060000005EB56935BD24B0BFFBBA3FF451C24940AFF4E5EF6E24B0BFB53D31BA51C2494025545E2F1529B0BF944E0A1E51C2494054E683A2582CB0BF60FBB78953C249403320CC71E027B0BFFF555C2454C249405EB56935BD24B0BFFBBA3FF451C24940	121 New Road	E1 1HL	0	\N	New Road	121	\N	\N	\N	\N	\N	0	\N	0	0	0	0	0	0	0	\N
421	0106000020E6100000010000000103000000010000000700000076854072582CB0BF180AB18953C249400F49580ACE27B0BF90D97F2B50C24940A4198ABABC27B0BFA349371F50C24940710C5084FE2BB0BF5286BF894FC24940B5FA9D17CE30B0BFAF806DF152C2494039E783A2582CB0BF60FBB78953C2494076854072582CB0BF180AB18953C24940	fashion corner, 132 Whitechapel Road	E1 1JU	0	\N	Whitechapel Road	132	\N	\N	\N	\N	\N	0	\N	0	0	0	0	0	0	0	\N
422	0106000020E6100000010000000103000000010000000500000015B8D453BA88B0BFA6B8C57A47C24940BD07F6A98C83B0BFDB23272F48C249405DB8224F0D7EB0BFF40EA84044C249403191CE817383B0BF9F42958443C2494015B8D453BA88B0BFA6B8C57A47C24940	Cox orthopaedics	E1 1JG	0	\N	Whitechapel Road	\N	\N	\N	\N	\N	\N	0	\N	0	0	0	0	0	0	0	\N
423	0106000020E610000001000000010300000001000000080000000D5FB3798C83B0BF7832202F48C24940A4CB2DCE847BB0BFD585867049C2494024A5A7C04374B0BFAE633C5044C24940FC4B392B1975B0BF79048C1C44C2494079C2667E0972B0BFFBDC14EC41C249408D44E6B16479B0BF58CFD6EB40C24940F216E01E0D7EB0BF851DA14044C249400D5FB3798C83B0BF7832202F48C24940	Cox orthopaedics	E1 5NB	0	\N	Whitechapel Road	\N	\N	\N	\N	\N	\N	0	\N	0	0	0	0	0	0	0	\N
425	0106000020E61000000100000001030000000100000005000000AFB05F7FE776B0BF6B633F2F4AC24940D2C7B21DEF6EB0BF64702F874BC249406B8E1BC4646BB0BFEDC5A55749C24940B54D02F27973B0BF67727D1148C24940AFB05F7FE776B0BF6B633F2F4AC24940	Cox orthopaedics	E1 1JG	0	\N	Whitechapel Road	\N	\N	\N	\N	\N	\N	0	\N	0	0	0	0	0	0	0	\N
426	0106000020E6100000010000000103000000010000000500000009F16FEDEE6EB0BF087F28874BC2494008DDA1502A6BB0BF3B42E8274CC249408EF981F91B69B0BFC8C18EF44AC249404A02B905F76CB0BFDA3012504AC2494009F16FEDEE6EB0BF087F28874BC24940	Cox orthopaedics	E1 1JG	0	\N	Whitechapel Road	\N	\N	\N	\N	\N	\N	0	\N	0	0	0	0	0	0	0	\N
427	0106000020E61000000100000001030000000100000008000000A0FD5E202A6BB0BFE350E1274CC24940D1A358FE225FB0BF847C61D44DC24940C0D21E741D5AB0BF82A3B3E54AC24940538CFC2B5C62B0BF3FEBF58549C249401DDCBBC84563B0BF604B600E4AC24940994AA7739D66B0BF725FC87F49C24940451B3FC91B69B0BF6BD087F44AC24940A0FD5E202A6BB0BFE350E1274CC24940	Cox orthopaedics	E1 5NB	0	\N	Whitechapel Road	\N	\N	\N	\N	\N	\N	0	\N	0	0	0	0	0	0	0	\N
428	0106000020E610000001000000010300000001000000050000001249306C3B51B0BF7802C96A4FC249401C3F5E770F4EB0BFF71CC1D14FC24940887DAB15724AB0BFD3AD15934DC24940167DBE6ABC4DB0BFC7F7170F4DC249401249306C3B51B0BF7802C96A4FC24940	Prime Land Property, 124 Whitechapel Road	E1 1GU	0	\N	Whitechapel Road	124	\N	\N	\N	\N	\N	0	\N	0	0	0	0	0	0	0	\N
429	0106000020E61000000100000001030000000100000009000000D4221B470F4EB0BFA62BBAD14FC24940AF51C7061349B0BF2AD1305450C24940A505D9D5B244B0BF2254F2574DC24940E2040D33DA46B0BF78D24D094DC24940DA20E5A57145B0BFA4C251134CC249401BE557820848B0BF0804C6B44BC24940D5F120EEB54AB0BF609D65884DC249407D65BBA4704AB0BFD49147924DC24940D4221B470F4EB0BFA62BBAD14FC24940	Prime Land Property, 124 Whitechapel Road	E1 1JU	0	\N	Whitechapel Road	124	\N	\N	\N	\N	\N	0	\N	0	0	0	0	0	0	0	\N
430	0106000020E6100000010000000103000000010000000A000000FCF5D687B339B0BF92E9CD934EC249407F0DD005E93DB0BF5931819451C249407659C2F64236B0BF62E2FC6F52C249408C54E3492631B0BFFD3014E24EC24940B28BB1640D34B0BF12A3137A4EC249404DCE99B2ED34B0BF108D08164FC249402B26273EB636B0BFE70E23D64EC249401E5E8EB4CD35B0BFA7B874344EC2494011C5E82C9A38B0BFC15F2ED04DC24940FCF5D687B339B0BF92E9CD934EC24940	fashion corner, 132 Whitechapel Road	E1 1JU	0	\N	Whitechapel Road	132	\N	\N	\N	\N	\N	0	\N	0	0	0	0	0	0	0	\N
431	0106000020E6100000010000000103000000010000000B000000A989C47E7938B0BF8BD070A345C249403C97D12B1C3DB0BFA1C5A4EC48C2494063289B2FF933B0BFC8AB77364AC24940D2E670CBA837B0BF88F312194DC249403F415E47C030B0BFFD4049034EC24940E68BDA394A2BB0BF0C5D3D244AC249409E3910E2DE30B0BF15F91E6049C24940D7629F244A2FB0BF8ECB354148C2494034649F378133B0BF517414AD47C24940E47CE02DD531B0BF20E1A77D46C24940A989C47E7938B0BF8BD070A345C24940	121 New Road	E1 1HL	0	\N	New Road	121	\N	\N	\N	\N	\N	0	\N	0	0	0	0	0	0	0	\N
432	0106000020E6100000010000000103000000010000000D000000EE456250B800B1BFC51A8CD431C249403788D1BC2806B1BFA23786B034C24940BBDB36055C03B1BF1CDFA9DD35C24940E46C9C71B9E3B0BF59EB1EB23AC24940824C9AD68ECEB0BF277DE5F034C2494035BC07C9D1C6B0BF05E5451F2EC24940354CE58A45FAB0BF25CF3B4D2EC2494086EF2A6235FAB0BF86001D1030C24940EC8718A4B5E8B0BF42A67C0030C24940ED1C3239AFE8B0BFBEA27EB330C24940018756E36EE4B0BFE4D2CE5432C24940DD75513FF7EDB0BF940826C034C24940EE456250B800B1BFC51A8CD431C24940	38-44 Whitechapel Road	E1 5NB	0	\N	Whitechapel Road	0	\N	\N	\N	\N	\N	0	\N	0	0	0	0	0	0	0	\N
435	0106000020E6100000010000000103000000010000000A0000007F0DD005E93DB0BF5931819451C24940FCF5D687B339B0BF92E9CD934EC2494044656721373DB0BF0628E6154EC24940D5C81713193EB0BFB6BEFEB24EC249409F7B333ED441B0BFE3F04F2D4EC249409F9550FF0641B0BF8D9B9B9E4DC249402DAC726B6744B0BF1914A0254DC249404D0384821844B0BFDA95C2EE4CC249403B2B84D61249B0BFDBDF295450C249407F0DD005E93DB0BF5931819451C24940	Jaan Sports, 128 Whitechapel Road	E1 1JU	0	\N	Whitechapel Road	128	\N	\N	\N	\N	\N	0	\N	0	0	0	0	0	0	0	\N
436	0106000020E61000000100000001030000000100000007000000ECDA8DC0B85CB0BFA7F99C4B43C2494062B047E9EE56B0BFF3668D5744C24940FAB521789754B0BF533840F642C24940832EEA712D55B0BF082D34D942C249407B38297DF553B0BFC3E9C13042C24940F5A81CB7B258B0BF7041113E41C24940ECDA8DC0B85CB0BFA7F99C4B43C24940	Tower House, 81 Fieldgate Street	E1 1GU	0	\N	Fieldgate Street	81	\N	\N	\N	\N	\N	0	\N	0	0	0	0	0	0	0	\N
437	0106000020E6100000010000000103000000010000000500000062291C766457B0BF8C9CD59C44C24940849A5146C54FB0BF2652D3E445C24940C386A88CF04CB0BF32CEAE3944C24940FAB521789754B0BF533840F642C2494062291C766457B0BF8C9CD59C44C24940	Tower House, 81 Fieldgate Street	E1 1GU	0	\N	Fieldgate Street	81	\N	\N	\N	\N	\N	0	\N	0	0	0	0	0	0	0	\N
438	0106000020E61000000100000001030000000100000005000000A33CA005E86EB0BF5CD0D0F644C24940FC715973B66BB0BF14D1A7E842C2494079C2667E0972B0BFFBDC14EC41C24940E39A4ADCF774B0BF65C5B90444C24940A33CA005E86EB0BF5CD0D0F644C24940	Tower House, 81 Fieldgate Street	E1 1GU	0	\N	Fieldgate Street	81	\N	\N	\N	\N	\N	0	\N	0	0	0	0	0	0	0	\N
439	0106000020E61000000100000001030000000100000006000000FC715973B66BB0BF14D1A7E842C24940A33CA005E86EB0BF5CD0D0F644C2494032BC2DE66C6FB0BF00D9B34945C24940C227DE9DB264B0BFEF4120F646C2494011885C6FE760B0BFD632509844C24940FC715973B66BB0BF14D1A7E842C24940	Tower House, 81 Fieldgate Street	E1 1GU	0	\N	Fieldgate Street	81	\N	\N	\N	\N	\N	0	\N	0	0	0	0	0	0	0	\N
440	0106000020E6100000010000000103000000010000000E000000FAB521789754B0BF533840F642C24940C386A88CF04CB0BF32CEAE3944C24940849A5146C54FB0BF2652D3E445C24940EDC4B6068B47B0BFF7D6323647C24940512AA0452740B0BF0DB340C742C249404D8124AEC73BB0BF50D131443EC249403AC7C0D5DF60B0BF39D480FF3BC249402EC4CE019662B0BFED86C8B83EC24940A5879294C859B0BFDFD354453FC24940EEB77624835AB0BFECDD57E440C24940F5A81CB7B258B0BF7041113E41C249407B38297DF553B0BFC3E9C13042C24940832EEA712D55B0BF082D34D942C24940FAB521789754B0BF533840F642C24940	Tower House, 81 Fieldgate Street	E1 1GU	0	\N	Fieldgate Street	81	\N	\N	\N	\N	\N	0	\N	0	0	0	0	0	0	0	\N
441	0106000020E6100000010000000103000000010000000500000075235F2F843EB0BF21C40F914BC249408B3190C88C3BB0BF4794EBAB49C249409A52155FCA3FB0BF49B2472349C249407D05B54F7942B0BFE447CC0D4BC2494075235F2F843EB0BF21C40F914BC24940	Jaan Sports, 128 Whitechapel Road	E1 1GU	0	\N	Whitechapel Road	128	\N	\N	\N	\N	\N	0	\N	0	0	0	0	0	0	0	\N
442	0106000020E610000001000000010300000001000000050000008B3190C88C3BB0BF4794EBAB49C2494075235F2F843EB0BF21C40F914BC24940217E529A9C3AB0BF58EE91124CC2494015BF2F5FA037B0BFA9B3572A4AC249408B3190C88C3BB0BF4794EBAB49C24940	Oxygen	E1 1JU	0	\N	Whitechapel Road	\N	\N	\N	\N	\N	\N	0	\N	0	0	0	0	0	0	0	\N
443	0106000020E6100000010000000103000000010000000500000015BF2F5FA037B0BFA9B3572A4AC24940217E529A9C3AB0BF58EE91124CC24940D20A2F65F436B0BF1701DE8B4CC24940D6799F636D34B0BF7CDF6C914AC2494015BF2F5FA037B0BFA9B3572A4AC24940	Oxygen	E1 1JU	0	\N	Whitechapel Road	\N	\N	\N	\N	\N	\N	0	\N	0	0	0	0	0	0	0	\N
444	0106000020E610000001000000010300000001000000060000008A00AC347548B0BF9338D42648C24940E3CE08A80D4BB0BF415656E249C249405E58E3937942B0BF7372C30D4BC24940A8F17D50FD3FB0BF2516A84749C24940681D7A50FD3FB0BF6B13A84749C249408A00AC347548B0BF9338D42648C24940	Prime Land Property, 124 Whitechapel Road	E1 1GU	0	\N	Whitechapel Road	124	\N	\N	\N	\N	\N	0	\N	0	0	0	0	0	0	0	\N
445	0106000020E610000001000000010300000001000000050000004F7D074E4BA3B0BF3E00860724C249408EA32B0E459AB0BF4367860D24C24940B78AB2261F99B0BF3D8702AF17C24940DAB3CC0D39A2B0BF6FACDEAD17C249404F7D074E4BA3B0BF3E00860724C24940	Kobi Nazrul Primary School	E1 1JP	0	\N	Greenfield Road	\N	\N	\N	\N	\N	\N	0	\N	0	0	0	0	0	0	0	\N
446	0106000020E61000000100000001030000000100000007000000194311D01B4FB0BF75EE339B29C24940D4F905148146B0BF4A68630A2AC24940CEFBF22BFA44B0BFE1A1785127C24940E7D83DADDD4BB0BF77BA35F126C24940729AA6ED404CB0BF2F1B28A227C249401594543AF34DB0BFDA3F738A27C24940194311D01B4FB0BF75EE339B29C24940	8 Myrdle Street	E1 1HL	0	\N	Myrdle Street	8	\N	\N	\N	\N	\N	0	\N	0	0	0	0	0	0	0	\N
447	0106000020E610000001000000010300000001000000050000003873B0FBF944B0BF24B0715127C24940A00BF90BD843B0BF8F1C069824C2494040810C4F8E4AB0BF6015825224C24940BD5CFB7CDD4BB0BFBCC82EF126C249403873B0FBF944B0BF24B0715127C24940	12 Myrdle Street	E1 1JU	0	\N	Myrdle Street	12	\N	\N	\N	\N	\N	0	\N	0	0	0	0	0	0	0	\N
448	0106000020E610000001000000010300000001000000040000008ED6CC6AB33DB0BF6229868B18C249409093AA5AAF3DB0BFFB7DC48B18C24940C00AB155AF3DB0BFD8E5BA8B18C249408ED6CC6AB33DB0BF6229868B18C24940	28 Myrdle Street	E1 1JU	0	\N	Myrdle Street	28	\N	\N	\N	\N	\N	0	\N	0	0	0	0	0	0	0	\N
449	0106000020E61000000100000001030000000100000005000000E1643A964644B0BFB6FF8D3618C24940969A8A59BB3DB0BF2F4E168B18C24940360B7954653AB0BF9230C96F11C24940FA6DC83CF440B0BF7076162311C24940E1643A964644B0BFB6FF8D3618C24940	28 Myrdle Street	E1 1HL	0	\N	Myrdle Street	28	\N	\N	\N	\N	\N	0	\N	0	0	0	0	0	0	0	\N
450	0106000020E610000001000000010300000001000000050000001E1881CC4240B0BFCBA10BD00FC24940BA39513CAC39B0BF22887B1F10C24940DBD5F84A0739B0BFDDE400E40EC249405BB92A9B9A3FB0BFD98B5A8E0EC249401E1881CC4240B0BFCBA10BD00FC24940	20 Parfett Street	E1	0	\N	Parfett Street	20	\N	\N	\N	\N	\N	0	\N	0	0	0	0	0	0	0	\N
451	0106000020E6100000010000000103000000010000000A00000008BAF94DA050B0BF1C947DB20CC2494057CC11AF4340B0BF7A07963E0DC2494071D5AEB29A40B0BFFAD7FC520EC24940BB8AE86A9A3FB0BFDF99538E0EC24940269CB61A0739B0BFE0F2F9E30EC2494050D6A2DEA137B0BF94CCEAFE0BC24940D008A0AF8D38B0BF0D49A6A80BC2494029564E596E4FB0BF15E4E7190BC249401024AED23350B0BF5938A33B0BC2494008BAF94DA050B0BF1C947DB20CC24940	20 Parfett Street	E1	0	\N	Parfett Street	20	\N	\N	\N	\N	\N	0	\N	0	0	0	0	0	0	0	\N
452	0106000020E61000000100000001030000000100000005000000BA39513CAC39B0BF22887B1F10C249401E1881CC4240B0BFCBA10BD00FC24940F837860CF440B0BF7A840F2311C24940D2D187435C3AB0BF3D0A2A7011C24940BA39513CAC39B0BF22887B1F10C24940	20 Parfett Street	E1	0	\N	Parfett Street	20	\N	\N	\N	\N	\N	0	\N	0	0	0	0	0	0	0	\N
453	0106000020E610000001000000010300000001000000060000009093AA5AAF3DB0BFFB7DC48B18C249408ED6CC6AB33DB0BF6229868B18C249409DB27CC64644B0BF9AF1943618C249408F0E1B17FE44B0BF31B61E9819C24940DA5350AE6E3EB0BF5685C2FC19C249409093AA5AAF3DB0BFFB7DC48B18C24940	28 Myrdle Street	E1 1HL	0	\N	Myrdle Street	28	\N	\N	\N	\N	\N	0	\N	0	0	0	0	0	0	0	\N
454	0106000020E61000000100000001030000000100000005000000DA5350AE6E3EB0BF5685C2FC19C249408F0E1B17FE44B0BF31B61E9819C24940B98CD8F7A045B0BF465D3ED21AC249408BEFE7BE123FB0BFB9C22C391BC24940DA5350AE6E3EB0BF5685C2FC19C24940	28 Myrdle Street	E1 1JU	0	\N	Myrdle Street	28	\N	\N	\N	\N	\N	0	\N	0	0	0	0	0	0	0	\N
455	0106000020E610000001000000010300000001000000050000008BEFE7BE123FB0BFB9C22C391BC24940B98CD8F7A045B0BF465D3ED21AC24940963676E56546B0BFBE3D094E1CC249406DF82BACD73FB0BF80A9F7B41CC249408BEFE7BE123FB0BFB9C22C391BC24940	26 Myrdle Street	E1 1JU	0	\N	Myrdle Street	26	\N	\N	\N	\N	\N	0	\N	0	0	0	0	0	0	0	\N
456	0106000020E610000001000000010300000001000000050000006DF82BACD73FB0BF80A9F7B41CC24940963676E56546B0BFBE3D094E1CC24940D82CF6CE1247B0BF37F6829B1DC2494022975C958440B0BF476671021EC249406DF82BACD73FB0BF80A9F7B41CC24940	24 Myrdle Street	E1 1JU	0	\N	Myrdle Street	24	\N	\N	\N	\N	\N	0	\N	0	0	0	0	0	0	0	\N
457	0106000020E6100000010000000103000000010000000500000022975C958440B0BF476671021EC24940D82CF6CE1247B0BF37F6829B1DC249400CBA630CCF47B0BF584E8C061FC2494007AD72D24041B0BFFDC07A6D1FC2494022975C958440B0BF476671021EC24940	22 Myrdle Street	E1 1JU	0	\N	Myrdle Street	22	\N	\N	\N	\N	\N	0	\N	0	0	0	0	0	0	0	\N
458	0106000020E6100000010000000103000000010000000500000007AD72D24041B0BFFDC07A6D1FC249400CBA630CCF47B0BF584E8C061FC24940DA74868E7A48B0BF75F6505120C2494079EC4754EC41B0BFB66F3FB820C2494007AD72D24041B0BFFDC07A6D1FC24940	20 Myrdle Street	E1 1HL	0	\N	Myrdle Street	20	\N	\N	\N	\N	\N	0	\N	0	0	0	0	0	0	0	\N
459	0106000020E6100000010000000103000000010000000500000079EC4754EC41B0BFB66F3FB820C24940DA74868E7A48B0BF75F6505120C249408F4CC7022A49B0BF3DB7B1A321C24940A44F38C89B42B0BFF634A00A22C2494079EC4754EC41B0BFB66F3FB820C24940	18 Myrdle Street	E1 1JU	0	\N	Myrdle Street	18	\N	\N	\N	\N	\N	0	\N	0	0	0	0	0	0	0	\N
460	0106000020E61000000100000001030000000100000005000000A44F38C89B42B0BFF634A00A22C249408F4CC7022A49B0BF3DB7B1A321C24940206FA8CBDE49B0BFB9435A0023C2494004DCC3905043B0BFDEC0486723C24940A44F38C89B42B0BFF634A00A22C24940	16 Myrdle Street	E1 1JU	0	\N	Myrdle Street	16	\N	\N	\N	\N	\N	0	\N	0	0	0	0	0	0	0	\N
461	0106000020E6100000010000000103000000010000000500000004DCC3905043B0BFDEC0486723C24940206FA8CBDE49B0BFB9435A0023C24940790DCA1E8E4AB0BF9D237B5224C24940CA438D18EE43B0BF1AD3189724C2494004DCC3905043B0BFDEC0486723C24940	14 Myrdle Street	E1 1JU	0	\N	Myrdle Street	14	\N	\N	\N	\N	\N	0	\N	0	0	0	0	0	0	0	\N
462	0106000020E6100000010000000103000000010000000D000000E2D6BE0F8E62B0BFF394B6C1FCC1494023209F921B58B0BFE1FD8F08FDC14940F796E9CB0057B0BF09A98071F8C149405EF85C988161B0BFB041512DF8C14940942B8474B161B0BFCFEC70CDF8C149400C77B80D235FB0BF9AF619E1F8C149405DA5C2A3745FB0BFACCA4D3DFAC14940B8475D632161B0BFB8E61E35FAC149409D13D1B94061B0BFDCB3C0C1FAC14940A69318ED995FB0BF5D31EDCDFAC149402FC4BB050660B0BF7516044DFCC149408FD912468062B0BFB8558843FCC14940E2D6BE0F8E62B0BFF394B6C1FCC14940	7 Parfett Street	E1	0	\N	Parfett Street	7	\N	\N	\N	\N	\N	0	\N	0	0	0	0	0	0	0	\N
434	0106000020E6100000010000000103000000010000000A000000FC5E739C3B51B0BFCAF3CF6A4FC2494089241B348F4DB0BF050E7FF04CC24940F5D8A2CE3A4FB0BFED0EF9AB4CC249407C00AC347548B0BF9338D42648C24940D7947A19ED50B0BFD322C6EA46C249404AB6DF9A9157B0BF0567D2594BC2494083CE00E68B57B0BFBB62A75A4BC24940C7F29D06435AB0BFB07AB9FB4AC2494056AA15CE225FB0BF2F8B5AD44DC24940FC5E739C3B51B0BFCAF3CF6A4FC24940	Prime Land Property, 124 Whitechapel Road	E1 1GU	1		Whitechapel Road	124				\N		0		0	0	0	0	True	True	True	
463	0106000020E61000000100000001030000000100000009000000CC384E78F758B0BF1C15559A00C24940D55B711D6063B0BFB7294F5700C24940F35E5E108263B0BF1A4C180101C249400A1C82663061B0BF5ABBFD0E01C249402D1219319E61B0BFC8729A9902C24940447B70F00A64B0BF5FEE159002C249409A116D2D3564B0BFE41B882B03C249405ABD7E18A359B0BF1155836303C24940CC384E78F758B0BF1C15559A00C24940	11 Parfett Street	E1	0	\N	Parfett Street	11	\N	\N	\N	\N	\N	0	\N	0	0	0	0	0	0	0	\N
464	0106000020E6100000010000000103000000010000000B0000005EF85C988161B0BFB041512DF8C14940F796E9CB0057B0BF09A98071F8C14940BAD49CE31856B0BF2C2FD3ADF4C1494065859947BC5DB0BF82FF8675F4C14940D4DB6E05495EB0BFBE865636F6C14940893F01381260B0BFD2B2562CF6C14940A000D1BD4960B0BF0AC3A0DEF6C14940B797CC899A5EB0BFACDA9DF0F6C14940873D9485D95EB0BFDED715A4F7C149400C5A53965361B0BF96D26393F7C149405EF85C988161B0BFB041512DF8C14940	5 Parfett Street	E1	0	\N	Parfett Street	5	\N	\N	\N	\N	\N	0	\N	0	0	0	0	0	0	0	\N
465	0106000020E6100000010000000103000000010000000900000023209F921B58B0BFE1FD8F08FDC14940E2D6BE0F8E62B0BFF394B6C1FCC14940639A6EBFA162B0BF69ECDF75FDC14940A06BF40C4660B0BF7E25B083FDC1494077F4EE97DB60B0BF3A48D1BEFFC14940A28FA6C13E63B0BF2AE179B0FFC14940D55B711D6063B0BFB7294F5700C24940CC384E78F758B0BF1C15559A00C2494023209F921B58B0BFE1FD8F08FDC14940	9 Parfett Street	E1	0	\N	Parfett Street	9	\N	\N	\N	\N	\N	0	\N	0	0	0	0	0	0	0	\N
466	0106000020E6100000010000000103000000010000000D0000009BC88D48AF4BB0BF7ACFD5F2EDC14940552ABE640941B0BF75C44B2BEEC14940BBBDA1E5E540B0BF5BB7DF95EDC14940675A58AEFD42B0BF6240558FEDC149408BD21633EA42B0BF7192DC11EDC14940A64AED2D8A41B0BF207A5A18EDC14940D9E1AC0D6F41B0BF4BC09F7EECC14940CB33BF1BD942B0BFA50E3778ECC1494093FFAAABB842B0BF15DB181DECC14940C76CA56B8F40B0BF03653128ECC149401DDD20416040B0BFDD46C180EBC1494012E29826124BB0BFC61ED043EBC149409BC88D48AF4BB0BF7ACFD5F2EDC14940	6 Parfett Street	E1	0	\N	Parfett Street	6	\N	\N	\N	\N	\N	0	\N	0	0	0	0	0	0	0	\N
467	0106000020E6100000010000000103000000010000000D000000DCE318473945B0BF86BB4F6B00C249404436DBFFD74FB0BF7983082200C24940CEDD92E2AD50B0BFFC7C31C903C24940A5386F940046B0BFB8DA671A04C24940CF1988E9E245B0BF04AEE76003C24940359CCCCCED47B0BF5EE6B05803C24940C1C5FFC19F47B0BF6E01E55002C249406CCBCC0D3446B0BFC396D15E02C24940974D0CB21C46B0BF729787A401C249400A707BE15E47B0BF329CA89A01C24940C1C8FB001E47B0BF08376CE400C24940D2EBF61D5545B0BFDDC07DF500C24940DCE318473945B0BF86BB4F6B00C24940	16 Parfett Street	E1	0	\N	Parfett Street	16	\N	\N	\N	\N	\N	0	\N	0	0	0	0	0	0	0	\N
468	0106000020E6100000010000000103000000010000000D000000A411E6306E44B0BF80A276C1FCC14940B4ECB5F4FD4EB0BF5C99B168FCC149404436DBFFD74FB0BF7983082200C24940DCE318473945B0BF86BB4F6B00C24940B5B40A031845B0BF398332C6FFC149400A1CF46D2347B0BFD8E2B8B7FFC14940BF139DD2FD46B0BFAF1A50E7FEC14940F084266C8E45B0BF82A325F2FEC149404F4290CD6445B0BF5E8C8216FEC149404A073AE5D446B0BFC4D15D02FEC1494041272A64B646B0BF67DA1057FDC14940BE0E82E79644B0BFA30E6065FDC14940A411E6306E44B0BF80A276C1FCC14940	14 Parfett Street	E1	0	\N	Parfett Street	14	\N	\N	\N	\N	\N	0	\N	0	0	0	0	0	0	0	\N
469	0106000020E6100000010000000103000000010000000D0000008ABB4F6B9343B0BFA834FB19F9C14940F476CF5E2D4EB0BFBAF5B4D8F8C14940B4ECB5F4FD4EB0BF5C99B168FCC14940A411E6306E44B0BF80A276C1FCC14940B0A3CF0C4C44B0BF5A0B0338FCC1494051AC7DDD4246B0BF93DAA12FFCC149403BD6558D0146B0BFFC362430FBC1494010D69F2F6444B0BF652CB535FBC14940499E899D3644B0BFDE90736EFAC1494086A3D577CC45B0BF06293E60FAC14940A2F80D1E9E45B0BF8BAE60A9F9C14940E5C96187B943B0BF26E7B7B7F9C149408ABB4F6B9343B0BFA834FB19F9C14940	12 Parfett Street	E1	0	\N	Parfett Street	12	\N	\N	\N	\N	\N	0	\N	0	0	0	0	0	0	0	\N
470	0106000020E6100000010000000103000000010000000D0000000DFA7832F742B0BFA353B163F6C149403A5D9E808F4DB0BF77427826F6C14940F476CF5E2D4EB0BFBAF5B4D8F8C149408ABB4F6B9343B0BFA834FB19F9C149402456BF346F43B0BF29091884F8C149406025049F7A45B0BF716B9E75F8C149409202D0F36345B0BF1BDBB61DF8C14940D3FCE4CB1844B0BF44EAFA1AF8C149402A1660D5FC43B0BFECCDD874F7C1494027C159AF4A45B0BF9726126EF7C149408B671B973545B0BF0BD2C800F7C14940D1BAFFA71643B0BF1F5F6E0BF7C149400DFA7832F742B0BFA353B163F6C14940	12 Parfett Street	E1	0	\N	Parfett Street	12	\N	\N	\N	\N	\N	0	\N	0	0	0	0	0	0	0	\N
471	0106000020E6100000010000000103000000010000000D000000151542A5F441B0BF9562B0C4F1C14940429BBBAF7E4CB0BFEAE0A67DF1C149403A5D9E808F4DB0BF77427826F6C149400DFA7832F742B0BFA353B163F6C149403F996357DF42B0BFF7A07EE4F5C149403F9B3DCD0345B0BF6AF7CFD4F5C14940B1630DCCB944B0BF88FD7698F4C14940E2063F582543B0BF971ECBA1F4C149402CFFD579E642B0BF5FEEEBB6F3C14940912993638344B0BFA649C6AFF3C14940A31B71F73444B0BF5DF8785EF2C14940B0DB8B2D1242B0BF779EFD67F2C14940151542A5F441B0BF9562B0C4F1C14940	10 Parfett Street	E1	0	\N	Parfett Street	10	\N	\N	\N	\N	\N	0	\N	0	0	0	0	0	0	0	\N
472	0106000020E6100000010000000103000000010000000D000000552ABE640941B0BF75C44B2BEEC149409BC88D48AF4BB0BF7ACFD5F2EDC14940429BBBAF7E4CB0BFEAE0A67DF1C14940151542A5F441B0BF9562B0C4F1C149409DECDF23DC41B0BF56322F3DF1C149402CDD0749D143B0BF52C8C639F1C14940384425A7A143B0BF639E554FF0C14940FDDA2DB54842B0BF3EE41B58F0C14940612B20791742B0BFFC4D9873EFC1494075B119237643B0BF05F95F69EFC14940072FDE784743B0BF85F937C9EEC14940E009F0733041B0BF9138B7CFEEC14940552ABE640941B0BF75C44B2BEEC14940	8 Parfett Street	E1	0	\N	Parfett Street	8	\N	\N	\N	\N	\N	0	\N	0	0	0	0	0	0	0	\N
473	0106000020E6100000010000000103000000010000000A000000715077A8813BB0BF048D2BADF5C14940AD0D9525983BB0BF9F929626F6C149405BBCE8B50A3DB0BF57516D28F6C1494098BAB6F9063DB0BFE225A61EF7C14940F2AFD9736039B0BF094A6836F7C14940E5F54FC47639B0BFD768FD20F8C14940A0D70EE56031B0BF8FD7E655F8C149403E59C3696130B0BF639E1F15F6C14940E256C5EA8031B0BF11FF08EAF5C14940715077A8813BB0BF048D2BADF5C14940	10 Parfett Street	E1	0	\N	Parfett Street	10	\N	\N	\N	\N	\N	0	\N	0	0	0	0	0	0	0	\N
474	0106000020E6100000010000000103000000010000000700000091AE241A2A3AB0BFE2B47F4805C24940AAC176F84335B0BF13E8E46805C249408A2197FB2034B0BF772EA21D03C24940C682CFE9643AB0BFFCF78AC802C24940B416829D123BB0BFA5D44F4004C2494009A849ADAF39B0BF228E6D5104C2494091AE241A2A3AB0BFE2B47F4805C24940	18 Parfett Street	E1	0	\N	Parfett Street	18	\N	\N	\N	\N	\N	0	\N	0	0	0	0	0	0	0	\N
475	0106000020E61000000100000001030000000100000007000000C5ED317C8D3CB0BFBA900950F9C14940B532855CD131B0BFD8275B90F9C14940EBEBCCB46031B0BF57E5DF55F8C1494004F64FC47639B0BFD868FD20F8C1494043D8D1B1A939B0BFD45F5590F8C149404FB934D0323CB0BFB790C37FF8C14940C5ED317C8D3CB0BFBA900950F9C14940	12 Parfett Street	E1	0	\N	Parfett Street	12	\N	\N	\N	\N	\N	0	\N	0	0	0	0	0	0	0	\N
476	0106000020E610000001000000010300000001000000090000002B7BEF535732B0BF69365406FBC14940339B882B383AB0BF2FECB9CFFAC14940DDAD1EC9443AB0BF3D97ED21FBC1494067A802FC7E3DB0BF3EC1C90CFBC14940C5A70A4DDE3DB0BFDC706C2AFCC14940481B301AD83BB0BFAD050E34FCC149402C2E329CF33DB0BF9475539702C2494004CCDF7A3835B0BF12881E1003C249402B7BEF535732B0BF69365406FBC14940	14 Parfett Street	E1	0	\N	Parfett Street	14	\N	\N	\N	\N	\N	0	\N	0	0	0	0	0	0	0	\N
477	0106000020E61000000100000001030000000100000007000000B532855CD131B0BFD8275B90F9C14940C5ED317C8D3CB0BFBA900950F9C14940710758EB043DB0BF42C36062FAC14940C916C53B2A3AB0BF06B9EA74FAC14940339B882B383AB0BF2FECB9CFFAC149402B7BEF535732B0BF69365406FBC14940B532855CD131B0BFD8275B90F9C14940	12 Parfett Street	E1	0	\N	Parfett Street	12	\N	\N	\N	\N	\N	0	\N	0	0	0	0	0	0	0	\N
478	0106000020E610000001000000010300000001000000060000005D49EC2A460EB0BF52E6C6C808C2494023992E12A604B0BF8BA755F908C249405AFB3BB62D04B0BF2036643006C24940DF29E6FEC90DB0BF13AC9B1006C24940F71CE02A460EB0BF48D9C6C808C249405D49EC2A460EB0BF52E6C6C808C24940	Madani Girls School	E1 1HL	0	\N	Myrdle Street	\N	\N	\N	\N	\N	\N	0	\N	0	0	0	0	0	0	0	\N
479	0106000020E61000000100000001030000000100000005000000F5079F875EF4AFBF5FC8DF2708C2494043FDB07145E4AFBFFC0CD27708C249404F86D5EBC8E2AFBFA90762F006C249408851919BCEF2AFBFEF1BD0A006C24940F5079F875EF4AFBF5FC8DF2708C24940	43 New Road	E1 1HL	0	\N	New Road	43	\N	\N	\N	\N	\N	0	\N	0	0	0	0	0	0	0	\N
480	0106000020E6100000010000000103000000010000000500000043FDB07145E4AFBFFC0CD27708C24940F5079F875EF4AFBF5FC8DF2708C2494074E5AF57E2F5AFBF432718A309C24940035C96FBACE5AFBF2106ACE909C2494043FDB07145E4AFBFFC0CD27708C24940	45 New Road	E1 1HL	0	\N	New Road	45	\N	\N	\N	\N	\N	0	\N	0	0	0	0	0	0	0	\N
481	0106000020E610000001000000010300000001000000050000008851919BCEF2AFBFEF1BD0A006C249404F86D5EBC8E2AFBFA90762F006C249405F42F25A5FE1AFBFB02D727C05C249402FCDE29B52F1AFBF1BCD3B2D05C249408851919BCEF2AFBFEF1BD0A006C24940	41 New Road	E1 1HL	0	\N	New Road	41	\N	\N	\N	\N	\N	0	\N	0	0	0	0	0	0	0	\N
482	0106000020E610000001000000010300000001000000050000002FCDE29B52F1AFBF1BCD3B2D05C249405F42F25A5FE1AFBFB02D727C05C2494067514000B5DFAFBF26C8DCC503C249400FF7D78492EFAFBF9659127703C249402FCDE29B52F1AFBF1BCD3B2D05C24940	39 New Road	E1 1HL	0	\N	New Road	39	\N	\N	\N	\N	\N	0	\N	0	0	0	0	0	0	0	\N
483	0106000020E610000001000000010300000001000000050000000FF7D78492EFAFBF9659127703C2494067514000B5DFAFBF26C8DCC503C249406FC3C93469DEAFBFB0F68C7002C249408BD21CCF35EEAFBF4085162202C249400FF7D78492EFAFBF9659127703C24940	39 New Road	E1 1HL	0	\N	New Road	39	\N	\N	\N	\N	\N	0	\N	0	0	0	0	0	0	0	\N
484	0106000020E610000001000000010300000001000000050000008BD21CCF35EEAFBF4085162202C249406FC3C93469DEAFBFB0F68C7002C249402EFFD0E0DDDCAFBF691DE2D900C24940567FAD5396ECAFBF29B9CF8B00C249408BD21CCF35EEAFBF4085162202C24940	37 New Road	E1 1JU	0	\N	New Road	37	\N	\N	\N	\N	\N	0	\N	0	0	0	0	0	0	0	\N
485	0106000020E61000000100000001030000000100000005000000567FAD5396ECAFBF29B9CF8B00C249402EFFD0E0DDDCAFBF691DE2D900C24940182FA58B54DBAFBFDFB74445FFC14940BBCB27F1F8EAAFBF4BF195F7FEC14940567FAD5396ECAFBF29B9CF8B00C24940	35 New Road	E1 1HL	0	\N	New Road	35	\N	\N	\N	\N	\N	0	\N	0	0	0	0	0	0	0	\N
486	0106000020E61000000100000001030000000100000005000000BBCB27F1F8EAAFBF4BF195F7FEC14940182FA58B54DBAFBFDFB74445FFC1494005E75A713BD9AFBF6D81C21CFDC1494017B92775C4E8AFBF84BA9BCFFCC14940BBCB27F1F8EAAFBF4BF195F7FEC14940	33 New Road	E1 1HL	0	\N	New Road	33	\N	\N	\N	\N	\N	0	\N	0	0	0	0	0	0	0	\N
487	0106000020E6100000010000000103000000010000000500000017B92775C4E8AFBF84BA9BCFFCC1494005E75A713BD9AFBF6D81C21CFDC1494098A2A3C7C3D7AFBFFA4F529AFBC1494095F7A9A439E7AFBF79A58A4DFBC1494017B92775C4E8AFBF84BA9BCFFCC14940	31 New Road	E1 1HL	0	\N	New Road	31	\N	\N	\N	\N	\N	0	\N	0	0	0	0	0	0	0	\N
488	0106000020E6100000010000000103000000010000000500000095F7A9A439E7AFBF79A58A4DFBC1494098A2A3C7C3D7AFBFFA4F529AFBC1494077F82C264CD6AFBFBA9BEA17FAC149408659DBDCAEE5AFBF4F0E82CBF9C1494095F7A9A439E7AFBF79A58A4DFBC14940	29 New Road	E1 1HL	0	\N	New Road	29	\N	\N	\N	\N	\N	0	\N	0	0	0	0	0	0	0	\N
489	0106000020E610000001000000010300000001000000050000008659DBDCAEE5AFBF4F0E82CBF9C1494077F82C264CD6AFBFBA9BEA17FAC149402A2AD004BFD4AFBF6F22657FF8C14940FB938C7C0DE4AFBFFE206133F8C149408659DBDCAEE5AFBF4F0E82CBF9C14940	27 New Road	E1 1JU	0	\N	New Road	27	\N	\N	\N	\N	\N	0	\N	0	0	0	0	0	0	0	\N
490	0106000020E61000000100000001030000000100000005000000FB938C7C0DE4AFBFFE206133F8C149402A2AD004BFD4AFBF6F22657FF8C1494012F224F666D3AFBF4111781DF7C1494026FE94E3A3E2AFBFAA29CBD1F6C14940FB938C7C0DE4AFBFFE206133F8C14940	25 New Road	E1 1HL	0	\N	New Road	25	\N	\N	\N	\N	\N	0	\N	0	0	0	0	0	0	0	\N
491	0106000020E6100000010000000103000000010000000500000026FE94E3A3E2AFBFAA29CBD1F6C1494012F224F666D3AFBF4111781DF7C14940643758DD75D1AFBF311B1D1EF5C14940D6D72E7399E0AFBF1311EED2F4C1494026FE94E3A3E2AFBFAA29CBD1F6C14940	23 New Road	E1 1JU	0	\N	New Road	23	\N	\N	\N	\N	\N	0	\N	0	0	0	0	0	0	0	\N
492	0106000020E61000000100000001030000000100000005000000D6D72E7399E0AFBF1311EED2F4C14940643758DD75D1AFBF311B1D1EF5C14940F29CBB4F31D0AFBF6F5040D0F3C1494033CED55944DFAFBF82736385F3C14940D6D72E7399E0AFBF1311EED2F4C14940	21 New Road	E1 1HL	0	\N	New Road	21	\N	\N	\N	\N	\N	0	\N	0	0	0	0	0	0	0	\N
493	0106000020E6100000010000000103000000010000000500000033CED55944DFAFBF82736385F3C14940F29CBB4F31D0AFBF6F5040D0F3C1494087877BB8D2CEAFBFB1B09A67F2C1494051BB05E3D3DDAFBF4996161DF2C1494033CED55944DFAFBF82736385F3C14940	19 New Road	E1 1HL	0	\N	New Road	19	\N	\N	\N	\N	\N	0	\N	0	0	0	0	0	0	0	\N
494	0106000020E6100000010000000103000000010000000500000051BB05E3D3DDAFBF4996161DF2C1494087877BB8D2CEAFBFB1B09A67F2C14940DAB5992460CDAFBF00AC65EAF0C149408123BD6A4EDCAFBFDB653FA0F0C1494051BB05E3D3DDAFBF4996161DF2C14940	17 New Road	E1 1HL	0	\N	New Road	17	\N	\N	\N	\N	\N	0	\N	0	0	0	0	0	0	0	\N
495	0106000020E610000001000000010300000001000000050000008123BD6A4EDCAFBFDB653FA0F0C14940DAB5992460CDAFBF00AC65EAF0C14940FA148F49AFCBAFBF8D30202DEFC149401642817E87DAAFBFCE8267E3EEC149408123BD6A4EDCAFBFDB653FA0F0C14940	15 New Road	E1 1JU	0	\N	New Road	15	\N	\N	\N	\N	\N	0	\N	0	0	0	0	0	0	0	\N
496	0106000020E610000001000000010300000001000000050000001642817E87DAAFBFCE8267E3EEC14940FA148F49AFCBAFBF8D30202DEFC149409E5ED2961CCAAFBFE374E08EEDC1494032DE2944E0D8AFBFCDBD8D45EDC149401642817E87DAAFBFCE8267E3EEC14940	13 New Road	E1 1HL	0	\N	New Road	13	\N	\N	\N	\N	\N	0	\N	0	0	0	0	0	0	0	\N
497	0106000020E6100000010000000103000000010000000500000032DE2944E0D8AFBFCDBD8D45EDC149409E5ED2961CCAAFBFE374E08EEDC14940B23D31558EC8AFBF8B7232F5EBC149403B1B24BE2DD7AFBF335CA89CEBC1494032DE2944E0D8AFBFCDBD8D45EDC14940	11 New Road	E1 1JU	0	\N	New Road	11	\N	\N	\N	\N	\N	0	\N	0	0	0	0	0	0	0	\N
498	0106000020E6100000010000000103000000010000000800000017D4ACF48DC8AFBF2F802BF5EBC14940088D9D457CC2AFBF8392C133E5C14940F1BF7A0E87C4AFBF4470A1C7E4C14940BBA0C9144FDBAFBF89B3D202E5C14940CCC3BD339ADBAFBF7BB4FC70E7C14940C6783D9925D2AFBF817A0AAFE7C1494023BA94A94ED6AFBFA9E6E5A1EBC1494017D4ACF48DC8AFBF2F802BF5EBC14940	9 New Road	E1 1JU	0	\N	New Road	9	\N	\N	\N	\N	\N	0	\N	0	0	0	0	0	0	0	\N
499	0106000020E61000000100000001030000000100000005000000DCFD103F4BF4AFBF7F14FE06E8C149400BF646F4BFF4AFBF47CA8957E5C1494038F036950502B0BFE2657A8AE5C149408DDBA4E9DE01B0BF634E7A12E8C14940DCFD103F4BF4AFBF7F14FE06E8C14940	New Road	E1 1NL	0	\N	Commercial Road	\N	\N	\N	\N	\N	\N	0	\N	0	0	0	0	0	0	0	\N
500	0106000020E61000000100000001030000000100000009000000007108617F18B0BFA4B7FD22E8C14940A7F317877F18B0BF13BFF822E8C14940F38306704518B0BF77A60326E6C149407E8124BCF81CB0BFD591E046E6C149407162C5629A1FB0BFC4FE7571EBC149409A2CC4D5F11BB0BF437BDD71EBC149400218FEF1D418B0BF4D5351AFEAC14940FCC559B77F18B0BF74B1FF22E8C14940007108617F18B0BFA4B7FD22E8C14940	Cobra Food and Wine	E1 1NL	0	\N	Commercial Road	\N	\N	\N	\N	\N	\N	0	\N	0	0	0	0	0	0	0	\N
501	0106000020E6100000010000000103000000010000000500000009F7E521CB21B0BF32ED42B5EDC1494015D6E330761AB0BF91DA79D3EDC149401E830C4E4B1AB0BF2710E87AEBC1494081B30C29BB20B0BF9E35746FEBC1494009F7E521CB21B0BF32ED42B5EDC14940	Original Lahore Kebab House	E1 1NL	0	\N	Commercial Road	\N	\N	\N	\N	\N	\N	0	\N	0	0	0	0	0	0	0	\N
502	0106000020E61000000100000001030000000100000006000000482837AEBA0FB0BFE1129CEFE7C1494006E0C97BE60FB0BFBD117DEBE5C14940F38306704518B0BF77A60326E6C14940A7F317877F18B0BF13BFF822E8C14940007108617F18B0BFA4B7FD22E8C14940482837AEBA0FB0BFE1129CEFE7C14940	New Road	E1 1HL	0	\N	Commercial Road	\N	\N	\N	\N	\N	\N	0	\N	0	0	0	0	0	0	0	\N
503	0106000020E610000001000000010300000001000000050000006C630E66030AB0BF486E1DCEE7C149401C285CC02F0AB0BF124C8AC3E5C1494006E0C97BE60FB0BFBD117DEBE5C14940482837AEBA0FB0BFE1129CEFE7C149406C630E66030AB0BF486E1DCEE7C14940	New Road	E1 1HL	0	\N	Commercial Road	\N	\N	\N	\N	\N	\N	0	\N	0	0	0	0	0	0	0	\N
504	0106000020E610000001000000010300000001000000050000001C285CC02F0AB0BF124C8AC3E5C149406C630E66030AB0BF486E1DCEE7C1494003BFF1A3E501B0BF1A098E9EE7C149404304F5640502B0BF7873738AE5C149401C285CC02F0AB0BF124C8AC3E5C14940	New Road	E1 1HL	0	\N	Commercial Road	\N	\N	\N	\N	\N	\N	0	\N	0	0	0	0	0	0	0	\N
505	0106000020E610000001000000010300000001000000060000000BF646F4BFF4AFBF47CA8957E5C14940DCFD103F4BF4AFBF7F14FE06E8C14940C5DF4C28D4DBAFBF8E7ACDF4E7C1494029F46AB44EDBAFBFD5F2CB02E5C14940118D45B44EDBAFBF1BC1CB02E5C149400BF646F4BFF4AFBF47CA8957E5C14940	Eternity, 152 Commercial Road	E1 1NL	0	\N	Commercial Road	152	\N	\N	\N	\N	\N	0	\N	0	0	0	0	0	0	0	\N
506	0106000020E61000000100000001030000000100000007000000B55493A72F41B0BFDB028745E9C14940F9380F772F41B0BF035A7E45E9C14940EF3FA7976340B0BF8E95AF78E6C1494009BF98D7FF4AB0BF8A361D8FE6C14940F6F4BD8AC74AB0BFBD94CB26E9C149401ACF50A72F41B0BF624C8545E9C14940B55493A72F41B0BFDB028745E9C14940	Mirch Masala	E1 1NL	0	\N	Commercial Road	\N	\N	\N	\N	\N	\N	0	\N	0	0	0	0	0	0	0	\N
507	0106000020E610000001000000010300000001000000070000008DB0CEE0D331B0BFC9359B62E8C14940D8A8CFD02431B0BFADDD7558E6C149403E0BA88FF734B0BFD0BE8A60E6C14940C8F40F4B4836B0BFE2170CB5E9C1494035959BA83434B0BFA7272BB7E9C14940C57F87690634B0BF18AB7C4DE8C149408DB0CEE0D331B0BFC9359B62E8C14940	Layers Paris, 132 Commercial Road	E1 1NL	0	\N	Commercial Road	132	\N	\N	\N	\N	\N	0	\N	0	0	0	0	0	0	0	\N
508	0106000020E61000000100000001030000000100000009000000EF3FA7976340B0BF8E95AF78E6C14940F9380F772F41B0BF035A7E45E9C14940B55493A72F41B0BFDB028745E9C14940A25500F05D41B0BFDF8C9876EAC14940B2C67A4FB83BB0BF4BD894A0EAC149403B7AEB59993BB0BFD1C79DAFE9C14940C8F40F4B4836B0BFE2170CB5E9C149403E0BA88FF734B0BFD0BE8A60E6C14940EF3FA7976340B0BF8E95AF78E6C14940	Mirch Masala	E1 1NL	0	\N	Commercial Road	\N	\N	\N	\N	\N	\N	0	\N	0	0	0	0	0	0	0	\N
509	0106000020E6100000010000000103000000010000000700000049B3F6B5D22DB0BFD3CF1B89E8C149409C650B84D22DB0BF11421189E8C149403F2B072C732CB0BF97D2894EE6C14940D8A8CFD02431B0BFADDD7558E6C149408DB0CEE0D331B0BFC9359B62E8C149407D174DB4D22DB0BF73341889E8C1494049B3F6B5D22DB0BFD3CF1B89E8C14940	Dineshco, 134 Commercial Road	E1 1NL	0	\N	Commercial Road	134	\N	\N	\N	\N	\N	0	\N	0	0	0	0	0	0	0	\N
510	0106000020E6100000010000000103000000010000000A00000045E6AE396B2EB0BFC886248EE9C14940EA3DD8BC4E2EB0BFE5519296E9C14940CD303B8D322AB0BF8A1493C2E9C14940D80C8325E528B0BF519B33C1E6C14940B82125DE762AB0BF8A5D574AE6C149403F2B072C732CB0BF97D2894EE6C149409C650B84D22DB0BF11421189E8C1494049B3F6B5D22DB0BFD3CF1B89E8C14940CC477A514B2EB0BF915BC58EE9C1494045E6AE396B2EB0BFC886248EE9C14940	Original Lahore Kebab House	E1 1NL	0	\N	Commercial Road	\N	\N	\N	\N	\N	\N	0	\N	0	0	0	0	0	0	0	\N
511	0106000020E61000000100000001030000000100000007000000CD303B8D322AB0BF8A1493C2E9C14940EA3DD8BC4E2EB0BFE5519296E9C1494045E6AE396B2EB0BFC886248EE9C149407D4EA9C51631B0BF9807AF80E9C1494099B552C45831B0BFB2B3A6D6EAC14940BBAB3B04B32AB0BF4BD605EBEAC14940CD303B8D322AB0BF8A1493C2E9C14940	Dineshco, 134 Commercial Road	E1 1NL	0	\N	Commercial Road	134	\N	\N	\N	\N	\N	0	\N	0	0	0	0	0	0	0	\N
512	0106000020E6100000010000000103000000010000000500000089F8F6972CE6B1BF23C2112445C249405CFB26CEF9CDB1BFEE305C7747C249400CA49C1059CBB1BF24BB4FA844C24940CF8A7A7397E3B1BFBD14D44742C2494089F8F6972CE6B1BF23C2112445C24940	Green Dragon Yard	E1 6PU	0	\N	Old Montague Street	\N	\N	\N	\N	\N	\N	0	\N	0	0	0	0	0	0	0	\N
513	0106000020E61000000100000001030000000100000005000000F79A6327E5CBB1BF52CDB2DF47C249408A1590CCE0BAB1BF92F66AA149C2494060833792F0B7B1BF6CC9C4E546C24940AE881BB737C9B1BF536B613545C24940F79A6327E5CBB1BF52CDB2DF47C24940	Green Dragon Yard	E1 6TE	0	\N	Old Montague Street	\N	\N	\N	\N	\N	\N	0	\N	0	0	0	0	0	0	0	\N
514	0106000020E610000001000000010300000001000000060000000E1FEEBA20B8B1BF70B6B51247C2494011E9ED99E2BAB1BF9B6B2FA149C24940DD227F9010BBB1BFE7EE51CD49C24940F3C27D7A1DADB1BF0DB838374BC2494054C7139D43AAB1BF4F86627A48C249400E1FEEBA20B8B1BF70B6B51247C24940	Spelman House	E1	0	\N	\N	\N	\N	\N	\N	\N	\N	0	\N	0	0	0	0	0	0	0	\N
515	0106000020E61000000100000001030000000100000005000000A795C887A7AAB1BFEF0B9C484BC24940E467E8FA3985B1BF71131BB14FC24940D17915410782B1BFBE8C7C1B4DC2494029D8348959A7B1BF8FE0F79C48C24940A795C887A7AAB1BFEF0B9C484BC24940	Spelman House	E1	0	\N	\N	\N	\N	\N	\N	\N	\N	0	\N	0	0	0	0	0	0	0	\N
516	0106000020E610000001000000010300000001000000050000004358E874D6A6B1BF73D77DCF58C249402FFF33607E9EB1BF4FCD59BC59C249406A15C4243D9DB1BF395D316258C24940605E003995A5B1BF976D557557C249404358E874D6A6B1BF73D77DCF58C24940	Zara's Corner	E1 5JJ	0	\N	Spelman Street	\N	\N	\N	\N	\N	\N	0	\N	0	0	0	0	0	0	0	\N
517	0106000020E610000001000000010300000001000000050000002FFF33607E9EB1BF4FCD59BC59C249404358E874D6A6B1BF73D77DCF58C2494087BACDD7C6A7B1BF8E6887D259C249401ADD7F0E849FB1BFC02956D65AC249402FFF33607E9EB1BF4FCD59BC59C24940	Zara's Corner	E1 5JJ	0	\N	Spelman Street	\N	\N	\N	\N	\N	\N	0	\N	0	0	0	0	0	0	0	\N
518	0106000020E61000000100000001030000000100000005000000605E003995A5B1BF976D557557C249406A15C4243D9DB1BF395D316258C24940EDFF5EFB079CB1BFFEBC0A1557C249402D4E270F60A4B1BFE6D22E2856C24940605E003995A5B1BF976D557557C24940	Zara's Corner	E1 5JJ	0	\N	Spelman Street	\N	\N	\N	\N	\N	\N	0	\N	0	0	0	0	0	0	0	\N
519	0106000020E610000001000000010300000001000000050000002D4E270F60A4B1BFE6D22E2856C24940EDFF5EFB079CB1BFFEBC0A1557C249409007F700D29AB1BF0DE202C755C24940AE3555142AA3B1BF740827DA54C249402D4E270F60A4B1BFE6D22E2856C24940	Spelman House	E1	0	\N	\N	\N	\N	\N	\N	\N	\N	0	\N	0	0	0	0	0	0	0	\N
520	0106000020E61000000100000001030000000100000005000000AE3555142AA3B1BF740827DA54C249409007F700D29AB1BF0DE202C755C249401FE9A95EA099B1BFF76CA97D54C249402A489B71F8A1B1BF239FCD9053C24940AE3555142AA3B1BF740827DA54C24940	Spelman House	E1	0	\N	\N	\N	\N	\N	\N	\N	\N	0	\N	0	0	0	0	0	0	0	\N
521	0106000020E610000001000000010300000001000000050000002A489B71F8A1B1BF239FCD9053C249401FE9A95EA099B1BFF76CA97D54C249405AB52E005E98B1BF3F5C472253C24940BEB8AD12B6A0B1BF479B6B3552C249402A489B71F8A1B1BF239FCD9053C24940	Spelman House	E1	0	\N	\N	\N	\N	\N	\N	\N	\N	0	\N	0	0	0	0	0	0	0	\N
522	0106000020E61000000100000001030000000100000005000000BEB8AD12B6A0B1BF479B6B3552C249405AB52E005E98B1BF3F5C472253C2494057F491074D97B1BFD232DB0752C24940DAAF43D7A69FB1BF02D9241151C24940BEB8AD12B6A0B1BF479B6B3552C24940	Spelman House	E1	0	\N	\N	\N	\N	\N	\N	\N	\N	0	\N	0	0	0	0	0	0	0	\N
523	0106000020E610000001000000010300000001000000050000005BE27FAEC493B1BF2D522FE554C24940A5DA13555F91B1BF23B561AE52C249401A763A250895B1BFC2A95C5352C249405F86F1244697B1BF5331409254C249405BE27FAEC493B1BF2D522FE554C24940	17 Casson Street	E1	0	\N	Casson Street	17	\N	\N	\N	\N	\N	0	\N	0	0	0	0	0	0	0	\N
524	0106000020E61000000100000001030000000100000005000000A5DA13555F91B1BF23B561AE52C249405BE27FAEC493B1BF2D522FE554C24940653C62FF8990B1BF090D943155C24940B2963674538EB1BFCD5D27FA52C24940A5DA13555F91B1BF23B561AE52C24940	17 Casson Street	E1	0	\N	Casson Street	17	\N	\N	\N	\N	\N	0	\N	0	0	0	0	0	0	0	\N
525	0106000020E61000000100000001030000000100000007000000B1C62A6735A2B1BF7FA752215DC24940FF8C827D35A2B1BF21AC45215DC24940C690ECD59AA9B1BFD3B14B6F5CC24940332C2ED4D2AAB1BFCBE723D25DC24940CE20841670A3B1BF61ADE4865EC249402DC2C3AD35A2B1BF3C9D4C215DC24940B1C62A6735A2B1BF7FA752215DC24940	Zara's Corner	E1 5JJ	0	\N	Spelman Street	\N	\N	\N	\N	\N	\N	0	\N	0	0	0	0	0	0	0	\N
526	0106000020E61000000100000001030000000100000005000000CE20841670A3B1BF61ADE4865EC24940332C2ED4D2AAB1BFCBE723D25DC249401A0037A607ACB1BF8D5660315FC24940BD37CCBFC2A4B1BFAE06120860C24940CE20841670A3B1BF61ADE4865EC24940	Zara's Corner	E1 5LJ	0	\N	Spelman Street	\N	\N	\N	\N	\N	\N	0	\N	0	0	0	0	0	0	0	\N
527	0106000020E61000000100000001030000000100000007000000C690ECD59AA9B1BFD3B14B6F5CC24940FF8C827D35A2B1BF21AC45215DC24940B1C62A6735A2B1BF7FA752215DC249402B732FDF0397B1BF2AD17C165EC249408A02517F9895B1BFDDAE32795CC24940039E72903CA8B1BF555EEAE05AC24940C690ECD59AA9B1BFD3B14B6F5CC24940	Zara's Corner	E1 5JJ	0	\N	Spelman Street	\N	\N	\N	\N	\N	\N	0	\N	0	0	0	0	0	0	0	\N
528	0106000020E61000000100000001030000000100000005000000232AF6BBE39DB1BFF51F7AC660C24940B0BC62B4829BB1BF31BF9CB55EC24940A69E3CFADD9FB1BF3F92FA485EC249405B8BCB89E4A1B1BFE05F054F60C24940232AF6BBE39DB1BFF51F7AC660C24940	Zara's Corner	E1 5LJ	0	\N	Spelman Street	\N	\N	\N	\N	\N	\N	0	\N	0	0	0	0	0	0	0	\N
529	0106000020E61000000100000001030000000100000005000000B0BC62B4829BB1BF31BF9CB55EC24940232AF6BBE39DB1BFF51F7AC660C2494056575DB50C9AB1BFF12F103961C249400FD65B10E397B1BF422CF80F5FC24940B0BC62B4829BB1BF31BF9CB55EC24940	Zara's Corner	E1 5LJ	0	\N	Spelman Street	\N	\N	\N	\N	\N	\N	0	\N	0	0	0	0	0	0	0	\N
530	0106000020E61000000100000001030000000100000005000000DF29E71E7293B1BF7C7355E461C249402A0351CC5791B1BF35A55EB85FC2494096B3FF01CA94B1BF3F5CA3645FC249400BB69BB6A496B1BFF5A02D9661C24940DF29E71E7293B1BF7C7355E461C24940	25 Casson Street	E1	0	\N	Casson Street	25	\N	\N	\N	\N	\N	0	\N	0	0	0	0	0	0	0	\N
531	0106000020E610000001000000010300000001000000050000002A0351CC5791B1BF35A55EB85FC24940DF29E71E7293B1BF7C7355E461C2494044CDAFE7848FB1BF56AA4E4462C24940357F53ADAB8DB1BFA304991160C249402A0351CC5791B1BF35A55EB85FC24940	27 Casson Street	E1	0	\N	Casson Street	27	\N	\N	\N	\N	\N	0	\N	0	0	0	0	0	0	0	\N
532	0106000020E61000000100000001030000000100000005000000F9810C323F8BB1BF495A9B8A61C249404A22F5714D85B1BF41058C1862C24940213DFC962584B1BF1E4B20A960C249401245433FF489B1BF8394751E60C24940F9810C323F8BB1BF495A9B8A61C24940	27 Casson Street	E1	0	\N	Casson Street	27	\N	\N	\N	\N	\N	0	\N	0	0	0	0	0	0	0	\N
533	0106000020E610000001000000010300000001000000050000004A22F5714D85B1BF41058C1862C24940F9810C323F8BB1BF495A9B8A61C249406FF53364588CB1BFA2D002C062C249407B105C996686B1BF77CBB57563C249404A22F5714D85B1BF41058C1862C24940	27 Casson Street	E1	0	\N	Casson Street	27	\N	\N	\N	\N	\N	0	\N	0	0	0	0	0	0	0	\N
534	0106000020E610000001000000010300000001000000070000001245433FF489B1BF8394751E60C24940213DFC962584B1BF1E4B20A960C24940D07246ECEE82B1BFD9A14F275FC24940CD2A78A59E88B1BFF264C5A65EC249400620BEDF9E88B1BF168DCBA65EC24940148EB9D59E88B1BF0956CCA65EC249401245433FF489B1BF8394751E60C24940	25 Casson Street	E1	0	\N	Casson Street	25	\N	\N	\N	\N	\N	0	\N	0	0	0	0	0	0	0	\N
535	0106000020E610000001000000010300000001000000070000000620BEDF9E88B1BF168DCBA65EC24940CD2A78A59E88B1BFF264C5A65EC24940D07246ECEE82B1BFD9A14F275FC249405B4A2520D881B1BFE10E13CD5DC249405ADE92347289B1BF74593C215DC24940311BA5BA8C8AB1BF404E19805EC249400620BEDF9E88B1BF168DCBA65EC24940	23 Casson Street	E1	0	\N	Casson Street	23	\N	\N	\N	\N	\N	0	\N	0	0	0	0	0	0	0	\N
536	0106000020E610000001000000010300000001000000050000005ADE92347289B1BF74593C215DC249405B4A2520D881B1BFE10E13CD5DC249406C45CE1C7880B1BF586AE9175CC249408B43F4301288B1BF74BF126C5BC249405ADE92347289B1BF74593C215DC24940	21 Casson Street	E1	0	\N	Casson Street	21	\N	\N	\N	\N	\N	0	\N	0	0	0	0	0	0	0	\N
537	0106000020E610000001000000010300000001000000050000008B43F4301288B1BF74BF126C5BC249406C45CE1C7880B1BF586AE9175CC24940699659AD737FB1BFAB937AD45AC249406CE847C10D87B1BF35EDA3285AC249408B43F4301288B1BF74BF126C5BC24940	19 Casson Street	E1	0	\N	Casson Street	19	\N	\N	\N	\N	\N	0	\N	0	0	0	0	0	0	0	\N
538	0106000020E610000001000000010300000001000000050000006CE847C10D87B1BF35EDA3285AC24940699659AD737FB1BFAB937AD45AC2494063B0B6BB4D7EB1BF828D6E6759C24940667A62CFE785B1BF75E797BB58C249406CE847C10D87B1BF35EDA3285AC24940	17 Casson Street	E1	0	\N	Casson Street	17	\N	\N	\N	\N	\N	0	\N	0	0	0	0	0	0	0	\N
539	0106000020E61000000100000001030000000100000005000000667A62CFE785B1BF75E797BB58C2494063B0B6BB4D7EB1BF828D6E6759C249403EBDC1C01C7BB1BFB555D47055C24940B05F5C7CC582B1BF781232D754C24940667A62CFE785B1BF75E797BB58C24940	13 Casson Street	E1	0	\N	Casson Street	13	\N	\N	\N	\N	\N	0	\N	0	0	0	0	0	0	0	\N
540	0106000020E6100000010000000103000000010000000500000017E7EF7FDFF6B1BFFD60811055C24940C99468B38ADBB1BF0FB9B28F57C2494034B55A7DEDD8B1BF22F090EE54C2494036CA001520F4B1BF34C1FA4C52C2494017E7EF7FDFF6B1BFFD60811055C24940	Hudson Building, 11 Chicksand Street	E1	0	\N	Chicksand Street	11	\N	\N	\N	\N	\N	0	\N	0	0	0	0	0	0	0	\N
541	0106000020E610000001000000010300000001000000050000007EFE1D312401B2BF354EDBD34CC2494062076027C6F7B1BF2084C2BF4DC24940C04BBD3889F1B1BF6EF5985A47C24940DDB5BEA4EEFAB1BFA352467646C249407EFE1D312401B2BF354EDBD34CC24940	Open House Estates, 5 Old Montague Street	E1 6PU	0	\N	Old Montague Street	5	\N	\N	\N	\N	\N	0	\N	0	0	0	0	0	0	0	\N
542	0106000020E610000001000000010300000001000000050000000C7DE919EF0FB2BF5644A5E451C24940AB2ABCAF52F8B1BF6B1CB40D54C24940F95F0C97D5F5B1BFC6FF918D51C249401D58C7A3540DB2BFAA9B04474FC249400C7DE919EF0FB2BF5644A5E451C24940	Vibeca Apartments, 7 Chicksand Street	E1	0	\N	Chicksand Street	7	\N	\N	\N	\N	\N	0	\N	0	0	0	0	0	0	0	\N
543	0106000020E610000001000000010300000001000000050000005DCFC8CAB51CB2BFA6CFCF414FC249407E5E33B2E110B2BFACDCD45050C2494056C9A8BD800EB2BF86A0B6ED4DC2494031E3054B401AB2BF76F714CA4CC249405DCFC8CAB51CB2BFA6CFCF414FC24940	Best One, 20 Brick Lane	E1 6PU	0	\N	Brick Lane	20	\N	\N	\N	\N	\N	0	\N	0	0	0	0	0	0	0	\N
544	0106000020E61000000100000001030000000100000005000000ACCB00473E28B2BFB2A24D0B52C24940DC44623F5620B2BF79E9F9F852C249402581BA56DB1CB2BF4543A7674FC24940ACABC706EC24B2BFAF24ABA34EC24940ACCB00473E28B2BFB2A24D0B52C24940	Modern Saree Centre, 28 Brick Lane	E1 6PU	0	\N	Brick Lane	28	\N	\N	\N	\N	\N	0	\N	0	0	0	0	0	0	0	\N
545	0106000020E610000001000000010300000001000000050000009C3EF8B3FA33B2BF04FB049350C249407A3BFE01832BB2BF2CC4528251C249404173F82DAB27B2BF798E03D74DC249408ABB6A403430B2BF5B3A4EF84CC249409C3EF8B3FA33B2BF04FB049350C24940	Modern Saree Centre, 28 Brick Lane	E1 6PU	0	\N	Brick Lane	28	\N	\N	\N	\N	\N	0	\N	0	0	0	0	0	0	0	\N
546	0106000020E610000001000000010300000001000000050000000EEA94A1612FB2BF34EFB90D4DC24940604E54723827B2BF4851A9E24DC24940979435D6B621B2BF463EF45248C24940C9D4E78AEA29B2BF1E0DA78847C249400EEA94A1612FB2BF34EFB90D4DC24940	Best One, 20 Brick Lane	E1 6PU	0	\N	Brick Lane	20	\N	\N	\N	\N	\N	0	\N	0	0	0	0	0	0	0	\N
547	0106000020E6100000010000000103000000010000000500000043ADC4200429B2BFA0A5CE9E47C2494072682C8E5621B2BFAC6A2F5C48C2494085D287E5BE1DB2BFC2888FAD44C24940DEA8F0EE6E25B2BF2DA6B6F243C2494043ADC4200429B2BFA0A5CE9E47C24940	PBL Exchange (UK	E1 6PU	0	\N	Brick Lane	16	\N	\N	\N	\N	\N	0	\N	0	0	0	0	0	0	0	\N
548	0106000020E610000001000000010300000001000000050000006DD8BB99261DB2BFA233013048C249401677EC8A6D15B2BFE5FE4EFC48C24940E03C1B5AB611B2BF1D5DA76A45C24940E02D5D2E7319B2BF8414FAA144C249406DD8BB99261DB2BFA233013048C24940	PBL Exchange (UK	E1 6PU	0	\N	Brick Lane	16	\N	\N	\N	\N	\N	0	\N	0	0	0	0	0	0	0	\N
549	0106000020E6100000010000000103000000010000000C00000046E48A114C4DB3BFC7C33E721AC24940D50C33668945B3BF09BA7EE715C24940C7F97E0B3B41B3BF249FBE9E16C249405E23EB01E83FB3BF092BD4D115C24940321A2FA01F48B3BF4F7A1D7F14C24940FB25169DC850B3BF6D3B251A13C24940E1F670179F54B3BFE5BC1CAF12C249409AD75AC68A5CB3BF5130F4D917C24940ADFF4AA4F551B3BF5996A8C219C24940F243977FFD51B3BF78D1F8C619C249407D1CB9CAC64FB3BFECA526251AC2494046E48A114C4DB3BFC7C33E721AC24940	Merchant House	E1 7TD	0	\N	\N	\N	\N	\N	\N	\N	\N	\N	\N	\N	\N	\N	\N	\N	\N	\N	\N
550	0106000020E61000000100000001030000000100000009000000F71B87F99921B0BFAC13936F08C24940B54CE0E21521B0BF3D619DB905C24940AD9F4433C52AB0BF0F38F88D05C249403A21BBE58A2BB0BF03F7A45808C24940E90C1DEFAD28B0BFC1FEBF5F08C249402FA71815BE28B0BF1E5429BF08C2494086E01D52AB24B0BFC86DF1D108C24940F37497018F24B0BF330F236408C24940F71B87F99921B0BFAC13936F08C24940	Madani Girls School	E1 1HL	0	\N	Myrdle Street	\N	\N	\N	\N	\N	\N	\N	\N	\N	\N	\N	\N	\N	\N	\N	\N
551	0106000020E61000000100000001030000000100000009000000B54CE0E21521B0BF3D619DB905C24940F71B87F99921B0BFAC13936F08C24940D34269C5AB1EB0BF80AFE87A08C249409D63CE37BB1EB0BFE9A785EC08C249408191BAC9A81AB0BF1A7B64FB08C249407FCC6957991AB0BF5182C78908C249403954D7600518B0BF19F61D9608C24940EB50472C8217B0BF0928C6E405C24940B54CE0E21521B0BF3D619DB905C24940	Madani Girls School	E1 1HL	0	\N	Myrdle Street	\N	\N	\N	\N	\N	\N	\N	\N	\N	\N	\N	\N	\N	\N	\N	\N
552	0106000020E6100000010000000103000000010000000A000000DB50472C8217B0BF0928C6E405C249402754D7600518B0BF19F61D9608C2494056B72EAC7E15B0BF49F734A208C249402E9752C88E15B0BFD9BBFF0B09C249407DE124D16F11B0BF7AE4C31A09C249407F913D727811B0BFE03C17B508C24940052DEC2A460EB0BF56E6C6C808C24940B8CEA3CEC90DB0BFFEB9941006C24940D45287CEC90DB0BF831C941006C24940DB50472C8217B0BF0928C6E405C24940	Madani Girls School	E1 1HL	0		Myrdle Street	0			Madani Girls School			\N		\N	\N	\N	\N	False	False	True	
26	0106000020E6100000010000000103000000010000000E00000051195D88286DB1BFD9D26D7530C24940E4B56CCB7E5EB1BF2F6C3E2C33C249402BC5E86B055AB1BF355E96ED33C249407FB8AE082059B1BF7B954C7633C24940000000001255B1BF8BAF353A34C24940E939ED473456B1BF409655D034C24940E55FD200C240B1BF654A03B938C2494000000000CD3FB1BF4F624D3838C2494000000080CA3AB1BFBFA4521F39C249406DCF5EECFD3BB1BF4B5C72C439C249401338A7AF5025B1BFC6A2E6FF3DC24940758560C1C11DB1BF5375BF243AC249406A424D26CF64B1BFC37D99782CC2494051195D88286DB1BFD9D26D7530C24940	East London Works, 75 Whitechapel Road	E1 1DQ	0		Whitechapel Road	75				\N		0		0	0	0	0	True	True	True	
167	0106000020E61000000100000001030000000100000005000000EC852F446AE0B1BF0E88C88306C2494037F543C8A5DCB1BF5B81777607C24940E8AFD48D07D6B1BFD38E800205C2494085C7E35005DBB1BF63038D3504C24940EC852F446AE0B1BF0E88C88306C24940	Straits Times Kopitiam	E1 7QX	0		Whitechapel High Street	\N				\N		0		0	0	0	0	True	True	True	
433	0106000020E61000000100000001030000000100000013000000E1469F07B2B0B0BF8C6F83623FC249403D842C9212ADB0BF880986323DC24940CE8DCE3C9BB5B0BFAE5E5B173CC249408E6D695C40AAB0BFF84A4D453AC249404AF715A37CB0B0BF0BF36C7C36C2494023E15F9EE1A2B0BFB8AAFE4D34C249403F5965455BA2B0BF99C311E52DC2494040091B0AE6B0B0BFF41F68C72DC24940D461EB53D9B1B0BF7D58C5632EC249404A7D1342CFBFB0BFE75C96712EC24940CB8F188EC0C4B0BF2045F2D935C249409857554D39CEB0BFD12BAAA534C24940AA619AD68ECEB0BF207DE5F034C2494020935A41B9E3B0BFD9F917B23AC2494079AF2710BBE2B0BF2045CB4F3BC24940951332EC6ED9B0BF9F2319B43CC249409B773F4ED7D8B0BF8DC789513CC24940A6F9BB2E88B3B0BF8F26816841C24940E1469F07B2B0B0BF8C6F83623FC24940	East London Mosque	E1 1JG	1	uploads/features/433/east_london_mosque.png	Whitechapel Road	\N			East London Mosque	\N		0		0	0	0	0	True	True	True	
396	0106000020E61000000100000001030000000100000005000000B6E6C598D1C6B0BF63F33E1F2EC249405F53554D39CEB0BFCE2BAAA534C249401C97188EC0C4B0BF1545F2D935C2494055671342CFBFB0BFEE5C96712EC24940B6E6C598D1C6B0BF63F33E1F2EC24940	Fieldgate Street Great Synagogue, 41 Fieldgate Street, London	E1 1JG	0	uploads/features/396/fieldgate_st_synagogue.png	Whitechapel Road	41			Fieldgate Street Synagogue	\N		0		0	0	0	0	False	False	False	
156	0106000020E6100000010000000103000000010000001000000018A3E4664039B1BF11E626A62BC2494048830AD2092DB1BF42C16C212EC2494083A8E0DE4026B1BF04165F552BC2494076F62466A520B1BF56DBABEA29C249403E9BBD74C71AB1BFB7B32C6F28C24940B74C8DA57616B1BF839BC30326C2494005E756A0FF14B1BF497B362720C249408F12CDD66921B1BF18F0C6131EC249404D6CB0120D2BB1BFC66F17DB22C24940E89060602428B1BF6A2F416D23C24940C2E072E3002EB1BFFAB73D5526C2494059AB1FA89F2FB1BF2C6BD50326C24940FB8D036DB933B1BF4466540C28C24940B8FAEBEEEF31B1BF5DB7186528C24940487CD8650433B1BFC47C27D828C2494018A3E4664039B1BF11E626A62BC24940	Whitechapel Bell Foundry, 32-34 Whitechapel Road	E1 1EE	5	uploads/features/156/foundry.png	Whitechapel Road	32	uploads/features/156/P1150417-1_banner.png		Whitechapel Bell Foundry	\N		0		1760	0	0	0	True	True	True	
397	0106000020E610000001000000010300000001000000190000001F842C9212ADB0BF880986323DC24940FE469F07B2B0B0BF8C6F83623FC249408458FA1B42A9B0BF89C611953EC249406E59595AD3A2B0BFD3EF6CFE3DC24940AC20A037249DB0BFBAB4A8D43DC249401A36B5CC90A4B0BF95EAE10843C24940F4537F8E7498B0BFC31148B744C24940DD5B93972091B0BFF27B4E943FC2494094D13920268DB0BF204C0EB040C24940EA5B0A93E38AB0BF44629A5B42C24940C9B83EAECF89B0BF1DE0D9F643C2494042AD462EF18DB0BF536AAC5C43C249400853DCCECC91B0BF40D8C92044C249401DF40647E294B0BF6BCC07B245C24940B1551784BA88B0BF09AACC7A47C249402CA394A68879B0BFDDDB4A123CC24940DBB05080D488B0BFBE53C0163AC249407F95EDE12D87B0BF4DF972D938C24940D629FEA1C489B0BF2D1EAC6F38C24940964A3C401086B0BF45F3BE152EC249403CA7C40A2F9CB0BF2653D4C62CC2494051DB69A14F9DB0BFF0B6382236C2494000BFB05D1AA4B0BF2404CA4836C2494003B041A023A6B0BFCB16ECFD37C249401F842C9212ADB0BF880986323DC24940	Tower House, 81 Fieldgate Street	E1 1GU	1		Fieldgate Street	81		\N	\N	\N	\N	0	\N	0	0	0	0	0	0	0	\N
301	0106000020E610000001000000010300000001000000050000007CC584755A14B2BFD51DFA85D0C149401D2267F3B90AB2BF7773525DD2C1494092A7A4691200B2BF1A77969FCCC14940D15C02BC9409B2BF67DF8392CAC149407CC584755A14B2BFD51DFA85D0C14940	55 Alie Street	E1 8EN	2		Leman Street	0	uploads/features/301/P1150825.jpg		St George's German Lutheran Church	\N		0		1763	0	0	0	True	True	False	
389	0106000020E6100000010000000103000000010000001B00000089AC484500EAB1BF354A87B60CC2494029B3E3719CF5B1BFB3B40DE00AC24940EBB5F05E9CF5B1BF811F02E00AC24940AC84CB579DFFB1BF327BB02209C24940AA11AEDF8503B2BFCF6A16820BC249407169EF459404B2BF22649F010CC249407CD5918AA70DB2BF6B1D5ABB0AC249406216D9D2E10FB2BFBBA47A0C0CC24940B70712F2AE0EB2BFDC12E04E0CC2494019375B697C17B2BFA4E307B111C24940B8EFDEDB2A1CB2BFD94CB81111C249409F4E93FC631EB2BF254E026912C249403996EBE14417B2BF1D2A5D5413C24940A42033AAD418B2BF0DF1895814C24940BB473770AC0BB2BFD7DE26ED15C24940283D8E5B550AB2BF630C77E514C24940A2997227AF08B2BFAC04181815C24940AEE90495AE08B2BFDAC5710C16C2494030EE0E86A2F8B1BF83AC7EFD17C24940E92CE80164F7B1BF8F38C12C17C24940036D83E698F8B1BFDEDE3FFE16C249405DFCCD59CEF2B1BF939BE1F312C24940114D963CC0F5B1BF0CC5FD9C12C249402336F39DCBF0B1BF539E8F8B0FC249401CD732F72AEFB1BF8A70AACD0FC249400E79269DC8EEB1BF77F6E58A0FC2494089AC484500EAB1BF354A87B60CC24940	77-82 Whitechapel High Street	E1 7QX	1		Whitechapel High Street	77			Whitechapel Gallery	\N		0		0	0	0	0	True	True	True	
204	0106000020E610000001000000010300000001000000120000000B471DF854ADB0BF44A7E21411C24940FE3F7784798EB0BF6871A44B12C2494048FDE44A9D8AB0BF185F0D6811C24940D3971EE23D8AB0BF7C480F5210C2494015B80DE1808DB0BF7CFDA00D0FC249407E80560AF792B0BF0BB0F1DD0EC2494030B1C7C1D292B0BF7489CD680EC249407B2473C0AE90B0BF27D03F7B0DC249408EF4E924FF8CB0BF83686E9B0DC24940FAEB2C96798BB0BF1CE9D34309C24940B76EB856158EB0BFE9CC0D2D09C24940E1C67636DB8DB0BFEF07318708C249404613ACC3C2A9B0BF0E2D8D9307C2494011F6DECF13AAB0BF85EFCE7A08C24940E1D89E09DAAFB0BFEFCF634808C24940B1B256FFD8B0B0BF0451DE1F0BC24940A3D877714FABB0BFDBAF37500BC249400B471DF854ADB0BF44A7E21411C24940	Kobi Nazrul Primary School	E1 1JP	1		Greenfield Road	\N			Kobi Nazrul Primary School	\N		0		0	0	0	0	True	True	True	
553	0106000020E61000000100000001030000000100000009000000EEFFFFFF097BB1BFC40BA2951DC24940F4FFFFFF2D57B1BFA15A21310CC249400F0000005A94B1BFF941DEC403C24940E8FFFFFFE59EB1BF16AB13710AC24940E9FFFFFFBDA8B1BFE83D035D08C2494018000000A4B3B1BF6C9A25BD0CC249402300000014BCB1BF20AC19350BC24940120000003BC2B1BF7A2528110DC24940EEFFFFFF097BB1BFC40BA2951DC24940	Altab Ali Park, Whitechapel Road	E1	2	uploads/features/553/altab_ali_park.png	Whitechapel Road	\N			Altab Ali Park	\N		\N		1800	\N	\N	\N	False	False	False	
184	0106000020E6100000010000000103000000010000000600000085B3381ABCC0B0BF7B689C2B13C2494001E8B0A3BCBCB0BF9EABDDCA09C24940D97AA80E4CCDB0BFC1D0CD0A09C249402CC6457BADD1B0BF3FADBF7312C249408F0C78DF62CFB0BF366B93A212C2494085B3381ABCC0B0BF7B689C2B13C24940	Jacobs Court, 17 Plumbers Row	E1 1EE	2		Plumbers Row	17			Jacobs Court	\N		0		0	0	0	0	True	True	True	
\.


--
-- Data for Name: map_feature_categories; Type: TABLE DATA; Schema: public; Owner: whitechapel_geodjango
--

COPY map_feature_categories (id, feature_id, category_id) FROM stdin;
1	553	1
2	434	2
\.


--
-- Name: map_feature_categories_id_seq; Type: SEQUENCE SET; Schema: public; Owner: whitechapel_geodjango
--

SELECT pg_catalog.setval('map_feature_categories_id_seq', 2, true);


--
-- Name: map_feature_id_seq; Type: SEQUENCE SET; Schema: public; Owner: whitechapel_geodjango
--

SELECT pg_catalog.setval('map_feature_id_seq', 552, true);


--
-- Data for Name: map_image; Type: TABLE DATA; Schema: public; Owner: whitechapel_geodjango
--

COPY map_image (id, title, file, author_id, feature_id, pending, published, description, last_edited) FROM stdin;
5	Side entrance	uploads/features/None/P1150825.jpg	1	156	f	t	\N	\N
4	Big Image 3	uploads/features/None/P1150417-1_thumb.png	3	156	f	t	\N	\N
8	Altab Ali Park	uploads/features/None/altab_ali_park_2P42kkZ.png	1	156	f	t	<p><br></p>	2016-04-21
6	Not Actually Jacob's Court	uploads/features/None/foundry.png	1	184	f	t		2016-04-21
7	Cable Street Picture Palace	uploads/features/None/cable_street_picture_palace.png	1	156	f	t		2016-04-21
\.


--
-- Name: map_image_id_seq; Type: SEQUENCE SET; Schema: public; Owner: whitechapel_geodjango
--

SELECT pg_catalog.setval('map_image_id_seq', 8, true);


--
-- Data for Name: map_media; Type: TABLE DATA; Schema: public; Owner: whitechapel_geodjango
--

COPY map_media (id, title, description, url, published, pending, author_id, feature_id, last_edited) FROM stdin;
1	Redlof(b)	<p><br></p>	https://www.youtube.com/watch?v=EAKDde-VNeI	f	f	1	156	\N
2	Soundcloud test	<p><br></p>	https://soundcloud.com/blevebrown/payroll-feat-jimmy-2shoes	f	f	1	156	\N
3	History of Nintendo	<p>A brief description.<br></p>	https://vimeo.com/54596361	f	f	1	156	\N
4	Rachel Lichtenstein	<p>An interview with Rachel Lichtenstein about her research into the life of David Rodinsky, a man who lived above Princelet Street Synagogue and disappeared, leaving his room untouched for many years.<br></p>	https://youtu.be/ylNhs2kuyNY?list=PL9Ck_4Kypi9azkySL9ol-x8AbrUOqi1lv	t	f	1	396	2016-04-21
\.


--
-- Name: map_media_id_seq; Type: SEQUENCE SET; Schema: public; Owner: whitechapel_geodjango
--

SELECT pg_catalog.setval('map_media_id_seq', 4, true);


--
-- Data for Name: map_userprofile; Type: TABLE DATA; Schema: public; Owner: whitechapel_geodjango
--

COPY map_userprofile (id, display_name, user_id) FROM stdin;
1	Duncan Hay	1
2	Shlomit Flint	2
3	Survey of London	3
\.


--
-- Name: map_userprofile_id_seq; Type: SEQUENCE SET; Schema: public; Owner: whitechapel_geodjango
--

SELECT pg_catalog.setval('map_userprofile_id_seq', 3, true);


--
-- Data for Name: spatial_ref_sys; Type: TABLE DATA; Schema: public; Owner: postgres
--

COPY spatial_ref_sys  FROM stdin;
\.


--
-- Data for Name: taggit_tag; Type: TABLE DATA; Schema: public; Owner: whitechapel_geodjango
--

COPY taggit_tag (id, name, slug) FROM stdin;
1	Lutheran	lutheran
2	Church	church
3	Georgian	georgian
\.


--
-- Name: taggit_tag_id_seq; Type: SEQUENCE SET; Schema: public; Owner: whitechapel_geodjango
--

SELECT pg_catalog.setval('taggit_tag_id_seq', 3, true);


--
-- Data for Name: taggit_taggeditem; Type: TABLE DATA; Schema: public; Owner: whitechapel_geodjango
--

COPY taggit_taggeditem (id, object_id, content_type_id, tag_id) FROM stdin;
1	301	8	1
2	301	8	2
17	156	8	3
\.


--
-- Name: taggit_taggeditem_id_seq; Type: SEQUENCE SET; Schema: public; Owner: whitechapel_geodjango
--

SELECT pg_catalog.setval('taggit_taggeditem_id_seq', 17, true);


--
-- Data for Name: whitechapel_pages_page; Type: TABLE DATA; Schema: public; Owner: whitechapel_geodjango
--

COPY whitechapel_pages_page (id, title, body, is_front_page, banner_image) FROM stdin;
1	Telling the Histories of Whitechapel	<p>This website about the history of Whitechapel&#39;s buildings and places is being built collaboratively by the Survey of London and you, the reading public. We welcome information, reminiscences, images and media about Whitechapel&#39;s buildings and life, past and present.</p>\r\n\r\n<p>If you&#39;d like to contribute, you can sign up and start adding content <a href="#">here.</a></p>\r\n	t	./26617_018.png
\.


--
-- Data for Name: whitechapel_pages_page_documents; Type: TABLE DATA; Schema: public; Owner: whitechapel_geodjango
--

COPY whitechapel_pages_page_documents (id, page_id, document_id) FROM stdin;
36	1	32
37	1	36
38	1	22
\.


--
-- Name: whitechapel_pages_page_documents_id_seq; Type: SEQUENCE SET; Schema: public; Owner: whitechapel_geodjango
--

SELECT pg_catalog.setval('whitechapel_pages_page_documents_id_seq', 38, true);


--
-- Data for Name: whitechapel_pages_page_features; Type: TABLE DATA; Schema: public; Owner: whitechapel_geodjango
--

COPY whitechapel_pages_page_features (id, page_id, feature_id) FROM stdin;
78	1	156
79	1	396
80	1	433
81	1	553
\.


--
-- Name: whitechapel_pages_page_features_id_seq; Type: SEQUENCE SET; Schema: public; Owner: whitechapel_geodjango
--

SELECT pg_catalog.setval('whitechapel_pages_page_features_id_seq', 81, true);


--
-- Name: whitechapel_pages_page_id_seq; Type: SEQUENCE SET; Schema: public; Owner: whitechapel_geodjango
--

SELECT pg_catalog.setval('whitechapel_pages_page_id_seq', 1, true);


--
-- Data for Name: whitechapel_pages_page_images; Type: TABLE DATA; Schema: public; Owner: whitechapel_geodjango
--

COPY whitechapel_pages_page_images (id, page_id, image_id) FROM stdin;
46	1	8
47	1	4
48	1	5
49	1	6
50	1	7
\.


--
-- Name: whitechapel_pages_page_images_id_seq; Type: SEQUENCE SET; Schema: public; Owner: whitechapel_geodjango
--

SELECT pg_catalog.setval('whitechapel_pages_page_images_id_seq', 50, true);


--
-- Data for Name: whitechapel_pages_page_media; Type: TABLE DATA; Schema: public; Owner: whitechapel_geodjango
--

COPY whitechapel_pages_page_media (id, page_id, media_id) FROM stdin;
3	1	4
\.


--
-- Name: whitechapel_pages_page_media_id_seq; Type: SEQUENCE SET; Schema: public; Owner: whitechapel_geodjango
--

SELECT pg_catalog.setval('whitechapel_pages_page_media_id_seq', 3, true);


--
-- Name: auth_group_name_key; Type: CONSTRAINT; Schema: public; Owner: whitechapel_geodjango; Tablespace: 
--

ALTER TABLE ONLY auth_group
    ADD CONSTRAINT auth_group_name_key UNIQUE (name);


--
-- Name: auth_group_permissions_group_id_permission_id_key; Type: CONSTRAINT; Schema: public; Owner: whitechapel_geodjango; Tablespace: 
--

ALTER TABLE ONLY auth_group_permissions
    ADD CONSTRAINT auth_group_permissions_group_id_permission_id_key UNIQUE (group_id, permission_id);


--
-- Name: auth_group_permissions_pkey; Type: CONSTRAINT; Schema: public; Owner: whitechapel_geodjango; Tablespace: 
--

ALTER TABLE ONLY auth_group_permissions
    ADD CONSTRAINT auth_group_permissions_pkey PRIMARY KEY (id);


--
-- Name: auth_group_pkey; Type: CONSTRAINT; Schema: public; Owner: whitechapel_geodjango; Tablespace: 
--

ALTER TABLE ONLY auth_group
    ADD CONSTRAINT auth_group_pkey PRIMARY KEY (id);


--
-- Name: auth_permission_content_type_id_codename_key; Type: CONSTRAINT; Schema: public; Owner: whitechapel_geodjango; Tablespace: 
--

ALTER TABLE ONLY auth_permission
    ADD CONSTRAINT auth_permission_content_type_id_codename_key UNIQUE (content_type_id, codename);


--
-- Name: auth_permission_pkey; Type: CONSTRAINT; Schema: public; Owner: whitechapel_geodjango; Tablespace: 
--

ALTER TABLE ONLY auth_permission
    ADD CONSTRAINT auth_permission_pkey PRIMARY KEY (id);


--
-- Name: auth_user_groups_pkey; Type: CONSTRAINT; Schema: public; Owner: whitechapel_geodjango; Tablespace: 
--

ALTER TABLE ONLY auth_user_groups
    ADD CONSTRAINT auth_user_groups_pkey PRIMARY KEY (id);


--
-- Name: auth_user_groups_user_id_group_id_key; Type: CONSTRAINT; Schema: public; Owner: whitechapel_geodjango; Tablespace: 
--

ALTER TABLE ONLY auth_user_groups
    ADD CONSTRAINT auth_user_groups_user_id_group_id_key UNIQUE (user_id, group_id);


--
-- Name: auth_user_pkey; Type: CONSTRAINT; Schema: public; Owner: whitechapel_geodjango; Tablespace: 
--

ALTER TABLE ONLY auth_user
    ADD CONSTRAINT auth_user_pkey PRIMARY KEY (id);


--
-- Name: auth_user_user_permissions_pkey; Type: CONSTRAINT; Schema: public; Owner: whitechapel_geodjango; Tablespace: 
--

ALTER TABLE ONLY auth_user_user_permissions
    ADD CONSTRAINT auth_user_user_permissions_pkey PRIMARY KEY (id);


--
-- Name: auth_user_user_permissions_user_id_permission_id_key; Type: CONSTRAINT; Schema: public; Owner: whitechapel_geodjango; Tablespace: 
--

ALTER TABLE ONLY auth_user_user_permissions
    ADD CONSTRAINT auth_user_user_permissions_user_id_permission_id_key UNIQUE (user_id, permission_id);


--
-- Name: auth_user_username_key; Type: CONSTRAINT; Schema: public; Owner: whitechapel_geodjango; Tablespace: 
--

ALTER TABLE ONLY auth_user
    ADD CONSTRAINT auth_user_username_key UNIQUE (username);


--
-- Name: django_admin_log_pkey; Type: CONSTRAINT; Schema: public; Owner: whitechapel_geodjango; Tablespace: 
--

ALTER TABLE ONLY django_admin_log
    ADD CONSTRAINT django_admin_log_pkey PRIMARY KEY (id);


--
-- Name: django_content_type_app_label_45f3b1d93ec8c61c_uniq; Type: CONSTRAINT; Schema: public; Owner: whitechapel_geodjango; Tablespace: 
--

ALTER TABLE ONLY django_content_type
    ADD CONSTRAINT django_content_type_app_label_45f3b1d93ec8c61c_uniq UNIQUE (app_label, model);


--
-- Name: django_content_type_pkey; Type: CONSTRAINT; Schema: public; Owner: whitechapel_geodjango; Tablespace: 
--

ALTER TABLE ONLY django_content_type
    ADD CONSTRAINT django_content_type_pkey PRIMARY KEY (id);


--
-- Name: django_migrations_pkey; Type: CONSTRAINT; Schema: public; Owner: whitechapel_geodjango; Tablespace: 
--

ALTER TABLE ONLY django_migrations
    ADD CONSTRAINT django_migrations_pkey PRIMARY KEY (id);


--
-- Name: django_session_pkey; Type: CONSTRAINT; Schema: public; Owner: whitechapel_geodjango; Tablespace: 
--

ALTER TABLE ONLY django_session
    ADD CONSTRAINT django_session_pkey PRIMARY KEY (session_key);


--
-- Name: easy_thumbnails_source_pkey; Type: CONSTRAINT; Schema: public; Owner: whitechapel_geodjango; Tablespace: 
--

ALTER TABLE ONLY easy_thumbnails_source
    ADD CONSTRAINT easy_thumbnails_source_pkey PRIMARY KEY (id);


--
-- Name: easy_thumbnails_source_storage_hash_40116450c1e4f2ed_uniq; Type: CONSTRAINT; Schema: public; Owner: whitechapel_geodjango; Tablespace: 
--

ALTER TABLE ONLY easy_thumbnails_source
    ADD CONSTRAINT easy_thumbnails_source_storage_hash_40116450c1e4f2ed_uniq UNIQUE (storage_hash, name);


--
-- Name: easy_thumbnails_thumbnail_pkey; Type: CONSTRAINT; Schema: public; Owner: whitechapel_geodjango; Tablespace: 
--

ALTER TABLE ONLY easy_thumbnails_thumbnail
    ADD CONSTRAINT easy_thumbnails_thumbnail_pkey PRIMARY KEY (id);


--
-- Name: easy_thumbnails_thumbnail_storage_hash_66cc758d07ef9fce_uniq; Type: CONSTRAINT; Schema: public; Owner: whitechapel_geodjango; Tablespace: 
--

ALTER TABLE ONLY easy_thumbnails_thumbnail
    ADD CONSTRAINT easy_thumbnails_thumbnail_storage_hash_66cc758d07ef9fce_uniq UNIQUE (storage_hash, name, source_id);


--
-- Name: easy_thumbnails_thumbnaildimensions_pkey; Type: CONSTRAINT; Schema: public; Owner: whitechapel_geodjango; Tablespace: 
--

ALTER TABLE ONLY easy_thumbnails_thumbnaildimensions
    ADD CONSTRAINT easy_thumbnails_thumbnaildimensions_pkey PRIMARY KEY (id);


--
-- Name: easy_thumbnails_thumbnaildimensions_thumbnail_id_key; Type: CONSTRAINT; Schema: public; Owner: whitechapel_geodjango; Tablespace: 
--

ALTER TABLE ONLY easy_thumbnails_thumbnaildimensions
    ADD CONSTRAINT easy_thumbnails_thumbnaildimensions_thumbnail_id_key UNIQUE (thumbnail_id);


--
-- Name: map_category_pkey; Type: CONSTRAINT; Schema: public; Owner: whitechapel_geodjango; Tablespace: 
--

ALTER TABLE ONLY map_category
    ADD CONSTRAINT map_category_pkey PRIMARY KEY (id);


--
-- Name: map_document_pkey; Type: CONSTRAINT; Schema: public; Owner: whitechapel_geodjango; Tablespace: 
--

ALTER TABLE ONLY map_document
    ADD CONSTRAINT map_document_pkey PRIMARY KEY (id);


--
-- Name: map_documenttype_pkey; Type: CONSTRAINT; Schema: public; Owner: whitechapel_geodjango; Tablespace: 
--

ALTER TABLE ONLY map_documenttype
    ADD CONSTRAINT map_documenttype_pkey PRIMARY KEY (id);


--
-- Name: map_feature_categories_feature_id_category_id_key; Type: CONSTRAINT; Schema: public; Owner: whitechapel_geodjango; Tablespace: 
--

ALTER TABLE ONLY map_feature_categories
    ADD CONSTRAINT map_feature_categories_feature_id_category_id_key UNIQUE (feature_id, category_id);


--
-- Name: map_feature_categories_pkey; Type: CONSTRAINT; Schema: public; Owner: whitechapel_geodjango; Tablespace: 
--

ALTER TABLE ONLY map_feature_categories
    ADD CONSTRAINT map_feature_categories_pkey PRIMARY KEY (id);


--
-- Name: map_feature_pkey; Type: CONSTRAINT; Schema: public; Owner: whitechapel_geodjango; Tablespace: 
--

ALTER TABLE ONLY map_feature
    ADD CONSTRAINT map_feature_pkey PRIMARY KEY (id);


--
-- Name: map_image_pkey; Type: CONSTRAINT; Schema: public; Owner: whitechapel_geodjango; Tablespace: 
--

ALTER TABLE ONLY map_image
    ADD CONSTRAINT map_image_pkey PRIMARY KEY (id);


--
-- Name: map_media_pkey; Type: CONSTRAINT; Schema: public; Owner: whitechapel_geodjango; Tablespace: 
--

ALTER TABLE ONLY map_media
    ADD CONSTRAINT map_media_pkey PRIMARY KEY (id);


--
-- Name: map_userprofile_pkey; Type: CONSTRAINT; Schema: public; Owner: whitechapel_geodjango; Tablespace: 
--

ALTER TABLE ONLY map_userprofile
    ADD CONSTRAINT map_userprofile_pkey PRIMARY KEY (id);


--
-- Name: map_userprofile_user_id_key; Type: CONSTRAINT; Schema: public; Owner: whitechapel_geodjango; Tablespace: 
--

ALTER TABLE ONLY map_userprofile
    ADD CONSTRAINT map_userprofile_user_id_key UNIQUE (user_id);


--
-- Name: taggit_tag_name_key; Type: CONSTRAINT; Schema: public; Owner: whitechapel_geodjango; Tablespace: 
--

ALTER TABLE ONLY taggit_tag
    ADD CONSTRAINT taggit_tag_name_key UNIQUE (name);


--
-- Name: taggit_tag_pkey; Type: CONSTRAINT; Schema: public; Owner: whitechapel_geodjango; Tablespace: 
--

ALTER TABLE ONLY taggit_tag
    ADD CONSTRAINT taggit_tag_pkey PRIMARY KEY (id);


--
-- Name: taggit_tag_slug_key; Type: CONSTRAINT; Schema: public; Owner: whitechapel_geodjango; Tablespace: 
--

ALTER TABLE ONLY taggit_tag
    ADD CONSTRAINT taggit_tag_slug_key UNIQUE (slug);


--
-- Name: taggit_taggeditem_pkey; Type: CONSTRAINT; Schema: public; Owner: whitechapel_geodjango; Tablespace: 
--

ALTER TABLE ONLY taggit_taggeditem
    ADD CONSTRAINT taggit_taggeditem_pkey PRIMARY KEY (id);


--
-- Name: whitechapel_pages_page_documents_page_id_document_id_key; Type: CONSTRAINT; Schema: public; Owner: whitechapel_geodjango; Tablespace: 
--

ALTER TABLE ONLY whitechapel_pages_page_documents
    ADD CONSTRAINT whitechapel_pages_page_documents_page_id_document_id_key UNIQUE (page_id, document_id);


--
-- Name: whitechapel_pages_page_documents_pkey; Type: CONSTRAINT; Schema: public; Owner: whitechapel_geodjango; Tablespace: 
--

ALTER TABLE ONLY whitechapel_pages_page_documents
    ADD CONSTRAINT whitechapel_pages_page_documents_pkey PRIMARY KEY (id);


--
-- Name: whitechapel_pages_page_features_page_id_feature_id_key; Type: CONSTRAINT; Schema: public; Owner: whitechapel_geodjango; Tablespace: 
--

ALTER TABLE ONLY whitechapel_pages_page_features
    ADD CONSTRAINT whitechapel_pages_page_features_page_id_feature_id_key UNIQUE (page_id, feature_id);


--
-- Name: whitechapel_pages_page_features_pkey; Type: CONSTRAINT; Schema: public; Owner: whitechapel_geodjango; Tablespace: 
--

ALTER TABLE ONLY whitechapel_pages_page_features
    ADD CONSTRAINT whitechapel_pages_page_features_pkey PRIMARY KEY (id);


--
-- Name: whitechapel_pages_page_images_page_id_image_id_key; Type: CONSTRAINT; Schema: public; Owner: whitechapel_geodjango; Tablespace: 
--

ALTER TABLE ONLY whitechapel_pages_page_images
    ADD CONSTRAINT whitechapel_pages_page_images_page_id_image_id_key UNIQUE (page_id, image_id);


--
-- Name: whitechapel_pages_page_images_pkey; Type: CONSTRAINT; Schema: public; Owner: whitechapel_geodjango; Tablespace: 
--

ALTER TABLE ONLY whitechapel_pages_page_images
    ADD CONSTRAINT whitechapel_pages_page_images_pkey PRIMARY KEY (id);


--
-- Name: whitechapel_pages_page_media_page_id_media_id_key; Type: CONSTRAINT; Schema: public; Owner: whitechapel_geodjango; Tablespace: 
--

ALTER TABLE ONLY whitechapel_pages_page_media
    ADD CONSTRAINT whitechapel_pages_page_media_page_id_media_id_key UNIQUE (page_id, media_id);


--
-- Name: whitechapel_pages_page_media_pkey; Type: CONSTRAINT; Schema: public; Owner: whitechapel_geodjango; Tablespace: 
--

ALTER TABLE ONLY whitechapel_pages_page_media
    ADD CONSTRAINT whitechapel_pages_page_media_pkey PRIMARY KEY (id);


--
-- Name: whitechapel_pages_page_pkey; Type: CONSTRAINT; Schema: public; Owner: whitechapel_geodjango; Tablespace: 
--

ALTER TABLE ONLY whitechapel_pages_page
    ADD CONSTRAINT whitechapel_pages_page_pkey PRIMARY KEY (id);


--
-- Name: auth_group_name_253ae2a6331666e8_like; Type: INDEX; Schema: public; Owner: whitechapel_geodjango; Tablespace: 
--

CREATE INDEX auth_group_name_253ae2a6331666e8_like ON auth_group USING btree (name varchar_pattern_ops);


--
-- Name: auth_group_permissions_0e939a4f; Type: INDEX; Schema: public; Owner: whitechapel_geodjango; Tablespace: 
--

CREATE INDEX auth_group_permissions_0e939a4f ON auth_group_permissions USING btree (group_id);


--
-- Name: auth_group_permissions_8373b171; Type: INDEX; Schema: public; Owner: whitechapel_geodjango; Tablespace: 
--

CREATE INDEX auth_group_permissions_8373b171 ON auth_group_permissions USING btree (permission_id);


--
-- Name: auth_permission_417f1b1c; Type: INDEX; Schema: public; Owner: whitechapel_geodjango; Tablespace: 
--

CREATE INDEX auth_permission_417f1b1c ON auth_permission USING btree (content_type_id);


--
-- Name: auth_user_groups_0e939a4f; Type: INDEX; Schema: public; Owner: whitechapel_geodjango; Tablespace: 
--

CREATE INDEX auth_user_groups_0e939a4f ON auth_user_groups USING btree (group_id);


--
-- Name: auth_user_groups_e8701ad4; Type: INDEX; Schema: public; Owner: whitechapel_geodjango; Tablespace: 
--

CREATE INDEX auth_user_groups_e8701ad4 ON auth_user_groups USING btree (user_id);


--
-- Name: auth_user_user_permissions_8373b171; Type: INDEX; Schema: public; Owner: whitechapel_geodjango; Tablespace: 
--

CREATE INDEX auth_user_user_permissions_8373b171 ON auth_user_user_permissions USING btree (permission_id);


--
-- Name: auth_user_user_permissions_e8701ad4; Type: INDEX; Schema: public; Owner: whitechapel_geodjango; Tablespace: 
--

CREATE INDEX auth_user_user_permissions_e8701ad4 ON auth_user_user_permissions USING btree (user_id);


--
-- Name: auth_user_username_51b3b110094b8aae_like; Type: INDEX; Schema: public; Owner: whitechapel_geodjango; Tablespace: 
--

CREATE INDEX auth_user_username_51b3b110094b8aae_like ON auth_user USING btree (username varchar_pattern_ops);


--
-- Name: django_admin_log_417f1b1c; Type: INDEX; Schema: public; Owner: whitechapel_geodjango; Tablespace: 
--

CREATE INDEX django_admin_log_417f1b1c ON django_admin_log USING btree (content_type_id);


--
-- Name: django_admin_log_e8701ad4; Type: INDEX; Schema: public; Owner: whitechapel_geodjango; Tablespace: 
--

CREATE INDEX django_admin_log_e8701ad4 ON django_admin_log USING btree (user_id);


--
-- Name: django_session_de54fa62; Type: INDEX; Schema: public; Owner: whitechapel_geodjango; Tablespace: 
--

CREATE INDEX django_session_de54fa62 ON django_session USING btree (expire_date);


--
-- Name: django_session_session_key_461cfeaa630ca218_like; Type: INDEX; Schema: public; Owner: whitechapel_geodjango; Tablespace: 
--

CREATE INDEX django_session_session_key_461cfeaa630ca218_like ON django_session USING btree (session_key varchar_pattern_ops);


--
-- Name: easy_thumbnails_source_b068931c; Type: INDEX; Schema: public; Owner: whitechapel_geodjango; Tablespace: 
--

CREATE INDEX easy_thumbnails_source_b068931c ON easy_thumbnails_source USING btree (name);


--
-- Name: easy_thumbnails_source_b454e115; Type: INDEX; Schema: public; Owner: whitechapel_geodjango; Tablespace: 
--

CREATE INDEX easy_thumbnails_source_b454e115 ON easy_thumbnails_source USING btree (storage_hash);


--
-- Name: easy_thumbnails_source_name_30f1630fdb723040_like; Type: INDEX; Schema: public; Owner: whitechapel_geodjango; Tablespace: 
--

CREATE INDEX easy_thumbnails_source_name_30f1630fdb723040_like ON easy_thumbnails_source USING btree (name varchar_pattern_ops);


--
-- Name: easy_thumbnails_source_storage_hash_67630ca484c5f723_like; Type: INDEX; Schema: public; Owner: whitechapel_geodjango; Tablespace: 
--

CREATE INDEX easy_thumbnails_source_storage_hash_67630ca484c5f723_like ON easy_thumbnails_source USING btree (storage_hash varchar_pattern_ops);


--
-- Name: easy_thumbnails_thumbnail_0afd9202; Type: INDEX; Schema: public; Owner: whitechapel_geodjango; Tablespace: 
--

CREATE INDEX easy_thumbnails_thumbnail_0afd9202 ON easy_thumbnails_thumbnail USING btree (source_id);


--
-- Name: easy_thumbnails_thumbnail_b068931c; Type: INDEX; Schema: public; Owner: whitechapel_geodjango; Tablespace: 
--

CREATE INDEX easy_thumbnails_thumbnail_b068931c ON easy_thumbnails_thumbnail USING btree (name);


--
-- Name: easy_thumbnails_thumbnail_b454e115; Type: INDEX; Schema: public; Owner: whitechapel_geodjango; Tablespace: 
--

CREATE INDEX easy_thumbnails_thumbnail_b454e115 ON easy_thumbnails_thumbnail USING btree (storage_hash);


--
-- Name: easy_thumbnails_thumbnail_name_6faf8e189302c6aa_like; Type: INDEX; Schema: public; Owner: whitechapel_geodjango; Tablespace: 
--

CREATE INDEX easy_thumbnails_thumbnail_name_6faf8e189302c6aa_like ON easy_thumbnails_thumbnail USING btree (name varchar_pattern_ops);


--
-- Name: easy_thumbnails_thumbnail_storage_hash_31873c4cca5ed053_like; Type: INDEX; Schema: public; Owner: whitechapel_geodjango; Tablespace: 
--

CREATE INDEX easy_thumbnails_thumbnail_storage_hash_31873c4cca5ed053_like ON easy_thumbnails_thumbnail USING btree (storage_hash varchar_pattern_ops);


--
-- Name: map_document_4f331e2f; Type: INDEX; Schema: public; Owner: whitechapel_geodjango; Tablespace: 
--

CREATE INDEX map_document_4f331e2f ON map_document USING btree (author_id);


--
-- Name: map_document_966f1d8b; Type: INDEX; Schema: public; Owner: whitechapel_geodjango; Tablespace: 
--

CREATE INDEX map_document_966f1d8b ON map_document USING btree (feature_id);


--
-- Name: map_document_bd49ca7f; Type: INDEX; Schema: public; Owner: whitechapel_geodjango; Tablespace: 
--

CREATE INDEX map_document_bd49ca7f ON map_document USING btree (document_type_id);


--
-- Name: map_feature_categories_86d175dd; Type: INDEX; Schema: public; Owner: whitechapel_geodjango; Tablespace: 
--

CREATE INDEX map_feature_categories_86d175dd ON map_feature_categories USING btree (feature_id);


--
-- Name: map_feature_categories_b583a629; Type: INDEX; Schema: public; Owner: whitechapel_geodjango; Tablespace: 
--

CREATE INDEX map_feature_categories_b583a629 ON map_feature_categories USING btree (category_id);


--
-- Name: map_image_4f331e2f; Type: INDEX; Schema: public; Owner: whitechapel_geodjango; Tablespace: 
--

CREATE INDEX map_image_4f331e2f ON map_image USING btree (author_id);


--
-- Name: map_image_86d175dd; Type: INDEX; Schema: public; Owner: whitechapel_geodjango; Tablespace: 
--

CREATE INDEX map_image_86d175dd ON map_image USING btree (feature_id);


--
-- Name: map_media_4f331e2f; Type: INDEX; Schema: public; Owner: whitechapel_geodjango; Tablespace: 
--

CREATE INDEX map_media_4f331e2f ON map_media USING btree (author_id);


--
-- Name: map_media_86d175dd; Type: INDEX; Schema: public; Owner: whitechapel_geodjango; Tablespace: 
--

CREATE INDEX map_media_86d175dd ON map_media USING btree (feature_id);


--
-- Name: taggit_tag_name_4ed9aad194b72af1_like; Type: INDEX; Schema: public; Owner: whitechapel_geodjango; Tablespace: 
--

CREATE INDEX taggit_tag_name_4ed9aad194b72af1_like ON taggit_tag USING btree (name varchar_pattern_ops);


--
-- Name: taggit_tag_slug_703438030cd922a7_like; Type: INDEX; Schema: public; Owner: whitechapel_geodjango; Tablespace: 
--

CREATE INDEX taggit_tag_slug_703438030cd922a7_like ON taggit_tag USING btree (slug varchar_pattern_ops);


--
-- Name: taggit_taggeditem_417f1b1c; Type: INDEX; Schema: public; Owner: whitechapel_geodjango; Tablespace: 
--

CREATE INDEX taggit_taggeditem_417f1b1c ON taggit_taggeditem USING btree (content_type_id);


--
-- Name: taggit_taggeditem_76f094bc; Type: INDEX; Schema: public; Owner: whitechapel_geodjango; Tablespace: 
--

CREATE INDEX taggit_taggeditem_76f094bc ON taggit_taggeditem USING btree (tag_id);


--
-- Name: taggit_taggeditem_af31437c; Type: INDEX; Schema: public; Owner: whitechapel_geodjango; Tablespace: 
--

CREATE INDEX taggit_taggeditem_af31437c ON taggit_taggeditem USING btree (object_id);


--
-- Name: taggit_taggeditem_content_type_id_3c99b32018cc9d40_idx; Type: INDEX; Schema: public; Owner: whitechapel_geodjango; Tablespace: 
--

CREATE INDEX taggit_taggeditem_content_type_id_3c99b32018cc9d40_idx ON taggit_taggeditem USING btree (content_type_id, object_id);


--
-- Name: whitechapel_pages_page_documents_1a63c800; Type: INDEX; Schema: public; Owner: whitechapel_geodjango; Tablespace: 
--

CREATE INDEX whitechapel_pages_page_documents_1a63c800 ON whitechapel_pages_page_documents USING btree (page_id);


--
-- Name: whitechapel_pages_page_documents_e7fafc10; Type: INDEX; Schema: public; Owner: whitechapel_geodjango; Tablespace: 
--

CREATE INDEX whitechapel_pages_page_documents_e7fafc10 ON whitechapel_pages_page_documents USING btree (document_id);


--
-- Name: whitechapel_pages_page_features_1a63c800; Type: INDEX; Schema: public; Owner: whitechapel_geodjango; Tablespace: 
--

CREATE INDEX whitechapel_pages_page_features_1a63c800 ON whitechapel_pages_page_features USING btree (page_id);


--
-- Name: whitechapel_pages_page_features_86d175dd; Type: INDEX; Schema: public; Owner: whitechapel_geodjango; Tablespace: 
--

CREATE INDEX whitechapel_pages_page_features_86d175dd ON whitechapel_pages_page_features USING btree (feature_id);


--
-- Name: whitechapel_pages_page_images_1a63c800; Type: INDEX; Schema: public; Owner: whitechapel_geodjango; Tablespace: 
--

CREATE INDEX whitechapel_pages_page_images_1a63c800 ON whitechapel_pages_page_images USING btree (page_id);


--
-- Name: whitechapel_pages_page_images_f33175e6; Type: INDEX; Schema: public; Owner: whitechapel_geodjango; Tablespace: 
--

CREATE INDEX whitechapel_pages_page_images_f33175e6 ON whitechapel_pages_page_images USING btree (image_id);


--
-- Name: whitechapel_pages_page_media_1a63c800; Type: INDEX; Schema: public; Owner: whitechapel_geodjango; Tablespace: 
--

CREATE INDEX whitechapel_pages_page_media_1a63c800 ON whitechapel_pages_page_media USING btree (page_id);


--
-- Name: whitechapel_pages_page_media_35bf24f6; Type: INDEX; Schema: public; Owner: whitechapel_geodjango; Tablespace: 
--

CREATE INDEX whitechapel_pages_page_media_35bf24f6 ON whitechapel_pages_page_media USING btree (media_id);


--
-- Name: auth_content_type_id_508cf46651277a81_fk_django_content_type_id; Type: FK CONSTRAINT; Schema: public; Owner: whitechapel_geodjango
--

ALTER TABLE ONLY auth_permission
    ADD CONSTRAINT auth_content_type_id_508cf46651277a81_fk_django_content_type_id FOREIGN KEY (content_type_id) REFERENCES django_content_type(id) DEFERRABLE INITIALLY DEFERRED;


--
-- Name: auth_group_permissio_group_id_689710a9a73b7457_fk_auth_group_id; Type: FK CONSTRAINT; Schema: public; Owner: whitechapel_geodjango
--

ALTER TABLE ONLY auth_group_permissions
    ADD CONSTRAINT auth_group_permissio_group_id_689710a9a73b7457_fk_auth_group_id FOREIGN KEY (group_id) REFERENCES auth_group(id) DEFERRABLE INITIALLY DEFERRED;


--
-- Name: auth_group_permission_id_1f49ccbbdc69d2fc_fk_auth_permission_id; Type: FK CONSTRAINT; Schema: public; Owner: whitechapel_geodjango
--

ALTER TABLE ONLY auth_group_permissions
    ADD CONSTRAINT auth_group_permission_id_1f49ccbbdc69d2fc_fk_auth_permission_id FOREIGN KEY (permission_id) REFERENCES auth_permission(id) DEFERRABLE INITIALLY DEFERRED;


--
-- Name: auth_user__permission_id_384b62483d7071f0_fk_auth_permission_id; Type: FK CONSTRAINT; Schema: public; Owner: whitechapel_geodjango
--

ALTER TABLE ONLY auth_user_user_permissions
    ADD CONSTRAINT auth_user__permission_id_384b62483d7071f0_fk_auth_permission_id FOREIGN KEY (permission_id) REFERENCES auth_permission(id) DEFERRABLE INITIALLY DEFERRED;


--
-- Name: auth_user_groups_group_id_33ac548dcf5f8e37_fk_auth_group_id; Type: FK CONSTRAINT; Schema: public; Owner: whitechapel_geodjango
--

ALTER TABLE ONLY auth_user_groups
    ADD CONSTRAINT auth_user_groups_group_id_33ac548dcf5f8e37_fk_auth_group_id FOREIGN KEY (group_id) REFERENCES auth_group(id) DEFERRABLE INITIALLY DEFERRED;


--
-- Name: auth_user_groups_user_id_4b5ed4ffdb8fd9b0_fk_auth_user_id; Type: FK CONSTRAINT; Schema: public; Owner: whitechapel_geodjango
--

ALTER TABLE ONLY auth_user_groups
    ADD CONSTRAINT auth_user_groups_user_id_4b5ed4ffdb8fd9b0_fk_auth_user_id FOREIGN KEY (user_id) REFERENCES auth_user(id) DEFERRABLE INITIALLY DEFERRED;


--
-- Name: auth_user_user_permiss_user_id_7f0938558328534a_fk_auth_user_id; Type: FK CONSTRAINT; Schema: public; Owner: whitechapel_geodjango
--

ALTER TABLE ONLY auth_user_user_permissions
    ADD CONSTRAINT auth_user_user_permiss_user_id_7f0938558328534a_fk_auth_user_id FOREIGN KEY (user_id) REFERENCES auth_user(id) DEFERRABLE INITIALLY DEFERRED;


--
-- Name: djan_content_type_id_697914295151027a_fk_django_content_type_id; Type: FK CONSTRAINT; Schema: public; Owner: whitechapel_geodjango
--

ALTER TABLE ONLY django_admin_log
    ADD CONSTRAINT djan_content_type_id_697914295151027a_fk_django_content_type_id FOREIGN KEY (content_type_id) REFERENCES django_content_type(id) DEFERRABLE INITIALLY DEFERRED;


--
-- Name: django_admin_log_user_id_52fdd58701c5f563_fk_auth_user_id; Type: FK CONSTRAINT; Schema: public; Owner: whitechapel_geodjango
--

ALTER TABLE ONLY django_admin_log
    ADD CONSTRAINT django_admin_log_user_id_52fdd58701c5f563_fk_auth_user_id FOREIGN KEY (user_id) REFERENCES auth_user(id) DEFERRABLE INITIALLY DEFERRED;


--
-- Name: e_thumbnail_id_29ad34faceb3c17c_fk_easy_thumbnails_thumbnail_id; Type: FK CONSTRAINT; Schema: public; Owner: whitechapel_geodjango
--

ALTER TABLE ONLY easy_thumbnails_thumbnaildimensions
    ADD CONSTRAINT e_thumbnail_id_29ad34faceb3c17c_fk_easy_thumbnails_thumbnail_id FOREIGN KEY (thumbnail_id) REFERENCES easy_thumbnails_thumbnail(id) DEFERRABLE INITIALLY DEFERRED;


--
-- Name: easy_th_source_id_50b260de7106e1b7_fk_easy_thumbnails_source_id; Type: FK CONSTRAINT; Schema: public; Owner: whitechapel_geodjango
--

ALTER TABLE ONLY easy_thumbnails_thumbnail
    ADD CONSTRAINT easy_th_source_id_50b260de7106e1b7_fk_easy_thumbnails_source_id FOREIGN KEY (source_id) REFERENCES easy_thumbnails_source(id) DEFERRABLE INITIALLY DEFERRED;


--
-- Name: map_do_document_type_id_3af995a4b750641f_fk_map_documenttype_id; Type: FK CONSTRAINT; Schema: public; Owner: whitechapel_geodjango
--

ALTER TABLE ONLY map_document
    ADD CONSTRAINT map_do_document_type_id_3af995a4b750641f_fk_map_documenttype_id FOREIGN KEY (document_type_id) REFERENCES map_documenttype(id) DEFERRABLE INITIALLY DEFERRED;


--
-- Name: map_document_author_id_e901852b2f9bdc5_fk_auth_user_id; Type: FK CONSTRAINT; Schema: public; Owner: whitechapel_geodjango
--

ALTER TABLE ONLY map_document
    ADD CONSTRAINT map_document_author_id_e901852b2f9bdc5_fk_auth_user_id FOREIGN KEY (author_id) REFERENCES auth_user(id) DEFERRABLE INITIALLY DEFERRED;


--
-- Name: map_document_feature_id_40e365b7c66ae21d_fk; Type: FK CONSTRAINT; Schema: public; Owner: whitechapel_geodjango
--

ALTER TABLE ONLY map_document
    ADD CONSTRAINT map_document_feature_id_40e365b7c66ae21d_fk FOREIGN KEY (feature_id) REFERENCES map_feature(id) DEFERRABLE INITIALLY DEFERRED;


--
-- Name: map_feature_cat_category_id_43999b5f07db73dc_fk_map_category_id; Type: FK CONSTRAINT; Schema: public; Owner: whitechapel_geodjango
--

ALTER TABLE ONLY map_feature_categories
    ADD CONSTRAINT map_feature_cat_category_id_43999b5f07db73dc_fk_map_category_id FOREIGN KEY (category_id) REFERENCES map_category(id) DEFERRABLE INITIALLY DEFERRED;


--
-- Name: map_feature_categ_feature_id_782bd935402e575f_fk_map_feature_id; Type: FK CONSTRAINT; Schema: public; Owner: whitechapel_geodjango
--

ALTER TABLE ONLY map_feature_categories
    ADD CONSTRAINT map_feature_categ_feature_id_782bd935402e575f_fk_map_feature_id FOREIGN KEY (feature_id) REFERENCES map_feature(id) DEFERRABLE INITIALLY DEFERRED;


--
-- Name: map_image_author_id_28d1acb4e34f8010_fk_auth_user_id; Type: FK CONSTRAINT; Schema: public; Owner: whitechapel_geodjango
--

ALTER TABLE ONLY map_image
    ADD CONSTRAINT map_image_author_id_28d1acb4e34f8010_fk_auth_user_id FOREIGN KEY (author_id) REFERENCES auth_user(id) DEFERRABLE INITIALLY DEFERRED;


--
-- Name: map_image_feature_id_2a49f778a1f421de_fk_map_feature_id; Type: FK CONSTRAINT; Schema: public; Owner: whitechapel_geodjango
--

ALTER TABLE ONLY map_image
    ADD CONSTRAINT map_image_feature_id_2a49f778a1f421de_fk_map_feature_id FOREIGN KEY (feature_id) REFERENCES map_feature(id) DEFERRABLE INITIALLY DEFERRED;


--
-- Name: map_media_author_id_554cabe75c742cb_fk_auth_user_id; Type: FK CONSTRAINT; Schema: public; Owner: whitechapel_geodjango
--

ALTER TABLE ONLY map_media
    ADD CONSTRAINT map_media_author_id_554cabe75c742cb_fk_auth_user_id FOREIGN KEY (author_id) REFERENCES auth_user(id) DEFERRABLE INITIALLY DEFERRED;


--
-- Name: map_media_feature_id_11576490c131d12d_fk_map_feature_id; Type: FK CONSTRAINT; Schema: public; Owner: whitechapel_geodjango
--

ALTER TABLE ONLY map_media
    ADD CONSTRAINT map_media_feature_id_11576490c131d12d_fk_map_feature_id FOREIGN KEY (feature_id) REFERENCES map_feature(id) DEFERRABLE INITIALLY DEFERRED;


--
-- Name: map_userprofile_user_id_234d6e9ce2f721a9_fk_auth_user_id; Type: FK CONSTRAINT; Schema: public; Owner: whitechapel_geodjango
--

ALTER TABLE ONLY map_userprofile
    ADD CONSTRAINT map_userprofile_user_id_234d6e9ce2f721a9_fk_auth_user_id FOREIGN KEY (user_id) REFERENCES auth_user(id) DEFERRABLE INITIALLY DEFERRED;


--
-- Name: tagg_content_type_id_62e0524705c3ec8f_fk_django_content_type_id; Type: FK CONSTRAINT; Schema: public; Owner: whitechapel_geodjango
--

ALTER TABLE ONLY taggit_taggeditem
    ADD CONSTRAINT tagg_content_type_id_62e0524705c3ec8f_fk_django_content_type_id FOREIGN KEY (content_type_id) REFERENCES django_content_type(id) DEFERRABLE INITIALLY DEFERRED;


--
-- Name: taggit_taggeditem_tag_id_6318217c0d95e0d2_fk_taggit_tag_id; Type: FK CONSTRAINT; Schema: public; Owner: whitechapel_geodjango
--

ALTER TABLE ONLY taggit_taggeditem
    ADD CONSTRAINT taggit_taggeditem_tag_id_6318217c0d95e0d2_fk_taggit_tag_id FOREIGN KEY (tag_id) REFERENCES taggit_tag(id) DEFERRABLE INITIALLY DEFERRED;


--
-- Name: whitechap_page_id_140a236106107a32_fk_whitechapel_pages_page_id; Type: FK CONSTRAINT; Schema: public; Owner: whitechapel_geodjango
--

ALTER TABLE ONLY whitechapel_pages_page_images
    ADD CONSTRAINT whitechap_page_id_140a236106107a32_fk_whitechapel_pages_page_id FOREIGN KEY (page_id) REFERENCES whitechapel_pages_page(id) DEFERRABLE INITIALLY DEFERRED;


--
-- Name: whitechap_page_id_1a27c21e135ab3b9_fk_whitechapel_pages_page_id; Type: FK CONSTRAINT; Schema: public; Owner: whitechapel_geodjango
--

ALTER TABLE ONLY whitechapel_pages_page_features
    ADD CONSTRAINT whitechap_page_id_1a27c21e135ab3b9_fk_whitechapel_pages_page_id FOREIGN KEY (page_id) REFERENCES whitechapel_pages_page(id) DEFERRABLE INITIALLY DEFERRED;


--
-- Name: whitechap_page_id_2e19275f7adfb24d_fk_whitechapel_pages_page_id; Type: FK CONSTRAINT; Schema: public; Owner: whitechapel_geodjango
--

ALTER TABLE ONLY whitechapel_pages_page_media
    ADD CONSTRAINT whitechap_page_id_2e19275f7adfb24d_fk_whitechapel_pages_page_id FOREIGN KEY (page_id) REFERENCES whitechapel_pages_page(id) DEFERRABLE INITIALLY DEFERRED;


--
-- Name: whitechap_page_id_52cb2dc375bd12c5_fk_whitechapel_pages_page_id; Type: FK CONSTRAINT; Schema: public; Owner: whitechapel_geodjango
--

ALTER TABLE ONLY whitechapel_pages_page_documents
    ADD CONSTRAINT whitechap_page_id_52cb2dc375bd12c5_fk_whitechapel_pages_page_id FOREIGN KEY (page_id) REFERENCES whitechapel_pages_page(id) DEFERRABLE INITIALLY DEFERRED;


--
-- Name: whitechapel_pag_document_id_20648fd2c6b1142b_fk_map_document_id; Type: FK CONSTRAINT; Schema: public; Owner: whitechapel_geodjango
--

ALTER TABLE ONLY whitechapel_pages_page_documents
    ADD CONSTRAINT whitechapel_pag_document_id_20648fd2c6b1142b_fk_map_document_id FOREIGN KEY (document_id) REFERENCES map_document(id) DEFERRABLE INITIALLY DEFERRED;


--
-- Name: whitechapel_pages__feature_id_f2535f456da966b_fk_map_feature_id; Type: FK CONSTRAINT; Schema: public; Owner: whitechapel_geodjango
--

ALTER TABLE ONLY whitechapel_pages_page_features
    ADD CONSTRAINT whitechapel_pages__feature_id_f2535f456da966b_fk_map_feature_id FOREIGN KEY (feature_id) REFERENCES map_feature(id) DEFERRABLE INITIALLY DEFERRED;


--
-- Name: whitechapel_pages_pag_image_id_218d84f0548f430b_fk_map_image_id; Type: FK CONSTRAINT; Schema: public; Owner: whitechapel_geodjango
--

ALTER TABLE ONLY whitechapel_pages_page_images
    ADD CONSTRAINT whitechapel_pages_pag_image_id_218d84f0548f430b_fk_map_image_id FOREIGN KEY (image_id) REFERENCES map_image(id) DEFERRABLE INITIALLY DEFERRED;


--
-- Name: whitechapel_pages_pag_media_id_7da515ef2834fd4b_fk_map_media_id; Type: FK CONSTRAINT; Schema: public; Owner: whitechapel_geodjango
--

ALTER TABLE ONLY whitechapel_pages_page_media
    ADD CONSTRAINT whitechapel_pages_pag_media_id_7da515ef2834fd4b_fk_map_media_id FOREIGN KEY (media_id) REFERENCES map_media(id) DEFERRABLE INITIALLY DEFERRED;


--
-- Name: public; Type: ACL; Schema: -; Owner: postgres
--

REVOKE ALL ON SCHEMA public FROM PUBLIC;
REVOKE ALL ON SCHEMA public FROM postgres;
GRANT ALL ON SCHEMA public TO postgres;
GRANT ALL ON SCHEMA public TO PUBLIC;


--
-- PostgreSQL database dump complete
--

